Id_Sample,AdviceResult,TrueResult,Metric,SendedBy
0,0.0,0.0,VN,IDS 1
228,0.0,0.0,VN,IDS 1
230,0.0,0.0,VN,IDS 1
231,0.0,0.0,VN,IDS 1
232,0.0,0.0,VN,IDS 1
234,0.0,0.0,VN,IDS 1
235,0.0,0.0,VN,IDS 1
236,0.0,0.0,VN,IDS 1
239,0.0,0.0,VN,IDS 1
241,0.0,0.0,VN,IDS 1
242,0.0,0.0,VN,IDS 1
243,0.0,0.0,VN,IDS 1
244,0.0,0.0,VN,IDS 1
245,0.0,0.0,VN,IDS 1
247,0.0,0.0,VN,IDS 1
248,0.0,0.0,VN,IDS 1
249,0.0,0.0,VN,IDS 1
250,0.0,0.0,VN,IDS 1
251,0.0,0.0,VN,IDS 1
252,0.0,0.0,VN,IDS 1
253,1.0,0.0,FP,IDS 1
254,0.0,0.0,VN,IDS 1
255,0.0,0.0,VN,IDS 1
256,0.0,0.0,VN,IDS 1
261,0.0,0.0,VN,IDS 1
262,0.0,0.0,VN,IDS 1
263,1.0,0.0,FP,IDS 1
266,0.0,0.0,VN,IDS 1
268,0.0,0.0,VN,IDS 1
270,0.0,0.0,VN,IDS 1
278,0.0,0.0,VN,IDS 1
280,0.0,0.0,VN,IDS 1
281,0.0,0.0,VN,IDS 1
284,0.0,0.0,VN,IDS 1
287,0.0,0.0,VN,IDS 1
289,0.0,0.0,VN,IDS 1
291,0.0,0.0,VN,IDS 1
292,0.0,0.0,VN,IDS 1
293,0.0,0.0,VN,IDS 1
294,0.0,0.0,VN,IDS 1
295,0.0,0.0,VN,IDS 1
297,0.0,0.0,VN,IDS 1
298,0.0,0.0,VN,IDS 1
299,0.0,0.0,VN,IDS 1
300,0.0,0.0,VN,IDS 1
301,0.0,0.0,VN,IDS 1
302,0.0,0.0,VN,IDS 1
303,0.0,0.0,VN,IDS 1
306,1.0,0.0,FP,IDS 1
308,0.0,0.0,VN,IDS 1
309,0.0,0.0,VN,IDS 1
310,0.0,0.0,VN,IDS 1
311,0.0,0.0,VN,IDS 1
313,1.0,0.0,FP,IDS 1
314,0.0,0.0,VN,IDS 1
315,0.0,0.0,VN,IDS 1
317,0.0,0.0,VN,IDS 1
319,0.0,0.0,VN,IDS 1
320,0.0,0.0,VN,IDS 1
321,0.0,0.0,VN,IDS 1
322,0.0,0.0,VN,IDS 1
271,0.0,0.0,VN,IDS 1
272,0.0,0.0,VN,IDS 1
273,0.0,0.0,VN,IDS 1
275,0.0,0.0,VN,IDS 1
276,0.0,0.0,VN,IDS 1
324,0.0,0.0,VN,IDS 1
369,0.0,0.0,VN,IDS 1
370,0.0,0.0,VN,IDS 1
371,0.0,0.0,VN,IDS 1
373,0.0,0.0,VN,IDS 1
374,0.0,0.0,VN,IDS 1
375,0.0,0.0,VN,IDS 1
376,0.0,0.0,VN,IDS 1
378,0.0,0.0,VN,IDS 1
379,0.0,0.0,VN,IDS 1
381,0.0,0.0,VN,IDS 1
382,0.0,0.0,VN,IDS 1
385,0.0,0.0,VN,IDS 1
386,0.0,0.0,VN,IDS 1
389,0.0,0.0,VN,IDS 1
390,0.0,0.0,VN,IDS 1
391,0.0,0.0,VN,IDS 1
392,0.0,0.0,VN,IDS 1
393,0.0,0.0,VN,IDS 1
394,0.0,0.0,VN,IDS 1
395,0.0,0.0,VN,IDS 1
397,0.0,0.0,VN,IDS 1
398,0.0,0.0,VN,IDS 1
399,0.0,0.0,VN,IDS 1
400,0.0,0.0,VN,IDS 1
402,0.0,0.0,VN,IDS 1
403,0.0,0.0,VN,IDS 1
404,0.0,0.0,VN,IDS 1
405,0.0,0.0,VN,IDS 1
406,0.0,0.0,VN,IDS 1
407,0.0,0.0,VN,IDS 1
409,0.0,0.0,VN,IDS 1
410,0.0,0.0,VN,IDS 1
411,0.0,0.0,VN,IDS 1
412,0.0,0.0,VN,IDS 1
413,0.0,0.0,VN,IDS 1
414,0.0,0.0,VN,IDS 1
416,0.0,0.0,VN,IDS 1
417,0.0,0.0,VN,IDS 1
418,0.0,0.0,VN,IDS 1
421,0.0,0.0,VN,IDS 1
422,0.0,0.0,VN,IDS 1
423,0.0,0.0,VN,IDS 1
424,0.0,0.0,VN,IDS 1
426,0.0,0.0,VN,IDS 1
427,0.0,0.0,VN,IDS 1
466,0.0,0.0,VN,IDS 1
467,0.0,0.0,VN,IDS 1
468,0.0,0.0,VN,IDS 1
469,0.0,0.0,VN,IDS 1
470,0.0,0.0,VN,IDS 1
471,0.0,0.0,VN,IDS 1
472,0.0,0.0,VN,IDS 1
474,0.0,0.0,VN,IDS 1
475,0.0,0.0,VN,IDS 1
536,0.0,0.0,VN,IDS 1
537,0.0,0.0,VN,IDS 1
539,0.0,0.0,VN,IDS 1
540,0.0,0.0,VN,IDS 1
543,0.0,0.0,VN,IDS 1
544,0.0,0.0,VN,IDS 1
546,0.0,0.0,VN,IDS 1
547,0.0,0.0,VN,IDS 1
548,0.0,0.0,VN,IDS 1
550,0.0,0.0,VN,IDS 1
553,0.0,0.0,VN,IDS 1
476,0.0,0.0,VN,IDS 1
478,0.0,0.0,VN,IDS 1
480,0.0,0.0,VN,IDS 1
481,0.0,0.0,VN,IDS 1
482,0.0,0.0,VN,IDS 1
484,0.0,0.0,VN,IDS 1
487,0.0,0.0,VN,IDS 1
488,0.0,0.0,VN,IDS 1
490,0.0,0.0,VN,IDS 1
492,0.0,0.0,VN,IDS 1
493,0.0,0.0,VN,IDS 1
495,0.0,0.0,VN,IDS 1
499,0.0,0.0,VN,IDS 1
528,0.0,0.0,VN,IDS 1
529,0.0,0.0,VN,IDS 1
530,0.0,0.0,VN,IDS 1
532,0.0,0.0,VN,IDS 1
534,0.0,0.0,VN,IDS 1
535,0.0,0.0,VN,IDS 1
554,0.0,0.0,VN,IDS 1
555,0.0,0.0,VN,IDS 1
556,0.0,0.0,VN,IDS 1
557,0.0,0.0,VN,IDS 1
636,0.0,0.0,VN,IDS 1
638,0.0,0.0,VN,IDS 1
639,0.0,0.0,VN,IDS 1
641,0.0,0.0,VN,IDS 1
643,0.0,0.0,VN,IDS 1
647,0.0,0.0,VN,IDS 1
649,0.0,0.0,VN,IDS 1
651,0.0,0.0,VN,IDS 1
652,0.0,0.0,VN,IDS 1
653,0.0,0.0,VN,IDS 1
655,0.0,0.0,VN,IDS 1
656,0.0,0.0,VN,IDS 1
660,0.0,0.0,VN,IDS 1
664,0.0,0.0,VN,IDS 1
665,0.0,0.0,VN,IDS 1
666,0.0,0.0,VN,IDS 1
667,0.0,0.0,VN,IDS 1
668,0.0,0.0,VN,IDS 1
669,0.0,0.0,VN,IDS 1
671,0.0,0.0,VN,IDS 1
674,0.0,0.0,VN,IDS 1
742,0.0,0.0,VN,IDS 1
743,0.0,0.0,VN,IDS 1
744,0.0,0.0,VN,IDS 1
745,0.0,0.0,VN,IDS 1
746,0.0,0.0,VN,IDS 1
748,1.0,0.0,FP,IDS 1
749,1.0,0.0,FP,IDS 1
751,0.0,0.0,VN,IDS 1
747,0.0,0.0,VN,IDS 1
752,0.0,0.0,VN,IDS 1
753,0.0,0.0,VN,IDS 1
754,0.0,0.0,VN,IDS 1
757,0.0,0.0,VN,IDS 1
758,0.0,0.0,VN,IDS 1
759,0.0,0.0,VN,IDS 1
761,0.0,0.0,VN,IDS 1
765,0.0,0.0,VN,IDS 1
766,0.0,0.0,VN,IDS 1
767,0.0,0.0,VN,IDS 1
768,0.0,0.0,VN,IDS 1
770,0.0,0.0,VN,IDS 1
771,0.0,0.0,VN,IDS 1
772,0.0,0.0,VN,IDS 1
773,1.0,0.0,FP,IDS 1
804,0.0,0.0,VN,IDS 1
805,0.0,0.0,VN,IDS 1
809,0.0,0.0,VN,IDS 1
810,0.0,0.0,VN,IDS 1
812,0.0,0.0,VN,IDS 1
813,0.0,0.0,VN,IDS 1
815,0.0,0.0,VN,IDS 1
816,0.0,0.0,VN,IDS 1
819,0.0,0.0,VN,IDS 1
821,0.0,0.0,VN,IDS 1
823,0.0,0.0,VN,IDS 1
824,0.0,0.0,VN,IDS 1
826,0.0,0.0,VN,IDS 1
827,0.0,0.0,VN,IDS 1
828,0.0,0.0,VN,IDS 1
834,0.0,0.0,VN,IDS 1
836,0.0,0.0,VN,IDS 1
839,1.0,0.0,FP,IDS 1
841,0.0,0.0,VN,IDS 1
842,0.0,0.0,VN,IDS 1
843,0.0,0.0,VN,IDS 1
921,0.0,0.0,VN,IDS 1
922,0.0,0.0,VN,IDS 1
923,0.0,0.0,VN,IDS 1
924,0.0,0.0,VN,IDS 1
925,0.0,0.0,VN,IDS 1
926,0.0,0.0,VN,IDS 1
927,0.0,0.0,VN,IDS 1
928,0.0,0.0,VN,IDS 1
929,0.0,0.0,VN,IDS 1
930,0.0,0.0,VN,IDS 1
931,0.0,0.0,VN,IDS 1
932,0.0,0.0,VN,IDS 1
934,0.0,0.0,VN,IDS 1
935,0.0,0.0,VN,IDS 1
936,0.0,0.0,VN,IDS 1
938,0.0,0.0,VN,IDS 1
942,0.0,0.0,VN,IDS 1
945,0.0,0.0,VN,IDS 1
1055,0.0,0.0,VN,IDS 1
1056,0.0,0.0,VN,IDS 1
1057,0.0,0.0,VN,IDS 1
1058,0.0,0.0,VN,IDS 1
1059,0.0,0.0,VN,IDS 1
1060,0.0,0.0,VN,IDS 1
1062,0.0,0.0,VN,IDS 1
1063,0.0,0.0,VN,IDS 1
1065,0.0,0.0,VN,IDS 1
1066,0.0,0.0,VN,IDS 1
1068,0.0,0.0,VN,IDS 1
1070,0.0,0.0,VN,IDS 1
1072,0.0,0.0,VN,IDS 1
1073,1.0,0.0,FP,IDS 1
1074,0.0,0.0,VN,IDS 1
1076,0.0,0.0,VN,IDS 1
1077,0.0,0.0,VN,IDS 1
1078,0.0,0.0,VN,IDS 1
1081,0.0,0.0,VN,IDS 1
1082,0.0,0.0,VN,IDS 1
1084,0.0,0.0,VN,IDS 1
1145,0.0,0.0,VN,IDS 1
1146,0.0,0.0,VN,IDS 1
1147,0.0,0.0,VN,IDS 1
1150,0.0,0.0,VN,IDS 1
1151,0.0,0.0,VN,IDS 1
1152,0.0,0.0,VN,IDS 1
1153,0.0,0.0,VN,IDS 1
1154,0.0,0.0,VN,IDS 1
1155,0.0,0.0,VN,IDS 1
1156,0.0,0.0,VN,IDS 1
1157,0.0,0.0,VN,IDS 1
1158,0.0,0.0,VN,IDS 1
1159,0.0,0.0,VN,IDS 1
1160,0.0,0.0,VN,IDS 1
1161,0.0,0.0,VN,IDS 1
1162,0.0,0.0,VN,IDS 1
1163,0.0,0.0,VN,IDS 1
1166,0.0,0.0,VN,IDS 1
1168,0.0,0.0,VN,IDS 1
1169,0.0,0.0,VN,IDS 1
1170,0.0,0.0,VN,IDS 1
1171,0.0,0.0,VN,IDS 1
1173,0.0,0.0,VN,IDS 1
1174,0.0,0.0,VN,IDS 1
1175,0.0,0.0,VN,IDS 1
1176,0.0,0.0,VN,IDS 1
1180,0.0,0.0,VN,IDS 1
1184,0.0,0.0,VN,IDS 1
1185,0.0,0.0,VN,IDS 1
1186,0.0,0.0,VN,IDS 1
1187,1.0,0.0,FP,IDS 1
1190,0.0,0.0,VN,IDS 1
1193,0.0,0.0,VN,IDS 1
946,0.0,0.0,VN,IDS 1
947,0.0,0.0,VN,IDS 1
950,0.0,0.0,VN,IDS 1
1052,0.0,0.0,VN,IDS 1
1053,0.0,0.0,VN,IDS 1
1195,0.0,0.0,VN,IDS 1
1196,0.0,0.0,VN,IDS 1
1197,0.0,0.0,VN,IDS 1
1200,0.0,0.0,VN,IDS 1
1201,0.0,0.0,VN,IDS 1
1202,0.0,0.0,VN,IDS 1
1348,0.0,0.0,VN,IDS 1
1349,0.0,0.0,VN,IDS 1
1350,0.0,0.0,VN,IDS 1
1351,0.0,0.0,VN,IDS 1
1352,0.0,0.0,VN,IDS 1
1354,0.0,0.0,VN,IDS 1
1356,0.0,0.0,VN,IDS 1
1359,0.0,0.0,VN,IDS 1
1363,0.0,0.0,VN,IDS 1
1364,0.0,0.0,VN,IDS 1
1365,0.0,0.0,VN,IDS 1
1368,0.0,0.0,VN,IDS 1
1369,0.0,0.0,VN,IDS 1
1370,0.0,0.0,VN,IDS 1
1371,0.0,0.0,VN,IDS 1
1372,0.0,0.0,VN,IDS 1
1373,0.0,0.0,VN,IDS 1
1375,0.0,0.0,VN,IDS 1
1378,0.0,0.0,VN,IDS 1
1379,0.0,0.0,VN,IDS 1
1380,0.0,0.0,VN,IDS 1
1382,0.0,0.0,VN,IDS 1
1383,0.0,0.0,VN,IDS 1
1386,0.0,0.0,VN,IDS 1
1387,0.0,0.0,VN,IDS 1
1391,0.0,0.0,VN,IDS 1
1392,0.0,0.0,VN,IDS 1
1393,0.0,0.0,VN,IDS 1
1394,0.0,0.0,VN,IDS 1
1667,0.0,0.0,VN,IDS 1
1668,0.0,0.0,VN,IDS 1
1669,0.0,0.0,VN,IDS 1
1670,0.0,0.0,VN,IDS 1
1671,0.0,0.0,VN,IDS 1
1672,0.0,0.0,VN,IDS 1
1673,0.0,0.0,VN,IDS 1
1675,0.0,0.0,VN,IDS 1
1676,0.0,0.0,VN,IDS 1
1677,0.0,0.0,VN,IDS 1
1678,0.0,0.0,VN,IDS 1
1679,0.0,0.0,VN,IDS 1
1681,0.0,0.0,VN,IDS 1
1683,0.0,0.0,VN,IDS 1
1685,0.0,0.0,VN,IDS 1
1686,1.0,0.0,FP,IDS 1
1688,0.0,0.0,VN,IDS 1
1690,0.0,0.0,VN,IDS 1
1691,0.0,0.0,VN,IDS 1
1692,0.0,0.0,VN,IDS 1
1693,0.0,0.0,VN,IDS 1
1694,0.0,0.0,VN,IDS 1
1695,0.0,0.0,VN,IDS 1
1696,0.0,0.0,VN,IDS 1
1205,0.0,0.0,VN,IDS 1
1206,0.0,0.0,VN,IDS 1
1208,0.0,0.0,VN,IDS 1
1209,0.0,0.0,VN,IDS 1
1318,0.0,0.0,VN,IDS 1
1320,0.0,0.0,VN,IDS 1
1322,0.0,0.0,VN,IDS 1
1326,0.0,0.0,VN,IDS 1
1328,0.0,0.0,VN,IDS 1
1330,0.0,0.0,VN,IDS 1
1332,0.0,0.0,VN,IDS 1
1337,0.0,0.0,VN,IDS 1
1338,0.0,0.0,VN,IDS 1
1339,0.0,0.0,VN,IDS 1
1340,0.0,0.0,VN,IDS 1
1341,0.0,0.0,VN,IDS 1
1342,0.0,0.0,VN,IDS 1
1344,0.0,0.0,VN,IDS 1
1346,0.0,0.0,VN,IDS 1
1698,0.0,0.0,VN,IDS 1
1702,0.0,0.0,VN,IDS 1
1703,0.0,0.0,VN,IDS 1
1706,0.0,0.0,VN,IDS 1
1707,1.0,0.0,FP,IDS 1
1708,0.0,0.0,VN,IDS 1
1709,0.0,0.0,VN,IDS 1
1710,0.0,0.0,VN,IDS 1
1711,0.0,0.0,VN,IDS 1
1894,0.0,0.0,VN,IDS 1
1898,0.0,0.0,VN,IDS 1
1900,0.0,0.0,VN,IDS 1
1901,0.0,0.0,VN,IDS 1
1902,0.0,0.0,VN,IDS 1
1904,0.0,0.0,VN,IDS 1
1906,0.0,0.0,VN,IDS 1
1907,0.0,0.0,VN,IDS 1
1908,0.0,0.0,VN,IDS 1
1909,0.0,0.0,VN,IDS 1
1910,0.0,0.0,VN,IDS 1
1911,0.0,0.0,VN,IDS 1
1913,0.0,0.0,VN,IDS 1
1915,0.0,0.0,VN,IDS 1
1917,0.0,0.0,VN,IDS 1
2238,0.0,0.0,VN,IDS 1
2239,0.0,0.0,VN,IDS 1
2242,0.0,0.0,VN,IDS 1
2244,0.0,0.0,VN,IDS 1
2247,0.0,0.0,VN,IDS 1
2248,0.0,0.0,VN,IDS 1
1712,0.0,0.0,VN,IDS 1
1713,0.0,0.0,VN,IDS 1
1715,0.0,0.0,VN,IDS 1
1716,0.0,0.0,VN,IDS 1
1719,0.0,0.0,VN,IDS 1
1720,0.0,0.0,VN,IDS 1
1721,0.0,0.0,VN,IDS 1
1722,0.0,0.0,VN,IDS 1
1723,0.0,0.0,VN,IDS 1
1724,0.0,0.0,VN,IDS 1
1726,0.0,0.0,VN,IDS 1
1729,0.0,0.0,VN,IDS 1
1730,0.0,0.0,VN,IDS 1
1732,0.0,0.0,VN,IDS 1
1735,0.0,0.0,VN,IDS 1
1888,0.0,0.0,VN,IDS 1
1889,0.0,0.0,VN,IDS 1
1890,0.0,0.0,VN,IDS 1
1891,1.0,0.0,FP,IDS 1
1892,0.0,0.0,VN,IDS 1
1893,0.0,0.0,VN,IDS 1
2292,0.0,0.0,VN,IDS 1
2293,0.0,0.0,VN,IDS 1
2294,0.0,0.0,VN,IDS 1
2296,0.0,0.0,VN,IDS 1
2297,0.0,0.0,VN,IDS 1
2303,0.0,0.0,VN,IDS 1
2304,0.0,0.0,VN,IDS 1
2305,0.0,0.0,VN,IDS 1
2307,0.0,0.0,VN,IDS 1
2308,0.0,0.0,VN,IDS 1
2341,0.0,0.0,VN,IDS 1
2345,0.0,0.0,VN,IDS 1
2350,0.0,0.0,VN,IDS 1
2351,0.0,0.0,VN,IDS 1
2352,0.0,0.0,VN,IDS 1
2353,0.0,0.0,VN,IDS 1
2356,0.0,0.0,VN,IDS 1
2357,0.0,0.0,VN,IDS 1
2359,0.0,0.0,VN,IDS 1
2360,0.0,0.0,VN,IDS 1
2361,0.0,0.0,VN,IDS 1
2363,0.0,0.0,VN,IDS 1
2365,0.0,0.0,VN,IDS 1
2249,0.0,0.0,VN,IDS 1
2250,0.0,0.0,VN,IDS 1
2251,0.0,0.0,VN,IDS 1
2253,0.0,0.0,VN,IDS 1
2255,0.0,0.0,VN,IDS 1
2257,0.0,0.0,VN,IDS 1
2258,0.0,0.0,VN,IDS 1
2259,0.0,0.0,VN,IDS 1
2260,0.0,0.0,VN,IDS 1
2261,0.0,0.0,VN,IDS 1
2263,0.0,0.0,VN,IDS 1
2264,0.0,0.0,VN,IDS 1
2265,0.0,0.0,VN,IDS 1
2266,0.0,0.0,VN,IDS 1
2267,0.0,0.0,VN,IDS 1
2268,0.0,0.0,VN,IDS 1
2269,0.0,0.0,VN,IDS 1
2273,0.0,0.0,VN,IDS 1
2274,0.0,0.0,VN,IDS 1
2275,0.0,0.0,VN,IDS 1
2276,0.0,0.0,VN,IDS 1
2277,0.0,0.0,VN,IDS 1
2281,0.0,0.0,VN,IDS 1
2284,0.0,0.0,VN,IDS 1
2285,0.0,0.0,VN,IDS 1
2286,0.0,0.0,VN,IDS 1
2288,0.0,0.0,VN,IDS 1
2289,1.0,0.0,FP,IDS 1
2290,0.0,0.0,VN,IDS 1
2291,0.0,0.0,VN,IDS 1
2366,0.0,0.0,VN,IDS 1
2368,0.0,0.0,VN,IDS 1
2369,0.0,0.0,VN,IDS 1
2370,0.0,0.0,VN,IDS 1
2373,0.0,0.0,VN,IDS 1
2375,0.0,0.0,VN,IDS 1
2378,0.0,0.0,VN,IDS 1
2380,0.0,0.0,VN,IDS 1
2381,0.0,0.0,VN,IDS 1
2382,0.0,0.0,VN,IDS 1
2383,0.0,0.0,VN,IDS 1
2385,0.0,0.0,VN,IDS 1
2386,0.0,0.0,VN,IDS 1
2387,0.0,0.0,VN,IDS 1
2388,0.0,0.0,VN,IDS 1
2389,0.0,0.0,VN,IDS 1
2391,0.0,0.0,VN,IDS 1
2392,1.0,0.0,FP,IDS 1
2402,0.0,0.0,VN,IDS 1
2407,0.0,0.0,VN,IDS 1
2408,0.0,0.0,VN,IDS 1
2409,0.0,0.0,VN,IDS 1
2411,0.0,0.0,VN,IDS 1
2413,0.0,0.0,VN,IDS 1
2496,0.0,0.0,VN,IDS 1
2534,0.0,0.0,VN,IDS 1
2536,0.0,0.0,VN,IDS 1
2539,0.0,0.0,VN,IDS 1
2540,0.0,0.0,VN,IDS 1
2543,0.0,0.0,VN,IDS 1
2544,0.0,0.0,VN,IDS 1
2545,0.0,0.0,VN,IDS 1
2546,0.0,0.0,VN,IDS 1
2547,0.0,0.0,VN,IDS 1
2550,0.0,0.0,VN,IDS 1
2551,0.0,0.0,VN,IDS 1
2552,0.0,0.0,VN,IDS 1
2553,0.0,0.0,VN,IDS 1
2554,0.0,0.0,VN,IDS 1
2556,0.0,0.0,VN,IDS 1
2557,0.0,0.0,VN,IDS 1
2558,0.0,0.0,VN,IDS 1
2560,0.0,0.0,VN,IDS 1
2561,0.0,0.0,VN,IDS 1
2562,0.0,0.0,VN,IDS 1
2566,0.0,0.0,VN,IDS 1
2567,1.0,0.0,FP,IDS 1
2569,0.0,0.0,VN,IDS 1
2572,0.0,0.0,VN,IDS 1
2575,0.0,0.0,VN,IDS 1
2576,0.0,0.0,VN,IDS 1
2578,0.0,0.0,VN,IDS 1
2579,0.0,0.0,VN,IDS 1
2581,0.0,0.0,VN,IDS 1
2583,0.0,0.0,VN,IDS 1
2584,0.0,0.0,VN,IDS 1
2585,0.0,0.0,VN,IDS 1
2586,1.0,0.0,FP,IDS 1
2416,0.0,0.0,VN,IDS 1
2417,0.0,0.0,VN,IDS 1
2421,0.0,0.0,VN,IDS 1
2422,0.0,0.0,VN,IDS 1
2424,0.0,0.0,VN,IDS 1
2465,0.0,0.0,VN,IDS 1
2467,0.0,0.0,VN,IDS 1
2468,0.0,0.0,VN,IDS 1
2471,0.0,0.0,VN,IDS 1
2472,0.0,0.0,VN,IDS 1
2473,0.0,0.0,VN,IDS 1
2474,0.0,0.0,VN,IDS 1
2476,0.0,0.0,VN,IDS 1
2477,0.0,0.0,VN,IDS 1
2480,0.0,0.0,VN,IDS 1
2481,0.0,0.0,VN,IDS 1
2482,0.0,0.0,VN,IDS 1
2483,0.0,0.0,VN,IDS 1
2484,0.0,0.0,VN,IDS 1
2485,0.0,0.0,VN,IDS 1
2486,0.0,0.0,VN,IDS 1
2487,0.0,0.0,VN,IDS 1
2491,0.0,0.0,VN,IDS 1
2493,0.0,0.0,VN,IDS 1
2494,0.0,0.0,VN,IDS 1
2587,0.0,0.0,VN,IDS 1
2588,1.0,0.0,FP,IDS 1
2589,0.0,0.0,VN,IDS 1
2590,0.0,0.0,VN,IDS 1
2591,0.0,0.0,VN,IDS 1
2593,0.0,0.0,VN,IDS 1
2594,0.0,0.0,VN,IDS 1
2595,0.0,0.0,VN,IDS 1
2596,0.0,0.0,VN,IDS 1
2597,0.0,0.0,VN,IDS 1
2599,0.0,0.0,VN,IDS 1
2600,0.0,0.0,VN,IDS 1
2601,0.0,0.0,VN,IDS 1
2602,0.0,0.0,VN,IDS 1
2603,0.0,0.0,VN,IDS 1
2604,0.0,0.0,VN,IDS 1
2605,0.0,0.0,VN,IDS 1
2857,0.0,0.0,VN,IDS 1
2858,0.0,0.0,VN,IDS 1
2861,0.0,0.0,VN,IDS 1
2862,0.0,0.0,VN,IDS 1
2863,0.0,0.0,VN,IDS 1
2864,0.0,0.0,VN,IDS 1
2866,0.0,0.0,VN,IDS 1
2867,0.0,0.0,VN,IDS 1
2868,0.0,0.0,VN,IDS 1
2869,0.0,0.0,VN,IDS 1
2870,0.0,0.0,VN,IDS 1
2871,0.0,0.0,VN,IDS 1
2873,0.0,0.0,VN,IDS 1
2876,0.0,0.0,VN,IDS 1
2878,0.0,0.0,VN,IDS 1
2879,0.0,0.0,VN,IDS 1
2880,0.0,0.0,VN,IDS 1
2884,0.0,0.0,VN,IDS 1
2886,0.0,0.0,VN,IDS 1
2887,0.0,0.0,VN,IDS 1
38,0.0,0.0,VN,IDS 1
40,0.0,0.0,VN,IDS 1
41,0.0,0.0,VN,IDS 1
43,0.0,0.0,VN,IDS 1
45,0.0,0.0,VN,IDS 1
46,0.0,0.0,VN,IDS 1
47,0.0,0.0,VN,IDS 1
49,0.0,0.0,VN,IDS 1
54,0.0,0.0,VN,IDS 1
55,0.0,0.0,VN,IDS 1
56,1.0,0.0,FP,IDS 1
58,0.0,0.0,VN,IDS 1
59,0.0,0.0,VN,IDS 1
60,0.0,0.0,VN,IDS 1
61,0.0,0.0,VN,IDS 1
64,0.0,0.0,VN,IDS 1
2888,0.0,0.0,VN,IDS 1
2891,0.0,0.0,VN,IDS 1
2892,1.0,0.0,FP,IDS 1
2894,0.0,0.0,VN,IDS 1
2896,0.0,0.0,VN,IDS 1
2899,0.0,0.0,VN,IDS 1
2901,0.0,0.0,VN,IDS 1
2902,0.0,0.0,VN,IDS 1
2908,0.0,0.0,VN,IDS 1
2910,0.0,0.0,VN,IDS 1
2913,0.0,0.0,VN,IDS 1
2914,0.0,0.0,VN,IDS 1
2915,0.0,0.0,VN,IDS 1
2917,0.0,0.0,VN,IDS 1
2919,0.0,0.0,VN,IDS 1
2953,0.0,0.0,VN,IDS 1
2954,0.0,0.0,VN,IDS 1
2956,0.0,0.0,VN,IDS 1
2957,0.0,0.0,VN,IDS 1
2958,0.0,0.0,VN,IDS 1
2959,0.0,0.0,VN,IDS 1
2960,0.0,0.0,VN,IDS 1
2962,0.0,0.0,VN,IDS 1
2963,0.0,0.0,VN,IDS 1
2964,0.0,0.0,VN,IDS 1
2966,0.0,0.0,VN,IDS 1
2967,0.0,0.0,VN,IDS 1
2968,0.0,0.0,VN,IDS 1
2969,0.0,0.0,VN,IDS 1
2970,0.0,0.0,VN,IDS 1
2971,0.0,0.0,VN,IDS 1
2972,0.0,0.0,VN,IDS 1
2973,0.0,0.0,VN,IDS 1
2974,0.0,0.0,VN,IDS 1
2975,0.0,0.0,VN,IDS 1
2976,0.0,0.0,VN,IDS 1
2979,0.0,0.0,VN,IDS 1
3121,0.0,0.0,VN,IDS 1
3124,0.0,0.0,VN,IDS 1
3125,0.0,0.0,VN,IDS 1
3126,0.0,0.0,VN,IDS 1
3127,0.0,0.0,VN,IDS 1
3128,0.0,0.0,VN,IDS 1
3129,0.0,0.0,VN,IDS 1
3130,0.0,0.0,VN,IDS 1
3133,0.0,0.0,VN,IDS 1
3232,0.0,0.0,VN,IDS 1
3233,0.0,0.0,VN,IDS 1
3234,0.0,0.0,VN,IDS 1
3235,0.0,0.0,VN,IDS 1
3236,0.0,0.0,VN,IDS 1
3237,0.0,0.0,VN,IDS 1
3238,0.0,0.0,VN,IDS 1
3239,0.0,0.0,VN,IDS 1
3240,0.0,0.0,VN,IDS 1
3242,0.0,0.0,VN,IDS 1
3244,0.0,0.0,VN,IDS 1
3245,0.0,0.0,VN,IDS 1
3246,0.0,0.0,VN,IDS 1
3248,1.0,0.0,FP,IDS 1
3291,0.0,0.0,VN,IDS 1
3296,0.0,0.0,VN,IDS 1
3297,0.0,0.0,VN,IDS 1
3298,0.0,0.0,VN,IDS 1
3300,1.0,0.0,FP,IDS 1
3303,0.0,0.0,VN,IDS 1
3304,0.0,0.0,VN,IDS 1
3306,0.0,0.0,VN,IDS 1
3307,0.0,0.0,VN,IDS 1
3308,0.0,0.0,VN,IDS 1
3309,0.0,0.0,VN,IDS 1
3310,0.0,0.0,VN,IDS 1
3311,1.0,0.0,FP,IDS 1
3313,0.0,0.0,VN,IDS 1
3314,0.0,0.0,VN,IDS 1
3315,0.0,0.0,VN,IDS 1
3316,0.0,0.0,VN,IDS 1
3319,0.0,0.0,VN,IDS 1
3320,0.0,0.0,VN,IDS 1
3321,1.0,0.0,FP,IDS 1
3323,0.0,0.0,VN,IDS 1
3356,0.0,0.0,VN,IDS 1
3357,0.0,0.0,VN,IDS 1
3366,0.0,0.0,VN,IDS 1
3369,0.0,0.0,VN,IDS 1
3373,0.0,0.0,VN,IDS 1
3374,0.0,0.0,VN,IDS 1
3375,0.0,0.0,VN,IDS 1
3376,0.0,0.0,VN,IDS 1
3377,0.0,0.0,VN,IDS 1
3378,0.0,0.0,VN,IDS 1
3379,0.0,0.0,VN,IDS 1
3380,0.0,0.0,VN,IDS 1
3381,0.0,0.0,VN,IDS 1
3382,0.0,0.0,VN,IDS 1
3383,0.0,0.0,VN,IDS 1
3384,0.0,0.0,VN,IDS 1
3385,0.0,0.0,VN,IDS 1
3386,0.0,0.0,VN,IDS 1
3451,0.0,0.0,VN,IDS 1
3452,0.0,0.0,VN,IDS 1
3453,0.0,0.0,VN,IDS 1
3457,0.0,0.0,VN,IDS 1
3460,0.0,0.0,VN,IDS 1
3491,0.0,0.0,VN,IDS 1
3492,0.0,0.0,VN,IDS 1
3496,0.0,0.0,VN,IDS 1
3497,0.0,0.0,VN,IDS 1
3499,0.0,0.0,VN,IDS 1
3500,0.0,0.0,VN,IDS 1
3501,0.0,0.0,VN,IDS 1
3504,0.0,0.0,VN,IDS 1
3505,0.0,0.0,VN,IDS 1
3507,0.0,0.0,VN,IDS 1
3508,0.0,0.0,VN,IDS 1
3509,0.0,0.0,VN,IDS 1
3511,0.0,0.0,VN,IDS 1
3514,0.0,0.0,VN,IDS 1
3516,0.0,0.0,VN,IDS 1
3518,0.0,0.0,VN,IDS 1
3519,0.0,0.0,VN,IDS 1
3521,0.0,0.0,VN,IDS 1
3522,0.0,0.0,VN,IDS 1
3523,0.0,0.0,VN,IDS 1
3524,0.0,0.0,VN,IDS 1
2607,0.0,0.0,VN,IDS 1
2608,0.0,0.0,VN,IDS 1
2610,0.0,0.0,VN,IDS 1
2612,0.0,0.0,VN,IDS 1
2613,0.0,0.0,VN,IDS 1
2615,0.0,0.0,VN,IDS 1
2617,0.0,0.0,VN,IDS 1
2619,0.0,0.0,VN,IDS 1
2620,0.0,0.0,VN,IDS 1
2621,0.0,0.0,VN,IDS 1
2622,0.0,0.0,VN,IDS 1
2623,0.0,0.0,VN,IDS 1
2624,0.0,0.0,VN,IDS 1
2625,0.0,0.0,VN,IDS 1
2626,0.0,0.0,VN,IDS 1
2627,0.0,0.0,VN,IDS 1
2845,0.0,0.0,VN,IDS 1
2847,0.0,0.0,VN,IDS 1
2849,0.0,0.0,VN,IDS 1
2850,0.0,0.0,VN,IDS 1
2852,0.0,0.0,VN,IDS 1
2854,0.0,0.0,VN,IDS 1
2855,0.0,0.0,VN,IDS 1
65,0.0,0.0,VN,IDS 1
66,0.0,0.0,VN,IDS 1
67,0.0,0.0,VN,IDS 1
74,1.0,0.0,FP,IDS 1
75,0.0,0.0,VN,IDS 1
76,0.0,0.0,VN,IDS 1
77,0.0,0.0,VN,IDS 1
80,0.0,0.0,VN,IDS 1
82,1.0,0.0,FP,IDS 1
84,0.0,0.0,VN,IDS 1
85,0.0,0.0,VN,IDS 1
86,0.0,0.0,VN,IDS 1
87,0.0,0.0,VN,IDS 1
90,0.0,0.0,VN,IDS 1
91,0.0,0.0,VN,IDS 1
3134,0.0,0.0,VN,IDS 1
3135,0.0,0.0,VN,IDS 1
3136,0.0,0.0,VN,IDS 1
3137,0.0,0.0,VN,IDS 1
3139,0.0,0.0,VN,IDS 1
3140,1.0,0.0,FP,IDS 1
3141,0.0,0.0,VN,IDS 1
3144,0.0,0.0,VN,IDS 1
3146,0.0,0.0,VN,IDS 1
3147,0.0,0.0,VN,IDS 1
3148,0.0,0.0,VN,IDS 1
3149,0.0,0.0,VN,IDS 1
3151,0.0,0.0,VN,IDS 1
3219,0.0,0.0,VN,IDS 1
3220,0.0,0.0,VN,IDS 1
3221,0.0,0.0,VN,IDS 1
3225,0.0,0.0,VN,IDS 1
3227,0.0,0.0,VN,IDS 1
3228,0.0,0.0,VN,IDS 1
3229,0.0,0.0,VN,IDS 1
3231,0.0,0.0,VN,IDS 1
3461,0.0,0.0,VN,IDS 1
3462,0.0,0.0,VN,IDS 1
3465,0.0,0.0,VN,IDS 1
3466,0.0,0.0,VN,IDS 1
3467,0.0,0.0,VN,IDS 1
3469,0.0,0.0,VN,IDS 1
3470,0.0,0.0,VN,IDS 1
3471,0.0,0.0,VN,IDS 1
3472,0.0,0.0,VN,IDS 1
3473,0.0,0.0,VN,IDS 1
3474,0.0,0.0,VN,IDS 1
3475,0.0,0.0,VN,IDS 1
3476,0.0,0.0,VN,IDS 1
3477,0.0,0.0,VN,IDS 1
3478,0.0,0.0,VN,IDS 1
3479,0.0,0.0,VN,IDS 1
3481,0.0,0.0,VN,IDS 1
3482,0.0,0.0,VN,IDS 1
3484,0.0,0.0,VN,IDS 1
3485,0.0,0.0,VN,IDS 1
3486,0.0,0.0,VN,IDS 1
3487,0.0,0.0,VN,IDS 1
3490,0.0,0.0,VN,IDS 1
3554,0.0,0.0,VN,IDS 1
3555,0.0,0.0,VN,IDS 1
3557,0.0,0.0,VN,IDS 1
3563,0.0,0.0,VN,IDS 1
3564,0.0,0.0,VN,IDS 1
3569,0.0,0.0,VN,IDS 1
3572,1.0,0.0,FP,IDS 1
3358,0.0,0.0,VN,IDS 1
3359,0.0,0.0,VN,IDS 1
3360,0.0,0.0,VN,IDS 1
3362,0.0,0.0,VN,IDS 1
3363,0.0,0.0,VN,IDS 1
3364,0.0,0.0,VN,IDS 1
3602,0.0,0.0,VN,IDS 1
3603,0.0,0.0,VN,IDS 1
3640,0.0,0.0,VN,IDS 1
3641,0.0,0.0,VN,IDS 1
3642,0.0,0.0,VN,IDS 1
3644,0.0,0.0,VN,IDS 1
3645,0.0,0.0,VN,IDS 1
3646,0.0,0.0,VN,IDS 1
3648,0.0,0.0,VN,IDS 1
3649,0.0,0.0,VN,IDS 1
3651,0.0,0.0,VN,IDS 1
3652,0.0,0.0,VN,IDS 1
3653,0.0,0.0,VN,IDS 1
3654,0.0,0.0,VN,IDS 1
3655,0.0,0.0,VN,IDS 1
3656,0.0,0.0,VN,IDS 1
3657,0.0,0.0,VN,IDS 1
3658,0.0,0.0,VN,IDS 1
3659,0.0,0.0,VN,IDS 1
3662,0.0,0.0,VN,IDS 1
3663,0.0,0.0,VN,IDS 1
3573,0.0,0.0,VN,IDS 1
3576,0.0,0.0,VN,IDS 1
3577,0.0,0.0,VN,IDS 1
3578,0.0,0.0,VN,IDS 1
3581,0.0,0.0,VN,IDS 1
3582,0.0,0.0,VN,IDS 1
3584,0.0,0.0,VN,IDS 1
3586,0.0,0.0,VN,IDS 1
3589,0.0,0.0,VN,IDS 1
3592,0.0,0.0,VN,IDS 1
3594,0.0,0.0,VN,IDS 1
3596,0.0,0.0,VN,IDS 1
3598,0.0,0.0,VN,IDS 1
3600,0.0,0.0,VN,IDS 1
3601,0.0,0.0,VN,IDS 1
3664,0.0,0.0,VN,IDS 1
3665,0.0,0.0,VN,IDS 1
3669,0.0,0.0,VN,IDS 1
3708,0.0,0.0,VN,IDS 1
3709,0.0,0.0,VN,IDS 1
3710,0.0,0.0,VN,IDS 1
3711,0.0,0.0,VN,IDS 1
3713,0.0,0.0,VN,IDS 1
3714,0.0,0.0,VN,IDS 1
3715,0.0,0.0,VN,IDS 1
3716,0.0,0.0,VN,IDS 1
3719,0.0,0.0,VN,IDS 1
3721,0.0,0.0,VN,IDS 1
3722,0.0,0.0,VN,IDS 1
3723,0.0,0.0,VN,IDS 1
3724,0.0,0.0,VN,IDS 1
3725,0.0,0.0,VN,IDS 1
4331,0.0,0.0,VN,IDS 1
4332,0.0,0.0,VN,IDS 1
4336,0.0,0.0,VN,IDS 1
4337,0.0,0.0,VN,IDS 1
4338,0.0,0.0,VN,IDS 1
4339,0.0,0.0,VN,IDS 1
4342,0.0,0.0,VN,IDS 1
4343,0.0,0.0,VN,IDS 1
4344,0.0,0.0,VN,IDS 1
4378,0.0,0.0,VN,IDS 1
4381,0.0,0.0,VN,IDS 1
4382,0.0,0.0,VN,IDS 1
4383,0.0,0.0,VN,IDS 1
4384,0.0,0.0,VN,IDS 1
4387,0.0,0.0,VN,IDS 1
4390,0.0,0.0,VN,IDS 1
4392,0.0,0.0,VN,IDS 1
4393,0.0,0.0,VN,IDS 1
4394,0.0,0.0,VN,IDS 1
4395,0.0,0.0,VN,IDS 1
4396,0.0,0.0,VN,IDS 1
4397,0.0,0.0,VN,IDS 1
4398,0.0,0.0,VN,IDS 1
4400,0.0,0.0,VN,IDS 1
4402,0.0,0.0,VN,IDS 1
4404,0.0,0.0,VN,IDS 1
4405,0.0,0.0,VN,IDS 1
4406,0.0,0.0,VN,IDS 1
4407,0.0,0.0,VN,IDS 1
4408,0.0,0.0,VN,IDS 1
4443,0.0,0.0,VN,IDS 1
4444,0.0,0.0,VN,IDS 1
4446,0.0,0.0,VN,IDS 1
4447,0.0,0.0,VN,IDS 1
4448,0.0,0.0,VN,IDS 1
4452,0.0,0.0,VN,IDS 1
4453,0.0,0.0,VN,IDS 1
4454,0.0,0.0,VN,IDS 1
4456,0.0,0.0,VN,IDS 1
3733,0.0,0.0,VN,IDS 1
3734,0.0,0.0,VN,IDS 1
3735,0.0,0.0,VN,IDS 1
3736,0.0,0.0,VN,IDS 1
3737,0.0,0.0,VN,IDS 1
3738,0.0,0.0,VN,IDS 1
3739,0.0,0.0,VN,IDS 1
4000,0.0,0.0,VN,IDS 1
4001,0.0,0.0,VN,IDS 1
4002,0.0,0.0,VN,IDS 1
4004,0.0,0.0,VN,IDS 1
4005,0.0,0.0,VN,IDS 1
4008,0.0,0.0,VN,IDS 1
4010,0.0,0.0,VN,IDS 1
4011,0.0,0.0,VN,IDS 1
4012,0.0,0.0,VN,IDS 1
4013,0.0,0.0,VN,IDS 1
4015,0.0,0.0,VN,IDS 1
4017,0.0,0.0,VN,IDS 1
4019,0.0,0.0,VN,IDS 1
4020,0.0,0.0,VN,IDS 1
4022,0.0,0.0,VN,IDS 1
4023,0.0,0.0,VN,IDS 1
4025,0.0,0.0,VN,IDS 1
4026,0.0,0.0,VN,IDS 1
4027,0.0,0.0,VN,IDS 1
4028,0.0,0.0,VN,IDS 1
4029,0.0,0.0,VN,IDS 1
4030,0.0,0.0,VN,IDS 1
4031,0.0,0.0,VN,IDS 1
4068,0.0,0.0,VN,IDS 1
4069,0.0,0.0,VN,IDS 1
4071,0.0,0.0,VN,IDS 1
4072,0.0,0.0,VN,IDS 1
4073,0.0,0.0,VN,IDS 1
4075,0.0,0.0,VN,IDS 1
4077,0.0,0.0,VN,IDS 1
4079,0.0,0.0,VN,IDS 1
4080,0.0,0.0,VN,IDS 1
4081,0.0,0.0,VN,IDS 1
4083,0.0,0.0,VN,IDS 1
4084,0.0,0.0,VN,IDS 1
4085,0.0,0.0,VN,IDS 1
4087,0.0,0.0,VN,IDS 1
4088,0.0,0.0,VN,IDS 1
4089,0.0,0.0,VN,IDS 1
4091,0.0,0.0,VN,IDS 1
4092,0.0,0.0,VN,IDS 1
4093,0.0,0.0,VN,IDS 1
4094,0.0,0.0,VN,IDS 1
4095,0.0,0.0,VN,IDS 1
4096,0.0,0.0,VN,IDS 1
4097,0.0,0.0,VN,IDS 1
4098,0.0,0.0,VN,IDS 1
4158,0.0,0.0,VN,IDS 1
4159,1.0,0.0,FP,IDS 1
4160,0.0,0.0,VN,IDS 1
4161,0.0,0.0,VN,IDS 1
4162,0.0,0.0,VN,IDS 1
4163,0.0,0.0,VN,IDS 1
4164,0.0,0.0,VN,IDS 1
4165,0.0,0.0,VN,IDS 1
4166,0.0,0.0,VN,IDS 1
4167,0.0,0.0,VN,IDS 1
4168,0.0,0.0,VN,IDS 1
4170,0.0,0.0,VN,IDS 1
4172,0.0,0.0,VN,IDS 1
4175,0.0,0.0,VN,IDS 1
4176,0.0,0.0,VN,IDS 1
4177,0.0,0.0,VN,IDS 1
4178,0.0,0.0,VN,IDS 1
4179,0.0,0.0,VN,IDS 1
4183,0.0,0.0,VN,IDS 1
4184,0.0,0.0,VN,IDS 1
4185,0.0,0.0,VN,IDS 1
4186,0.0,0.0,VN,IDS 1
4187,0.0,0.0,VN,IDS 1
4188,0.0,0.0,VN,IDS 1
4316,0.0,0.0,VN,IDS 1
4317,0.0,0.0,VN,IDS 1
4318,0.0,0.0,VN,IDS 1
4320,0.0,0.0,VN,IDS 1
4321,0.0,0.0,VN,IDS 1
4322,0.0,0.0,VN,IDS 1
4323,0.0,0.0,VN,IDS 1
4324,0.0,0.0,VN,IDS 1
4325,0.0,0.0,VN,IDS 1
4327,0.0,0.0,VN,IDS 1
4328,0.0,0.0,VN,IDS 1
4330,0.0,0.0,VN,IDS 1
162,0.0,0.0,VN,IDS 1
164,0.0,0.0,VN,IDS 1
166,0.0,0.0,VN,IDS 1
167,0.0,0.0,VN,IDS 1
169,0.0,0.0,VN,IDS 1
170,0.0,0.0,VN,IDS 1
172,0.0,0.0,VN,IDS 1
174,0.0,0.0,VN,IDS 1
176,0.0,0.0,VN,IDS 1
177,0.0,0.0,VN,IDS 1
179,0.0,0.0,VN,IDS 1
181,0.0,0.0,VN,IDS 1
182,0.0,0.0,VN,IDS 1
183,0.0,0.0,VN,IDS 1
184,0.0,0.0,VN,IDS 1
185,0.0,0.0,VN,IDS 1
187,0.0,0.0,VN,IDS 1
191,0.0,0.0,VN,IDS 1
559,0.0,0.0,VN,IDS 1
560,0.0,0.0,VN,IDS 1
561,0.0,0.0,VN,IDS 1
3726,0.0,0.0,VN,IDS 1
3727,0.0,0.0,VN,IDS 1
3731,0.0,0.0,VN,IDS 1
3732,0.0,0.0,VN,IDS 1
4461,0.0,0.0,VN,IDS 1
4463,0.0,0.0,VN,IDS 1
4464,1.0,0.0,FP,IDS 1
4465,0.0,0.0,VN,IDS 1
4468,0.0,0.0,VN,IDS 1
4469,0.0,0.0,VN,IDS 1
4470,0.0,0.0,VN,IDS 1
92,0.0,0.0,VN,IDS 1
94,0.0,0.0,VN,IDS 1
96,0.0,0.0,VN,IDS 1
97,1.0,0.0,FP,IDS 1
98,0.0,0.0,VN,IDS 1
99,0.0,0.0,VN,IDS 1
100,1.0,0.0,FP,IDS 1
101,0.0,0.0,VN,IDS 1
102,0.0,0.0,VN,IDS 1
103,0.0,0.0,VN,IDS 1
104,0.0,0.0,VN,IDS 1
106,0.0,0.0,VN,IDS 1
108,0.0,0.0,VN,IDS 1
109,0.0,0.0,VN,IDS 1
110,0.0,0.0,VN,IDS 1
111,0.0,0.0,VN,IDS 1
112,0.0,0.0,VN,IDS 1
113,0.0,0.0,VN,IDS 1
114,0.0,0.0,VN,IDS 1
115,0.0,0.0,VN,IDS 1
116,0.0,0.0,VN,IDS 1
117,0.0,0.0,VN,IDS 1
118,0.0,0.0,VN,IDS 1
119,0.0,0.0,VN,IDS 1
121,0.0,0.0,VN,IDS 1
122,0.0,0.0,VN,IDS 1
123,0.0,0.0,VN,IDS 1
124,0.0,0.0,VN,IDS 1
127,0.0,0.0,VN,IDS 1
128,0.0,0.0,VN,IDS 1
4457,0.0,0.0,VN,IDS 1
4458,0.0,0.0,VN,IDS 1
4460,0.0,0.0,VN,IDS 1
130,0.0,0.0,VN,IDS 1
132,0.0,0.0,VN,IDS 1
133,0.0,0.0,VN,IDS 1
134,0.0,0.0,VN,IDS 1
135,0.0,0.0,VN,IDS 1
136,0.0,0.0,VN,IDS 1
137,1.0,0.0,FP,IDS 1
139,0.0,0.0,VN,IDS 1
140,0.0,0.0,VN,IDS 1
141,0.0,0.0,VN,IDS 1
145,0.0,0.0,VN,IDS 1
147,0.0,0.0,VN,IDS 1
148,0.0,0.0,VN,IDS 1
153,0.0,0.0,VN,IDS 1
154,0.0,0.0,VN,IDS 1
155,0.0,0.0,VN,IDS 1
157,0.0,0.0,VN,IDS 1
158,0.0,0.0,VN,IDS 1
159,0.0,0.0,VN,IDS 1
160,0.0,0.0,VN,IDS 1
161,0.0,0.0,VN,IDS 1
569,0.0,0.0,VN,IDS 1
572,0.0,0.0,VN,IDS 1
573,0.0,0.0,VN,IDS 1
575,0.0,0.0,VN,IDS 1
576,0.0,0.0,VN,IDS 1
579,0.0,0.0,VN,IDS 1
580,0.0,0.0,VN,IDS 1
581,0.0,0.0,VN,IDS 1
582,0.0,0.0,VN,IDS 1
583,1.0,0.0,FP,IDS 1
887,0.0,0.0,VN,IDS 1
888,0.0,0.0,VN,IDS 1
889,0.0,0.0,VN,IDS 1
891,0.0,0.0,VN,IDS 1
895,0.0,0.0,VN,IDS 1
896,0.0,0.0,VN,IDS 1
897,0.0,0.0,VN,IDS 1
899,0.0,0.0,VN,IDS 1
900,0.0,0.0,VN,IDS 1
903,0.0,0.0,VN,IDS 1
906,0.0,0.0,VN,IDS 1
907,0.0,0.0,VN,IDS 1
908,0.0,0.0,VN,IDS 1
909,0.0,0.0,VN,IDS 1
912,0.0,0.0,VN,IDS 1
913,0.0,0.0,VN,IDS 1
914,0.0,0.0,VN,IDS 1
917,0.0,0.0,VN,IDS 1
919,0.0,0.0,VN,IDS 1
1087,0.0,0.0,VN,IDS 1
1088,0.0,0.0,VN,IDS 1
1090,0.0,0.0,VN,IDS 1
1092,0.0,0.0,VN,IDS 1
1093,0.0,0.0,VN,IDS 1
1095,0.0,0.0,VN,IDS 1
1096,0.0,0.0,VN,IDS 1
1099,0.0,0.0,VN,IDS 1
1100,0.0,0.0,VN,IDS 1
1101,0.0,0.0,VN,IDS 1
1102,0.0,0.0,VN,IDS 1
1103,0.0,0.0,VN,IDS 1
1104,0.0,0.0,VN,IDS 1
1105,0.0,0.0,VN,IDS 1
1106,0.0,0.0,VN,IDS 1
1107,0.0,0.0,VN,IDS 1
1108,0.0,0.0,VN,IDS 1
1109,0.0,0.0,VN,IDS 1
1110,0.0,0.0,VN,IDS 1
584,0.0,0.0,VN,IDS 1
589,1.0,0.0,FP,IDS 1
593,0.0,0.0,VN,IDS 1
596,0.0,0.0,VN,IDS 1
597,0.0,0.0,VN,IDS 1
599,0.0,0.0,VN,IDS 1
600,0.0,0.0,VN,IDS 1
603,0.0,0.0,VN,IDS 1
711,0.0,0.0,VN,IDS 1
712,0.0,0.0,VN,IDS 1
713,0.0,0.0,VN,IDS 1
714,0.0,0.0,VN,IDS 1
715,0.0,0.0,VN,IDS 1
716,0.0,0.0,VN,IDS 1
717,0.0,0.0,VN,IDS 1
718,1.0,0.0,FP,IDS 1
719,0.0,0.0,VN,IDS 1
721,0.0,0.0,VN,IDS 1
722,0.0,0.0,VN,IDS 1
724,0.0,0.0,VN,IDS 1
725,0.0,0.0,VN,IDS 1
729,0.0,0.0,VN,IDS 1
730,0.0,0.0,VN,IDS 1
731,0.0,0.0,VN,IDS 1
733,0.0,0.0,VN,IDS 1
734,0.0,0.0,VN,IDS 1
737,0.0,0.0,VN,IDS 1
739,0.0,0.0,VN,IDS 1
740,0.0,0.0,VN,IDS 1
883,0.0,0.0,VN,IDS 1
884,0.0,0.0,VN,IDS 1
885,1.0,0.0,FP,IDS 1
1111,0.0,0.0,VN,IDS 1
1113,0.0,0.0,VN,IDS 1
1114,0.0,0.0,VN,IDS 1
1115,0.0,0.0,VN,IDS 1
1210,0.0,0.0,VN,IDS 1
1211,0.0,0.0,VN,IDS 1
1215,0.0,0.0,VN,IDS 1
1220,0.0,0.0,VN,IDS 1
1221,0.0,0.0,VN,IDS 1
1223,0.0,0.0,VN,IDS 1
1224,0.0,0.0,VN,IDS 1
1225,0.0,0.0,VN,IDS 1
1226,0.0,0.0,VN,IDS 1
6408,1.0,3.0,FN,IDS 1
6410,1.0,3.0,FN,IDS 1
6411,1.0,3.0,FN,IDS 1
6412,0.0,3.0,FN,IDS 1
6415,1.0,3.0,FN,IDS 1
6417,1.0,3.0,FN,IDS 1
6419,0.0,3.0,FN,IDS 1
6420,1.0,3.0,FN,IDS 1
6422,1.0,3.0,FN,IDS 1
6423,5.0,3.0,FN,IDS 1
6426,1.0,3.0,FN,IDS 1
6427,5.0,3.0,FN,IDS 1
6434,1.0,3.0,FN,IDS 1
6443,1.0,3.0,FN,IDS 1
6445,1.0,3.0,FN,IDS 1
6447,1.0,3.0,FN,IDS 1
6449,1.0,3.0,FN,IDS 1
6451,0.0,3.0,FN,IDS 1
6458,1.0,3.0,FN,IDS 1
6464,0.0,3.0,FN,IDS 1
6465,0.0,3.0,FN,IDS 1
6466,1.0,3.0,FN,IDS 1
6469,1.0,3.0,FN,IDS 1
6470,0.0,3.0,FN,IDS 1
6473,1.0,3.0,FN,IDS 1
6481,0.0,3.0,FN,IDS 1
6488,5.0,3.0,FN,IDS 1
6497,0.0,3.0,FN,IDS 1
6501,0.0,3.0,FN,IDS 1
6503,1.0,3.0,FN,IDS 1
6505,0.0,3.0,FN,IDS 1
6506,5.0,3.0,FN,IDS 1
6507,0.0,3.0,FN,IDS 1
6513,1.0,3.0,FN,IDS 1
6516,0.0,3.0,FN,IDS 1
6518,1.0,3.0,FN,IDS 1
6519,0.0,3.0,FN,IDS 1
6521,5.0,3.0,FN,IDS 1
6523,0.0,3.0,FN,IDS 1
6526,1.0,3.0,FN,IDS 1
6575,5.0,3.0,FN,IDS 1
6576,0.0,3.0,FN,IDS 1
6580,1.0,3.0,FN,IDS 1
6627,0.0,3.0,FN,IDS 1
6630,1.0,3.0,FN,IDS 1
6636,0.0,3.0,FN,IDS 1
4848,0.0,0.0,VN,IDS 1
4852,0.0,0.0,VN,IDS 1
4853,0.0,0.0,VN,IDS 1
4854,0.0,0.0,VN,IDS 1
4856,0.0,0.0,VN,IDS 1
4857,0.0,0.0,VN,IDS 1
4859,0.0,0.0,VN,IDS 1
4860,1.0,0.0,FP,IDS 1
4863,0.0,0.0,VN,IDS 1
4864,0.0,0.0,VN,IDS 1
4865,0.0,0.0,VN,IDS 1
4869,0.0,0.0,VN,IDS 1
4870,0.0,0.0,VN,IDS 1
4871,0.0,0.0,VN,IDS 1
4872,0.0,0.0,VN,IDS 1
4873,0.0,0.0,VN,IDS 1
4874,0.0,0.0,VN,IDS 1
4875,0.0,0.0,VN,IDS 1
4877,0.0,0.0,VN,IDS 1
4879,0.0,0.0,VN,IDS 1
4880,0.0,0.0,VN,IDS 1
5082,1.0,3.0,FN,IDS 1
5537,2.0,3.0,FN,IDS 1
5539,5.0,3.0,FN,IDS 1
5546,0.0,3.0,FN,IDS 1
5548,1.0,3.0,FN,IDS 1
5550,5.0,3.0,FN,IDS 1
5551,1.0,3.0,FN,IDS 1
5552,0.0,3.0,FN,IDS 1
5554,0.0,3.0,FN,IDS 1
5556,1.0,3.0,FN,IDS 1
5557,0.0,3.0,FN,IDS 1
5558,5.0,3.0,FN,IDS 1
5564,0.0,3.0,FN,IDS 1
5566,0.0,3.0,FN,IDS 1
5568,0.0,3.0,FN,IDS 1
5573,1.0,3.0,FN,IDS 1
5576,1.0,3.0,FN,IDS 1
5577,1.0,3.0,FN,IDS 1
5578,1.0,3.0,FN,IDS 1
5580,0.0,3.0,FN,IDS 1
5583,1.0,3.0,FN,IDS 1
5585,0.0,3.0,FN,IDS 1
5789,1.0,3.0,FN,IDS 1
5791,1.0,3.0,FN,IDS 1
5792,0.0,3.0,FN,IDS 1
5798,0.0,3.0,FN,IDS 1
5799,5.0,3.0,FN,IDS 1
5802,0.0,3.0,FN,IDS 1
5803,1.0,3.0,FN,IDS 1
5807,1.0,3.0,FN,IDS 1
5808,1.0,3.0,FN,IDS 1
5809,0.0,3.0,FN,IDS 1
5811,5.0,3.0,FN,IDS 1
5812,1.0,3.0,FN,IDS 1
5825,0.0,3.0,FN,IDS 1
5826,1.0,3.0,FN,IDS 1
5827,0.0,3.0,FN,IDS 1
5830,0.0,3.0,FN,IDS 1
5831,1.0,3.0,FN,IDS 1
5836,0.0,3.0,FN,IDS 1
5838,5.0,3.0,FN,IDS 1
5839,1.0,3.0,FN,IDS 1
5841,0.0,3.0,FN,IDS 1
6057,0.0,3.0,FN,IDS 1
6058,0.0,3.0,FN,IDS 1
6059,0.0,3.0,FN,IDS 1
6061,0.0,3.0,FN,IDS 1
6062,1.0,3.0,FN,IDS 1
6063,1.0,3.0,FN,IDS 1
6068,0.0,3.0,FN,IDS 1
6070,1.0,3.0,FN,IDS 1
6072,0.0,3.0,FN,IDS 1
6076,5.0,3.0,FN,IDS 1
6079,1.0,3.0,FN,IDS 1
6080,0.0,3.0,FN,IDS 1
6086,0.0,3.0,FN,IDS 1
6089,0.0,3.0,FN,IDS 1
6090,1.0,3.0,FN,IDS 1
6094,0.0,3.0,FN,IDS 1
6100,0.0,3.0,FN,IDS 1
6101,0.0,3.0,FN,IDS 1
6102,0.0,3.0,FN,IDS 1
6103,0.0,3.0,FN,IDS 1
6106,0.0,3.0,FN,IDS 1
6220,1.0,3.0,FN,IDS 1
6225,0.0,3.0,FN,IDS 1
6226,1.0,3.0,FN,IDS 1
6581,1.0,3.0,FN,IDS 1
6583,1.0,3.0,FN,IDS 1
6585,1.0,3.0,FN,IDS 1
6587,1.0,3.0,FN,IDS 1
6588,0.0,3.0,FN,IDS 1
6589,1.0,3.0,FN,IDS 1
6593,1.0,3.0,FN,IDS 1
6594,1.0,3.0,FN,IDS 1
6596,1.0,3.0,FN,IDS 1
6598,0.0,3.0,FN,IDS 1
6604,1.0,3.0,FN,IDS 1
6606,1.0,3.0,FN,IDS 1
6609,0.0,3.0,FN,IDS 1
6611,1.0,3.0,FN,IDS 1
6613,1.0,3.0,FN,IDS 1
6615,0.0,3.0,FN,IDS 1
6617,0.0,3.0,FN,IDS 1
6621,0.0,3.0,FN,IDS 1
6622,0.0,3.0,FN,IDS 1
6624,1.0,3.0,FN,IDS 1
1230,0.0,0.0,VN,IDS 1
4471,0.0,0.0,VN,IDS 1
4472,1.0,0.0,FP,IDS 1
4473,0.0,0.0,VN,IDS 1
4475,0.0,0.0,VN,IDS 1
4477,0.0,0.0,VN,IDS 1
4478,0.0,0.0,VN,IDS 1
4479,0.0,0.0,VN,IDS 1
4480,0.0,0.0,VN,IDS 1
4483,0.0,0.0,VN,IDS 1
4484,0.0,0.0,VN,IDS 1
4485,0.0,0.0,VN,IDS 1
4486,0.0,0.0,VN,IDS 1
4489,0.0,0.0,VN,IDS 1
4490,0.0,0.0,VN,IDS 1
4491,0.0,0.0,VN,IDS 1
4492,0.0,0.0,VN,IDS 1
4494,0.0,0.0,VN,IDS 1
4495,0.0,0.0,VN,IDS 1
4497,0.0,0.0,VN,IDS 1
4499,0.0,0.0,VN,IDS 1
4500,0.0,0.0,VN,IDS 1
4503,0.0,0.0,VN,IDS 1
4504,0.0,0.0,VN,IDS 1
4506,0.0,0.0,VN,IDS 1
4532,0.0,0.0,VN,IDS 1
4533,0.0,0.0,VN,IDS 1
4534,0.0,0.0,VN,IDS 1
4536,0.0,0.0,VN,IDS 1
4539,0.0,0.0,VN,IDS 1
4540,0.0,0.0,VN,IDS 1
4541,0.0,0.0,VN,IDS 1
4543,0.0,0.0,VN,IDS 1
4544,0.0,0.0,VN,IDS 1
4545,0.0,0.0,VN,IDS 1
4546,0.0,0.0,VN,IDS 1
4550,0.0,0.0,VN,IDS 1
4552,0.0,0.0,VN,IDS 1
4553,0.0,0.0,VN,IDS 1
4554,0.0,0.0,VN,IDS 1
4555,0.0,0.0,VN,IDS 1
4556,0.0,0.0,VN,IDS 1
4557,0.0,0.0,VN,IDS 1
4558,0.0,0.0,VN,IDS 1
4559,0.0,0.0,VN,IDS 1
4560,0.0,0.0,VN,IDS 1
4562,0.0,0.0,VN,IDS 1
4915,0.0,0.0,VN,IDS 1
4916,0.0,0.0,VN,IDS 1
4920,0.0,0.0,VN,IDS 1
4921,0.0,0.0,VN,IDS 1
4922,0.0,0.0,VN,IDS 1
4926,0.0,0.0,VN,IDS 1
4927,0.0,0.0,VN,IDS 1
4928,0.0,0.0,VN,IDS 1
4930,0.0,0.0,VN,IDS 1
4933,0.0,0.0,VN,IDS 1
4934,0.0,0.0,VN,IDS 1
4935,0.0,0.0,VN,IDS 1
4936,0.0,0.0,VN,IDS 1
4937,1.0,0.0,FP,IDS 1
4938,0.0,0.0,VN,IDS 1
4941,0.0,0.0,VN,IDS 1
4942,0.0,0.0,VN,IDS 1
4943,0.0,0.0,VN,IDS 1
4944,0.0,0.0,VN,IDS 1
4948,0.0,0.0,VN,IDS 1
4949,0.0,0.0,VN,IDS 1
5022,1.0,3.0,FN,IDS 1
5026,1.0,3.0,FN,IDS 1
5036,5.0,3.0,FN,IDS 1
5038,0.0,3.0,FN,IDS 1
5040,1.0,3.0,FN,IDS 1
5041,0.0,3.0,FN,IDS 1
5043,1.0,3.0,FN,IDS 1
5044,5.0,3.0,FN,IDS 1
5048,0.0,3.0,FN,IDS 1
5052,0.0,3.0,FN,IDS 1
5055,0.0,3.0,FN,IDS 1
5056,0.0,3.0,FN,IDS 1
5062,1.0,3.0,FN,IDS 1
5064,0.0,3.0,FN,IDS 1
5066,1.0,3.0,FN,IDS 1
5067,1.0,3.0,FN,IDS 1
5071,1.0,3.0,FN,IDS 1
5072,1.0,3.0,FN,IDS 1
5076,1.0,3.0,FN,IDS 1
5080,5.0,3.0,FN,IDS 1
5081,1.0,3.0,FN,IDS 1
6227,1.0,3.0,FN,IDS 1
6231,1.0,3.0,FN,IDS 1
6237,1.0,3.0,FN,IDS 1
6238,0.0,3.0,FN,IDS 1
6239,5.0,3.0,FN,IDS 1
6240,1.0,3.0,FN,IDS 1
6242,1.0,3.0,FN,IDS 1
6243,1.0,3.0,FN,IDS 1
6245,0.0,3.0,FN,IDS 1
6246,1.0,3.0,FN,IDS 1
6248,0.0,3.0,FN,IDS 1
6249,1.0,3.0,FN,IDS 1
6250,1.0,3.0,FN,IDS 1
6252,0.0,3.0,FN,IDS 1
6253,1.0,3.0,FN,IDS 1
6254,5.0,3.0,FN,IDS 1
6255,1.0,3.0,FN,IDS 1
6257,1.0,3.0,FN,IDS 1
6351,1.0,3.0,FN,IDS 1
6353,0.0,3.0,FN,IDS 1
6358,1.0,3.0,FN,IDS 1
6359,1.0,3.0,FN,IDS 1
6364,0.0,3.0,FN,IDS 1
6366,5.0,3.0,FN,IDS 1
6367,1.0,3.0,FN,IDS 1
6370,1.0,3.0,FN,IDS 1
6373,0.0,3.0,FN,IDS 1
6377,0.0,3.0,FN,IDS 1
6378,1.0,3.0,FN,IDS 1
6381,1.0,3.0,FN,IDS 1
6382,0.0,3.0,FN,IDS 1
6384,1.0,3.0,FN,IDS 1
6390,1.0,3.0,FN,IDS 1
6391,1.0,3.0,FN,IDS 1
6392,1.0,3.0,FN,IDS 1
6393,1.0,3.0,FN,IDS 1
6398,0.0,3.0,FN,IDS 1
6401,1.0,3.0,FN,IDS 1
6403,1.0,3.0,FN,IDS 1
6404,1.0,3.0,FN,IDS 1
6406,0.0,3.0,FN,IDS 1
6639,0.0,3.0,FN,IDS 1
6644,1.0,3.0,FN,IDS 1
6645,1.0,3.0,FN,IDS 1
6647,5.0,3.0,FN,IDS 1
6649,1.0,3.0,FN,IDS 1
6653,0.0,3.0,FN,IDS 1
6654,0.0,3.0,FN,IDS 1
6657,0.0,3.0,FN,IDS 1
6659,1.0,3.0,FN,IDS 1
6660,1.0,3.0,FN,IDS 1
6662,1.0,3.0,FN,IDS 1
6664,1.0,3.0,FN,IDS 1
6665,5.0,3.0,FN,IDS 1
6666,0.0,3.0,FN,IDS 1
6669,0.0,3.0,FN,IDS 1
6670,1.0,3.0,FN,IDS 1
6729,0.0,3.0,FN,IDS 1
6732,1.0,3.0,FN,IDS 1
6734,0.0,3.0,FN,IDS 1
1409,0.0,0.0,VN,IDS 1
1410,0.0,0.0,VN,IDS 1
1411,0.0,0.0,VN,IDS 1
1412,0.0,0.0,VN,IDS 1
1413,0.0,0.0,VN,IDS 1
1414,0.0,0.0,VN,IDS 1
1415,0.0,0.0,VN,IDS 1
1416,0.0,0.0,VN,IDS 1
1417,0.0,0.0,VN,IDS 1
1419,0.0,0.0,VN,IDS 1
1422,0.0,0.0,VN,IDS 1
1467,0.0,0.0,VN,IDS 1
1471,0.0,0.0,VN,IDS 1
1472,0.0,0.0,VN,IDS 1
1473,0.0,0.0,VN,IDS 1
1474,0.0,0.0,VN,IDS 1
1475,0.0,0.0,VN,IDS 1
1476,0.0,0.0,VN,IDS 1
1477,0.0,0.0,VN,IDS 1
1479,0.0,0.0,VN,IDS 1
1481,0.0,0.0,VN,IDS 1
1482,0.0,0.0,VN,IDS 1
1485,0.0,0.0,VN,IDS 1
1486,0.0,0.0,VN,IDS 1
1487,0.0,0.0,VN,IDS 1
1491,0.0,0.0,VN,IDS 1
1492,0.0,0.0,VN,IDS 1
1493,0.0,0.0,VN,IDS 1
1495,0.0,0.0,VN,IDS 1
1498,0.0,0.0,VN,IDS 1
1500,0.0,0.0,VN,IDS 1
1501,0.0,0.0,VN,IDS 1
1535,0.0,0.0,VN,IDS 1
1536,0.0,0.0,VN,IDS 1
1538,0.0,0.0,VN,IDS 1
1540,0.0,0.0,VN,IDS 1
1541,0.0,0.0,VN,IDS 1
1542,0.0,0.0,VN,IDS 1
1545,0.0,0.0,VN,IDS 1
1546,0.0,0.0,VN,IDS 1
1547,0.0,0.0,VN,IDS 1
1548,0.0,0.0,VN,IDS 1
1549,0.0,0.0,VN,IDS 1
1552,0.0,0.0,VN,IDS 1
1553,1.0,0.0,FP,IDS 1
1554,0.0,0.0,VN,IDS 1
1555,0.0,0.0,VN,IDS 1
1556,0.0,0.0,VN,IDS 1
1557,0.0,0.0,VN,IDS 1
1558,0.0,0.0,VN,IDS 1
1559,0.0,0.0,VN,IDS 1
1561,0.0,0.0,VN,IDS 1
1562,0.0,0.0,VN,IDS 1
1563,0.0,0.0,VN,IDS 1
1564,0.0,0.0,VN,IDS 1
1565,0.0,0.0,VN,IDS 1
1566,0.0,0.0,VN,IDS 1
1567,0.0,0.0,VN,IDS 1
1569,0.0,0.0,VN,IDS 1
1570,0.0,0.0,VN,IDS 1
1571,0.0,0.0,VN,IDS 1
1572,0.0,0.0,VN,IDS 1
1573,0.0,0.0,VN,IDS 1
1574,0.0,0.0,VN,IDS 1
1575,0.0,0.0,VN,IDS 1
1576,0.0,0.0,VN,IDS 1
1577,0.0,0.0,VN,IDS 1
1579,1.0,0.0,FP,IDS 1
1581,0.0,0.0,VN,IDS 1
1582,0.0,0.0,VN,IDS 1
1583,0.0,0.0,VN,IDS 1
1584,0.0,0.0,VN,IDS 1
1585,0.0,0.0,VN,IDS 1
1587,0.0,0.0,VN,IDS 1
1591,0.0,0.0,VN,IDS 1
1592,0.0,0.0,VN,IDS 1
1593,0.0,0.0,VN,IDS 1
1596,0.0,0.0,VN,IDS 1
1597,0.0,0.0,VN,IDS 1
1764,0.0,0.0,VN,IDS 1
1765,0.0,0.0,VN,IDS 1
1766,0.0,0.0,VN,IDS 1
1767,0.0,0.0,VN,IDS 1
1768,0.0,0.0,VN,IDS 1
1769,0.0,0.0,VN,IDS 1
1770,0.0,0.0,VN,IDS 1
1771,0.0,0.0,VN,IDS 1
1772,0.0,0.0,VN,IDS 1
1773,0.0,0.0,VN,IDS 1
1774,0.0,0.0,VN,IDS 1
1775,0.0,0.0,VN,IDS 1
1776,0.0,0.0,VN,IDS 1
1777,0.0,0.0,VN,IDS 1
1778,0.0,0.0,VN,IDS 1
1779,0.0,0.0,VN,IDS 1
1781,0.0,0.0,VN,IDS 1
1782,0.0,0.0,VN,IDS 1
1783,0.0,0.0,VN,IDS 1
1785,0.0,0.0,VN,IDS 1
1786,0.0,0.0,VN,IDS 1
1787,0.0,0.0,VN,IDS 1
1266,0.0,0.0,VN,IDS 1
1268,0.0,0.0,VN,IDS 1
1270,0.0,0.0,VN,IDS 1
1272,0.0,0.0,VN,IDS 1
1274,0.0,0.0,VN,IDS 1
1275,0.0,0.0,VN,IDS 1
1278,0.0,0.0,VN,IDS 1
1279,0.0,0.0,VN,IDS 1
1280,0.0,0.0,VN,IDS 1
1282,0.0,0.0,VN,IDS 1
1395,0.0,0.0,VN,IDS 1
1396,0.0,0.0,VN,IDS 1
1397,0.0,0.0,VN,IDS 1
1398,0.0,0.0,VN,IDS 1
1400,0.0,0.0,VN,IDS 1
1401,0.0,0.0,VN,IDS 1
1403,0.0,0.0,VN,IDS 1
1404,0.0,0.0,VN,IDS 1
1405,0.0,0.0,VN,IDS 1
1407,0.0,0.0,VN,IDS 1
1408,0.0,0.0,VN,IDS 1
1790,0.0,0.0,VN,IDS 1
1791,0.0,0.0,VN,IDS 1
1792,0.0,0.0,VN,IDS 1
1793,0.0,0.0,VN,IDS 1
1795,0.0,0.0,VN,IDS 1
1797,0.0,0.0,VN,IDS 1
1799,0.0,0.0,VN,IDS 1
1800,0.0,0.0,VN,IDS 1
2053,0.0,0.0,VN,IDS 1
2054,0.0,0.0,VN,IDS 1
2055,0.0,0.0,VN,IDS 1
2056,0.0,0.0,VN,IDS 1
2099,0.0,0.0,VN,IDS 1
2101,0.0,0.0,VN,IDS 1
2102,0.0,0.0,VN,IDS 1
2103,1.0,0.0,FP,IDS 1
2104,0.0,0.0,VN,IDS 1
2106,0.0,0.0,VN,IDS 1
2107,0.0,0.0,VN,IDS 1
2109,0.0,0.0,VN,IDS 1
2111,0.0,0.0,VN,IDS 1
2112,0.0,0.0,VN,IDS 1
2113,0.0,0.0,VN,IDS 1
2115,0.0,0.0,VN,IDS 1
2117,0.0,0.0,VN,IDS 1
2119,0.0,0.0,VN,IDS 1
2120,0.0,0.0,VN,IDS 1
2124,0.0,0.0,VN,IDS 1
2127,0.0,0.0,VN,IDS 1
2128,0.0,0.0,VN,IDS 1
2130,1.0,0.0,FP,IDS 1
2131,0.0,0.0,VN,IDS 1
2135,0.0,0.0,VN,IDS 1
2203,0.0,0.0,VN,IDS 1
2204,0.0,0.0,VN,IDS 1
2205,0.0,0.0,VN,IDS 1
2206,0.0,0.0,VN,IDS 1
2208,0.0,0.0,VN,IDS 1
2209,0.0,0.0,VN,IDS 1
2210,0.0,0.0,VN,IDS 1
2214,0.0,0.0,VN,IDS 1
2215,0.0,0.0,VN,IDS 1
2218,0.0,0.0,VN,IDS 1
2219,0.0,0.0,VN,IDS 1
2221,0.0,0.0,VN,IDS 1
2223,0.0,0.0,VN,IDS 1
2227,0.0,0.0,VN,IDS 1
2228,0.0,0.0,VN,IDS 1
2229,0.0,0.0,VN,IDS 1
2231,0.0,0.0,VN,IDS 1
2232,0.0,0.0,VN,IDS 1
2233,0.0,0.0,VN,IDS 1
2234,0.0,0.0,VN,IDS 1
2235,0.0,0.0,VN,IDS 1
2237,0.0,0.0,VN,IDS 1
2425,0.0,0.0,VN,IDS 1
2426,0.0,0.0,VN,IDS 1
2427,0.0,0.0,VN,IDS 1
2432,0.0,0.0,VN,IDS 1
2434,0.0,0.0,VN,IDS 1
2435,0.0,0.0,VN,IDS 1
2436,0.0,0.0,VN,IDS 1
2439,0.0,0.0,VN,IDS 1
2440,0.0,0.0,VN,IDS 1
2441,0.0,0.0,VN,IDS 1
2444,0.0,0.0,VN,IDS 1
2448,1.0,0.0,FP,IDS 1
2449,0.0,0.0,VN,IDS 1
2453,0.0,0.0,VN,IDS 1
2454,0.0,0.0,VN,IDS 1
2455,1.0,0.0,FP,IDS 1
2456,0.0,0.0,VN,IDS 1
2459,0.0,0.0,VN,IDS 1
2460,0.0,0.0,VN,IDS 1
2462,0.0,0.0,VN,IDS 1
2463,0.0,0.0,VN,IDS 1
2691,0.0,0.0,VN,IDS 1
2692,0.0,0.0,VN,IDS 1
2693,0.0,0.0,VN,IDS 1
2694,0.0,0.0,VN,IDS 1
2695,0.0,0.0,VN,IDS 1
2696,0.0,0.0,VN,IDS 1
2698,0.0,0.0,VN,IDS 1
2699,0.0,0.0,VN,IDS 1
2701,0.0,0.0,VN,IDS 1
2702,0.0,0.0,VN,IDS 1
2703,0.0,0.0,VN,IDS 1
2704,0.0,0.0,VN,IDS 1
2705,0.0,0.0,VN,IDS 1
2706,0.0,0.0,VN,IDS 1
2708,0.0,0.0,VN,IDS 1
2709,0.0,0.0,VN,IDS 1
2710,0.0,0.0,VN,IDS 1
2711,0.0,0.0,VN,IDS 1
2712,0.0,0.0,VN,IDS 1
2715,0.0,0.0,VN,IDS 1
2716,0.0,0.0,VN,IDS 1
3092,0.0,0.0,VN,IDS 1
3093,0.0,0.0,VN,IDS 1
3096,0.0,0.0,VN,IDS 1
3098,0.0,0.0,VN,IDS 1
3099,0.0,0.0,VN,IDS 1
3100,0.0,0.0,VN,IDS 1
3101,0.0,0.0,VN,IDS 1
3102,0.0,0.0,VN,IDS 1
3103,0.0,0.0,VN,IDS 1
3105,0.0,0.0,VN,IDS 1
3106,0.0,0.0,VN,IDS 1
1803,0.0,0.0,VN,IDS 1
1804,0.0,0.0,VN,IDS 1
1805,0.0,0.0,VN,IDS 1
1809,0.0,0.0,VN,IDS 1
1810,0.0,0.0,VN,IDS 1
1812,0.0,0.0,VN,IDS 1
1813,0.0,0.0,VN,IDS 1
1814,0.0,0.0,VN,IDS 1
1815,0.0,0.0,VN,IDS 1
1817,0.0,0.0,VN,IDS 1
1819,0.0,0.0,VN,IDS 1
1854,0.0,0.0,VN,IDS 1
1857,0.0,0.0,VN,IDS 1
1858,0.0,0.0,VN,IDS 1
1859,1.0,0.0,FP,IDS 1
1861,0.0,0.0,VN,IDS 1
1862,0.0,0.0,VN,IDS 1
1863,0.0,0.0,VN,IDS 1
1864,0.0,0.0,VN,IDS 1
1865,0.0,0.0,VN,IDS 1
1868,0.0,0.0,VN,IDS 1
1869,0.0,0.0,VN,IDS 1
1870,0.0,0.0,VN,IDS 1
1871,0.0,0.0,VN,IDS 1
1873,0.0,0.0,VN,IDS 1
1874,0.0,0.0,VN,IDS 1
1875,0.0,0.0,VN,IDS 1
1876,0.0,0.0,VN,IDS 1
1877,0.0,0.0,VN,IDS 1
1880,0.0,0.0,VN,IDS 1
1884,0.0,0.0,VN,IDS 1
1887,0.0,0.0,VN,IDS 1
1959,0.0,0.0,VN,IDS 1
1960,0.0,0.0,VN,IDS 1
1961,0.0,0.0,VN,IDS 1
1962,1.0,0.0,FP,IDS 1
1965,0.0,0.0,VN,IDS 1
1966,0.0,0.0,VN,IDS 1
1967,0.0,0.0,VN,IDS 1
1970,0.0,0.0,VN,IDS 1
1971,0.0,0.0,VN,IDS 1
1972,0.0,0.0,VN,IDS 1
1977,0.0,0.0,VN,IDS 1
1978,0.0,0.0,VN,IDS 1
1980,0.0,0.0,VN,IDS 1
1981,0.0,0.0,VN,IDS 1
1982,0.0,0.0,VN,IDS 1
1984,0.0,0.0,VN,IDS 1
1985,0.0,0.0,VN,IDS 1
1987,1.0,0.0,FP,IDS 1
1988,0.0,0.0,VN,IDS 1
1991,0.0,0.0,VN,IDS 1
1992,0.0,0.0,VN,IDS 1
1993,0.0,0.0,VN,IDS 1
2028,0.0,0.0,VN,IDS 1
2031,0.0,0.0,VN,IDS 1
2033,0.0,0.0,VN,IDS 1
2034,0.0,0.0,VN,IDS 1
2035,0.0,0.0,VN,IDS 1
2036,0.0,0.0,VN,IDS 1
2037,0.0,0.0,VN,IDS 1
2038,0.0,0.0,VN,IDS 1
2039,0.0,0.0,VN,IDS 1
2040,0.0,0.0,VN,IDS 1
2042,0.0,0.0,VN,IDS 1
2043,0.0,0.0,VN,IDS 1
2044,0.0,0.0,VN,IDS 1
2045,0.0,0.0,VN,IDS 1
2046,0.0,0.0,VN,IDS 1
2047,0.0,0.0,VN,IDS 1
2050,0.0,0.0,VN,IDS 1
2052,0.0,0.0,VN,IDS 1
2782,0.0,0.0,VN,IDS 1
2783,0.0,0.0,VN,IDS 1
2785,0.0,0.0,VN,IDS 1
2786,0.0,0.0,VN,IDS 1
2787,0.0,0.0,VN,IDS 1
2788,0.0,0.0,VN,IDS 1
2789,0.0,0.0,VN,IDS 1
2792,0.0,0.0,VN,IDS 1
2794,0.0,0.0,VN,IDS 1
2795,0.0,0.0,VN,IDS 1
2796,0.0,0.0,VN,IDS 1
2797,0.0,0.0,VN,IDS 1
2798,0.0,0.0,VN,IDS 1
2800,0.0,0.0,VN,IDS 1
2801,0.0,0.0,VN,IDS 1
2802,0.0,0.0,VN,IDS 1
2804,0.0,0.0,VN,IDS 1
2806,0.0,0.0,VN,IDS 1
2808,0.0,0.0,VN,IDS 1
2809,0.0,0.0,VN,IDS 1
2810,0.0,0.0,VN,IDS 1
2981,0.0,0.0,VN,IDS 1
2982,0.0,0.0,VN,IDS 1
2983,0.0,0.0,VN,IDS 1
2984,0.0,0.0,VN,IDS 1
2986,0.0,0.0,VN,IDS 1
2987,1.0,0.0,FP,IDS 1
2989,0.0,0.0,VN,IDS 1
2990,0.0,0.0,VN,IDS 1
2993,0.0,0.0,VN,IDS 1
2994,0.0,0.0,VN,IDS 1
2997,0.0,0.0,VN,IDS 1
2998,0.0,0.0,VN,IDS 1
2999,0.0,0.0,VN,IDS 1
3000,0.0,0.0,VN,IDS 1
3001,0.0,0.0,VN,IDS 1
3003,0.0,0.0,VN,IDS 1
3006,0.0,0.0,VN,IDS 1
3008,0.0,0.0,VN,IDS 1
3013,0.0,0.0,VN,IDS 1
3015,0.0,0.0,VN,IDS 1
3018,0.0,0.0,VN,IDS 1
3087,0.0,0.0,VN,IDS 1
3088,0.0,0.0,VN,IDS 1
3089,0.0,0.0,VN,IDS 1
3090,0.0,0.0,VN,IDS 1
3420,0.0,0.0,VN,IDS 1
3421,0.0,0.0,VN,IDS 1
3424,0.0,0.0,VN,IDS 1
3426,0.0,0.0,VN,IDS 1
3427,0.0,0.0,VN,IDS 1
3428,0.0,0.0,VN,IDS 1
3429,0.0,0.0,VN,IDS 1
3431,0.0,0.0,VN,IDS 1
2,0.0,0.0,VN,IDS 1
4,0.0,0.0,VN,IDS 1
6,0.0,0.0,VN,IDS 1
10,0.0,0.0,VN,IDS 1
11,0.0,0.0,VN,IDS 1
3434,0.0,0.0,VN,IDS 1
3435,0.0,0.0,VN,IDS 1
14,0.0,0.0,VN,IDS 1
18,0.0,0.0,VN,IDS 1
3436,0.0,0.0,VN,IDS 1
3437,0.0,0.0,VN,IDS 1
3438,0.0,0.0,VN,IDS 1
3439,0.0,0.0,VN,IDS 1
3440,0.0,0.0,VN,IDS 1
3441,0.0,0.0,VN,IDS 1
3443,0.0,0.0,VN,IDS 1
3444,0.0,0.0,VN,IDS 1
3445,0.0,0.0,VN,IDS 1
3446,0.0,0.0,VN,IDS 1
3448,0.0,0.0,VN,IDS 1
3449,0.0,0.0,VN,IDS 1
3605,0.0,0.0,VN,IDS 1
3606,0.0,0.0,VN,IDS 1
3607,0.0,0.0,VN,IDS 1
3608,0.0,0.0,VN,IDS 1
3610,0.0,0.0,VN,IDS 1
3611,0.0,0.0,VN,IDS 1
3612,0.0,0.0,VN,IDS 1
3613,0.0,0.0,VN,IDS 1
3616,0.0,0.0,VN,IDS 1
3617,0.0,0.0,VN,IDS 1
3618,0.0,0.0,VN,IDS 1
3620,0.0,0.0,VN,IDS 1
3622,0.0,0.0,VN,IDS 1
3624,0.0,0.0,VN,IDS 1
3625,0.0,0.0,VN,IDS 1
3627,0.0,0.0,VN,IDS 1
3628,0.0,0.0,VN,IDS 1
3632,0.0,0.0,VN,IDS 1
3633,0.0,0.0,VN,IDS 1
3634,0.0,0.0,VN,IDS 1
3635,0.0,0.0,VN,IDS 1
3636,0.0,0.0,VN,IDS 1
4129,0.0,0.0,VN,IDS 1
4130,0.0,0.0,VN,IDS 1
4131,0.0,0.0,VN,IDS 1
4132,0.0,0.0,VN,IDS 1
4134,0.0,0.0,VN,IDS 1
4135,0.0,0.0,VN,IDS 1
4136,0.0,0.0,VN,IDS 1
4137,0.0,0.0,VN,IDS 1
4138,0.0,0.0,VN,IDS 1
4139,0.0,0.0,VN,IDS 1
4140,0.0,0.0,VN,IDS 1
4142,0.0,0.0,VN,IDS 1
4143,0.0,0.0,VN,IDS 1
4146,0.0,0.0,VN,IDS 1
4149,0.0,0.0,VN,IDS 1
4151,0.0,0.0,VN,IDS 1
4152,0.0,0.0,VN,IDS 1
4154,0.0,0.0,VN,IDS 1
4155,0.0,0.0,VN,IDS 1
4157,0.0,0.0,VN,IDS 1
4217,0.0,0.0,VN,IDS 1
6736,1.0,3.0,FN,IDS 1
6741,0.0,3.0,FN,IDS 1
6744,5.0,3.0,FN,IDS 1
6746,0.0,3.0,FN,IDS 1
6747,1.0,3.0,FN,IDS 1
6748,0.0,3.0,FN,IDS 1
6753,1.0,3.0,FN,IDS 1
6756,1.0,3.0,FN,IDS 1
6760,5.0,3.0,FN,IDS 1
6761,1.0,3.0,FN,IDS 1
6762,0.0,3.0,FN,IDS 1
6770,5.0,3.0,FN,IDS 1
6771,1.0,3.0,FN,IDS 1
6772,0.0,3.0,FN,IDS 1
6773,0.0,3.0,FN,IDS 1
6774,1.0,3.0,FN,IDS 1
6775,1.0,3.0,FN,IDS 1
6776,1.0,3.0,FN,IDS 1
7043,0.0,3.0,FN,IDS 1
7045,0.0,3.0,FN,IDS 1
7047,0.0,3.0,FN,IDS 1
7049,5.0,3.0,FN,IDS 1
7050,0.0,3.0,FN,IDS 1
7051,5.0,3.0,FN,IDS 1
7053,1.0,3.0,FN,IDS 1
7055,0.0,3.0,FN,IDS 1
7057,1.0,3.0,FN,IDS 1
7059,0.0,3.0,FN,IDS 1
7060,0.0,3.0,FN,IDS 1
7061,1.0,3.0,FN,IDS 1
7063,0.0,3.0,FN,IDS 1
7064,1.0,3.0,FN,IDS 1
1231,0.0,0.0,VN,IDS 1
1233,0.0,0.0,VN,IDS 1
1234,0.0,0.0,VN,IDS 1
1235,0.0,0.0,VN,IDS 1
1239,0.0,0.0,VN,IDS 1
1240,0.0,0.0,VN,IDS 1
1241,0.0,0.0,VN,IDS 1
1243,0.0,0.0,VN,IDS 1
1245,0.0,0.0,VN,IDS 1
1246,0.0,0.0,VN,IDS 1
1247,0.0,0.0,VN,IDS 1
1249,0.0,0.0,VN,IDS 1
1250,0.0,0.0,VN,IDS 1
1251,0.0,0.0,VN,IDS 1
1252,0.0,0.0,VN,IDS 1
1253,0.0,0.0,VN,IDS 1
1254,0.0,0.0,VN,IDS 1
1255,0.0,0.0,VN,IDS 1
1256,0.0,0.0,VN,IDS 1
1258,0.0,0.0,VN,IDS 1
1261,0.0,0.0,VN,IDS 1
1262,0.0,0.0,VN,IDS 1
1264,0.0,0.0,VN,IDS 1
1598,1.0,0.0,FP,IDS 1
1603,0.0,0.0,VN,IDS 1
1604,0.0,0.0,VN,IDS 1
1607,0.0,0.0,VN,IDS 1
1608,0.0,0.0,VN,IDS 1
1611,0.0,0.0,VN,IDS 1
1612,0.0,0.0,VN,IDS 1
1613,0.0,0.0,VN,IDS 1
1614,0.0,0.0,VN,IDS 1
1617,0.0,0.0,VN,IDS 1
1618,0.0,0.0,VN,IDS 1
1619,0.0,0.0,VN,IDS 1
1621,0.0,0.0,VN,IDS 1
1622,0.0,0.0,VN,IDS 1
1624,0.0,0.0,VN,IDS 1
1627,1.0,0.0,FP,IDS 1
1629,0.0,0.0,VN,IDS 1
1631,0.0,0.0,VN,IDS 1
1632,0.0,0.0,VN,IDS 1
1760,0.0,0.0,VN,IDS 1
1762,0.0,0.0,VN,IDS 1
3107,0.0,0.0,VN,IDS 1
3109,0.0,0.0,VN,IDS 1
3110,0.0,0.0,VN,IDS 1
3113,0.0,0.0,VN,IDS 1
3114,0.0,0.0,VN,IDS 1
3115,0.0,0.0,VN,IDS 1
3117,0.0,0.0,VN,IDS 1
3118,0.0,0.0,VN,IDS 1
3324,0.0,0.0,VN,IDS 1
3326,0.0,0.0,VN,IDS 1
3327,0.0,0.0,VN,IDS 1
3329,0.0,0.0,VN,IDS 1
3332,0.0,0.0,VN,IDS 1
3333,0.0,0.0,VN,IDS 1
3334,0.0,0.0,VN,IDS 1
3335,0.0,0.0,VN,IDS 1
3336,0.0,0.0,VN,IDS 1
3337,0.0,0.0,VN,IDS 1
3338,0.0,0.0,VN,IDS 1
3339,0.0,0.0,VN,IDS 1
3340,0.0,0.0,VN,IDS 1
3342,0.0,0.0,VN,IDS 1
3344,0.0,0.0,VN,IDS 1
3346,0.0,0.0,VN,IDS 1
3347,0.0,0.0,VN,IDS 1
3348,0.0,0.0,VN,IDS 1
3351,0.0,0.0,VN,IDS 1
3353,0.0,0.0,VN,IDS 1
3355,0.0,0.0,VN,IDS 1
3419,0.0,0.0,VN,IDS 1
19,0.0,0.0,VN,IDS 1
21,0.0,0.0,VN,IDS 1
22,0.0,0.0,VN,IDS 1
23,0.0,0.0,VN,IDS 1
24,0.0,0.0,VN,IDS 1
27,0.0,0.0,VN,IDS 1
28,0.0,0.0,VN,IDS 1
29,0.0,0.0,VN,IDS 1
30,0.0,0.0,VN,IDS 1
31,0.0,0.0,VN,IDS 1
32,0.0,0.0,VN,IDS 1
33,0.0,0.0,VN,IDS 1
34,0.0,0.0,VN,IDS 1
35,0.0,0.0,VN,IDS 1
36,0.0,0.0,VN,IDS 1
37,0.0,0.0,VN,IDS 1
3701,0.0,0.0,VN,IDS 1
3704,0.0,0.0,VN,IDS 1
3705,0.0,0.0,VN,IDS 1
3706,0.0,0.0,VN,IDS 1
3707,0.0,0.0,VN,IDS 1
3775,0.0,0.0,VN,IDS 1
3776,0.0,0.0,VN,IDS 1
3777,0.0,0.0,VN,IDS 1
3778,0.0,0.0,VN,IDS 1
3779,0.0,0.0,VN,IDS 1
3781,0.0,0.0,VN,IDS 1
3782,0.0,0.0,VN,IDS 1
3783,0.0,0.0,VN,IDS 1
3784,0.0,0.0,VN,IDS 1
3786,0.0,0.0,VN,IDS 1
3787,0.0,0.0,VN,IDS 1
3788,0.0,0.0,VN,IDS 1
3791,0.0,0.0,VN,IDS 1
3792,0.0,0.0,VN,IDS 1
3793,0.0,0.0,VN,IDS 1
3794,0.0,0.0,VN,IDS 1
3795,0.0,0.0,VN,IDS 1
3796,0.0,0.0,VN,IDS 1
3797,0.0,0.0,VN,IDS 1
3799,0.0,0.0,VN,IDS 1
3802,0.0,0.0,VN,IDS 1
3803,0.0,0.0,VN,IDS 1
3917,0.0,0.0,VN,IDS 1
3918,0.0,0.0,VN,IDS 1
3921,1.0,0.0,FP,IDS 1
3923,0.0,0.0,VN,IDS 1
3924,0.0,0.0,VN,IDS 1
3925,0.0,0.0,VN,IDS 1
3927,1.0,0.0,FP,IDS 1
3928,0.0,0.0,VN,IDS 1
3929,0.0,0.0,VN,IDS 1
3930,0.0,0.0,VN,IDS 1
3932,0.0,0.0,VN,IDS 1
3933,0.0,0.0,VN,IDS 1
3935,0.0,0.0,VN,IDS 1
3936,0.0,0.0,VN,IDS 1
3937,1.0,0.0,FP,IDS 1
3938,0.0,0.0,VN,IDS 1
3947,0.0,0.0,VN,IDS 1
3948,0.0,0.0,VN,IDS 1
3637,1.0,0.0,FP,IDS 1
3638,0.0,0.0,VN,IDS 1
3639,0.0,0.0,VN,IDS 1
3670,0.0,0.0,VN,IDS 1
3672,0.0,0.0,VN,IDS 1
3673,0.0,0.0,VN,IDS 1
3674,0.0,0.0,VN,IDS 1
3675,0.0,0.0,VN,IDS 1
3676,0.0,0.0,VN,IDS 1
3680,0.0,0.0,VN,IDS 1
3684,0.0,0.0,VN,IDS 1
3686,0.0,0.0,VN,IDS 1
3687,0.0,0.0,VN,IDS 1
3688,0.0,0.0,VN,IDS 1
3689,1.0,0.0,FP,IDS 1
3691,0.0,0.0,VN,IDS 1
3692,0.0,0.0,VN,IDS 1
3694,1.0,0.0,FP,IDS 1
3696,0.0,0.0,VN,IDS 1
3698,0.0,0.0,VN,IDS 1
3700,0.0,0.0,VN,IDS 1
3949,0.0,0.0,VN,IDS 1
3950,0.0,0.0,VN,IDS 1
3952,0.0,0.0,VN,IDS 1
4099,0.0,0.0,VN,IDS 1
4100,0.0,0.0,VN,IDS 1
4101,0.0,0.0,VN,IDS 1
4102,0.0,0.0,VN,IDS 1
4103,0.0,0.0,VN,IDS 1
4106,0.0,0.0,VN,IDS 1
4107,0.0,0.0,VN,IDS 1
4108,0.0,0.0,VN,IDS 1
4109,0.0,0.0,VN,IDS 1
4110,0.0,0.0,VN,IDS 1
4111,0.0,0.0,VN,IDS 1
4112,0.0,0.0,VN,IDS 1
4114,0.0,0.0,VN,IDS 1
4117,0.0,0.0,VN,IDS 1
4118,0.0,0.0,VN,IDS 1
4119,0.0,0.0,VN,IDS 1
4121,0.0,0.0,VN,IDS 1
4123,0.0,0.0,VN,IDS 1
4124,0.0,0.0,VN,IDS 1
4125,0.0,0.0,VN,IDS 1
4126,0.0,0.0,VN,IDS 1
4128,0.0,0.0,VN,IDS 1
4218,0.0,0.0,VN,IDS 1
4565,0.0,0.0,VN,IDS 1
4568,1.0,0.0,FP,IDS 1
4569,0.0,0.0,VN,IDS 1
4571,0.0,0.0,VN,IDS 1
4572,0.0,0.0,VN,IDS 1
4573,0.0,0.0,VN,IDS 1
4575,0.0,0.0,VN,IDS 1
4576,0.0,0.0,VN,IDS 1
4577,0.0,0.0,VN,IDS 1
4578,0.0,0.0,VN,IDS 1
4580,0.0,0.0,VN,IDS 1
4581,1.0,0.0,FP,IDS 1
4582,0.0,0.0,VN,IDS 1
4583,0.0,0.0,VN,IDS 1
4584,0.0,0.0,VN,IDS 1
4585,0.0,0.0,VN,IDS 1
4588,0.0,0.0,VN,IDS 1
4590,0.0,0.0,VN,IDS 1
4591,0.0,0.0,VN,IDS 1
4592,0.0,0.0,VN,IDS 1
4594,0.0,0.0,VN,IDS 1
4595,0.0,0.0,VN,IDS 1
4596,0.0,0.0,VN,IDS 1
4597,0.0,0.0,VN,IDS 1
4598,0.0,0.0,VN,IDS 1
4601,0.0,0.0,VN,IDS 1
4602,0.0,0.0,VN,IDS 1
4603,0.0,0.0,VN,IDS 1
4604,0.0,0.0,VN,IDS 1
4606,0.0,0.0,VN,IDS 1
4607,0.0,0.0,VN,IDS 1
4608,0.0,0.0,VN,IDS 1
4609,0.0,0.0,VN,IDS 1
4610,0.0,0.0,VN,IDS 1
4611,0.0,0.0,VN,IDS 1
4612,0.0,0.0,VN,IDS 1
4613,0.0,0.0,VN,IDS 1
4614,0.0,0.0,VN,IDS 1
4615,0.0,0.0,VN,IDS 1
4619,0.0,0.0,VN,IDS 1
4620,0.0,0.0,VN,IDS 1
4623,0.0,0.0,VN,IDS 1
4624,0.0,0.0,VN,IDS 1
4626,0.0,0.0,VN,IDS 1
4627,0.0,0.0,VN,IDS 1
4629,0.0,0.0,VN,IDS 1
4630,0.0,0.0,VN,IDS 1
4631,0.0,0.0,VN,IDS 1
4632,0.0,0.0,VN,IDS 1
4633,0.0,0.0,VN,IDS 1
4635,0.0,0.0,VN,IDS 1
4636,0.0,0.0,VN,IDS 1
4638,0.0,0.0,VN,IDS 1
4641,0.0,0.0,VN,IDS 1
4642,0.0,0.0,VN,IDS 1
4643,0.0,0.0,VN,IDS 1
4644,0.0,0.0,VN,IDS 1
4646,0.0,0.0,VN,IDS 1
4647,0.0,0.0,VN,IDS 1
4648,0.0,0.0,VN,IDS 1
4649,0.0,0.0,VN,IDS 1
4801,0.0,0.0,VN,IDS 1
4802,0.0,0.0,VN,IDS 1
4803,0.0,0.0,VN,IDS 1
4804,0.0,0.0,VN,IDS 1
4805,0.0,0.0,VN,IDS 1
4807,0.0,0.0,VN,IDS 1
4809,0.0,0.0,VN,IDS 1
4812,0.0,0.0,VN,IDS 1
4814,0.0,0.0,VN,IDS 1
4815,0.0,0.0,VN,IDS 1
4818,0.0,0.0,VN,IDS 1
4881,0.0,0.0,VN,IDS 1
4882,0.0,0.0,VN,IDS 1
4884,0.0,0.0,VN,IDS 1
4886,0.0,0.0,VN,IDS 1
4887,0.0,0.0,VN,IDS 1
4889,0.0,0.0,VN,IDS 1
4891,0.0,0.0,VN,IDS 1
4892,0.0,0.0,VN,IDS 1
4893,0.0,0.0,VN,IDS 1
4896,0.0,0.0,VN,IDS 1
4897,0.0,0.0,VN,IDS 1
4898,0.0,0.0,VN,IDS 1
4902,0.0,0.0,VN,IDS 1
4903,0.0,0.0,VN,IDS 1
5238,5.0,3.0,FN,IDS 1
5241,1.0,3.0,FN,IDS 1
5242,5.0,3.0,FN,IDS 1
5244,1.0,3.0,FN,IDS 1
5245,0.0,3.0,FN,IDS 1
5246,0.0,3.0,FN,IDS 1
5249,1.0,3.0,FN,IDS 1
5251,1.0,3.0,FN,IDS 1
5252,0.0,3.0,FN,IDS 1
5255,0.0,3.0,FN,IDS 1
5257,1.0,3.0,FN,IDS 1
5261,0.0,3.0,FN,IDS 1
5262,0.0,3.0,FN,IDS 1
5267,1.0,3.0,FN,IDS 1
5268,1.0,3.0,FN,IDS 1
5270,1.0,3.0,FN,IDS 1
5271,1.0,3.0,FN,IDS 1
5272,5.0,3.0,FN,IDS 1
5276,1.0,3.0,FN,IDS 1
5278,0.0,3.0,FN,IDS 1
5280,0.0,3.0,FN,IDS 1
5284,1.0,3.0,FN,IDS 1
5286,0.0,3.0,FN,IDS 1
5287,0.0,3.0,FN,IDS 1
5288,1.0,3.0,FN,IDS 1
5289,0.0,3.0,FN,IDS 1
5290,0.0,3.0,FN,IDS 1
5389,1.0,3.0,FN,IDS 1
5393,5.0,3.0,FN,IDS 1
5394,0.0,3.0,FN,IDS 1
5399,1.0,3.0,FN,IDS 1
5401,0.0,3.0,FN,IDS 1
5402,1.0,3.0,FN,IDS 1
5403,1.0,3.0,FN,IDS 1
5405,0.0,3.0,FN,IDS 1
5406,1.0,3.0,FN,IDS 1
5409,0.0,3.0,FN,IDS 1
5410,1.0,3.0,FN,IDS 1
5411,5.0,3.0,FN,IDS 1
5412,0.0,3.0,FN,IDS 1
5413,1.0,3.0,FN,IDS 1
5415,1.0,3.0,FN,IDS 1
5417,5.0,3.0,FN,IDS 1
5421,1.0,3.0,FN,IDS 1
5425,0.0,3.0,FN,IDS 1
5428,0.0,3.0,FN,IDS 1
5429,1.0,3.0,FN,IDS 1
5430,5.0,3.0,FN,IDS 1
5434,1.0,3.0,FN,IDS 1
5436,1.0,3.0,FN,IDS 1
5442,1.0,3.0,FN,IDS 1
5443,0.0,3.0,FN,IDS 1
5444,1.0,3.0,FN,IDS 1
5708,0.0,3.0,FN,IDS 1
5712,0.0,3.0,FN,IDS 1
5715,5.0,3.0,FN,IDS 1
5719,1.0,3.0,FN,IDS 1
5720,0.0,3.0,FN,IDS 1
5722,1.0,3.0,FN,IDS 1
5723,1.0,3.0,FN,IDS 1
5729,1.0,3.0,FN,IDS 1
5733,1.0,3.0,FN,IDS 1
5734,1.0,3.0,FN,IDS 1
5736,1.0,3.0,FN,IDS 1
5738,5.0,3.0,FN,IDS 1
5739,5.0,3.0,FN,IDS 1
5742,1.0,3.0,FN,IDS 1
5891,0.0,3.0,FN,IDS 1
5897,1.0,3.0,FN,IDS 1
5899,1.0,3.0,FN,IDS 1
5900,0.0,3.0,FN,IDS 1
5901,1.0,3.0,FN,IDS 1
5906,0.0,3.0,FN,IDS 1
5907,1.0,3.0,FN,IDS 1
5914,0.0,3.0,FN,IDS 1
5915,1.0,3.0,FN,IDS 1
5917,0.0,3.0,FN,IDS 1
5918,0.0,3.0,FN,IDS 1
5919,1.0,3.0,FN,IDS 1
5920,1.0,3.0,FN,IDS 1
5923,0.0,3.0,FN,IDS 1
5930,0.0,3.0,FN,IDS 1
5932,1.0,3.0,FN,IDS 1
5933,0.0,3.0,FN,IDS 1
5936,1.0,3.0,FN,IDS 1
5937,1.0,3.0,FN,IDS 1
5940,0.0,3.0,FN,IDS 1
5941,1.0,3.0,FN,IDS 1
5945,1.0,3.0,FN,IDS 1
5947,1.0,3.0,FN,IDS 1
5951,1.0,3.0,FN,IDS 1
4905,0.0,0.0,VN,IDS 1
4906,0.0,0.0,VN,IDS 1
4908,1.0,0.0,FP,IDS 1
4909,0.0,0.0,VN,IDS 1
4910,0.0,0.0,VN,IDS 1
4912,0.0,0.0,VN,IDS 1
4913,0.0,0.0,VN,IDS 1
4914,0.0,0.0,VN,IDS 1
4980,0.0,0.0,VN,IDS 1
4981,0.0,0.0,VN,IDS 1
4982,0.0,0.0,VN,IDS 1
4983,0.0,0.0,VN,IDS 1
4984,0.0,0.0,VN,IDS 1
4985,0.0,0.0,VN,IDS 1
4986,0.0,0.0,VN,IDS 1
4987,0.0,0.0,VN,IDS 1
4988,0.0,0.0,VN,IDS 1
4990,0.0,0.0,VN,IDS 1
4993,0.0,0.0,VN,IDS 1
4994,0.0,0.0,VN,IDS 1
4996,0.0,0.0,VN,IDS 1
4998,1.0,3.0,FN,IDS 1
5130,0.0,3.0,FN,IDS 1
5133,1.0,3.0,FN,IDS 1
5134,0.0,3.0,FN,IDS 1
5136,5.0,3.0,FN,IDS 1
5137,5.0,3.0,FN,IDS 1
5140,1.0,3.0,FN,IDS 1
5191,0.0,3.0,FN,IDS 1
5192,0.0,3.0,FN,IDS 1
5196,1.0,3.0,FN,IDS 1
5197,0.0,3.0,FN,IDS 1
5200,1.0,3.0,FN,IDS 1
5204,1.0,3.0,FN,IDS 1
5206,0.0,3.0,FN,IDS 1
5209,1.0,3.0,FN,IDS 1
5210,1.0,3.0,FN,IDS 1
5211,1.0,3.0,FN,IDS 1
5215,1.0,3.0,FN,IDS 1
5218,1.0,3.0,FN,IDS 1
5222,0.0,3.0,FN,IDS 1
5223,1.0,3.0,FN,IDS 1
5230,0.0,3.0,FN,IDS 1
5231,1.0,3.0,FN,IDS 1
5235,1.0,3.0,FN,IDS 1
5606,1.0,3.0,FN,IDS 1
5609,0.0,3.0,FN,IDS 1
5610,1.0,3.0,FN,IDS 1
5613,1.0,3.0,FN,IDS 1
5615,5.0,3.0,FN,IDS 1
5616,0.0,3.0,FN,IDS 1
5617,1.0,3.0,FN,IDS 1
5618,0.0,3.0,FN,IDS 1
5626,1.0,3.0,FN,IDS 1
5629,1.0,3.0,FN,IDS 1
5630,0.0,3.0,FN,IDS 1
5631,0.0,3.0,FN,IDS 1
5634,0.0,3.0,FN,IDS 1
5635,0.0,3.0,FN,IDS 1
5956,1.0,3.0,FN,IDS 1
5957,0.0,3.0,FN,IDS 1
5960,1.0,3.0,FN,IDS 1
5962,1.0,3.0,FN,IDS 1
5968,5.0,3.0,FN,IDS 1
5970,5.0,3.0,FN,IDS 1
5973,0.0,3.0,FN,IDS 1
5975,1.0,3.0,FN,IDS 1
5978,0.0,3.0,FN,IDS 1
5979,1.0,3.0,FN,IDS 1
5982,1.0,3.0,FN,IDS 1
5983,5.0,3.0,FN,IDS 1
5987,1.0,3.0,FN,IDS 1
6113,1.0,3.0,FN,IDS 1
6116,0.0,3.0,FN,IDS 1
6118,1.0,3.0,FN,IDS 1
6119,1.0,3.0,FN,IDS 1
6122,0.0,3.0,FN,IDS 1
6125,1.0,3.0,FN,IDS 1
6127,1.0,3.0,FN,IDS 1
6129,1.0,3.0,FN,IDS 1
6136,0.0,3.0,FN,IDS 1
6137,1.0,3.0,FN,IDS 1
6141,1.0,3.0,FN,IDS 1
6142,1.0,3.0,FN,IDS 1
6143,5.0,3.0,FN,IDS 1
6145,1.0,3.0,FN,IDS 1
6146,1.0,3.0,FN,IDS 1
6149,1.0,3.0,FN,IDS 1
6150,1.0,3.0,FN,IDS 1
6151,1.0,3.0,FN,IDS 1
6153,1.0,3.0,FN,IDS 1
6155,0.0,3.0,FN,IDS 1
6162,1.0,3.0,FN,IDS 1
6166,0.0,3.0,FN,IDS 1
6167,1.0,3.0,FN,IDS 1
6168,5.0,3.0,FN,IDS 1
6172,0.0,3.0,FN,IDS 1
6173,0.0,3.0,FN,IDS 1
6174,1.0,3.0,FN,IDS 1
6177,0.0,3.0,FN,IDS 1
6178,1.0,3.0,FN,IDS 1
6180,0.0,3.0,FN,IDS 1
6181,0.0,3.0,FN,IDS 1
6182,1.0,3.0,FN,IDS 1
6183,0.0,3.0,FN,IDS 1
6189,1.0,3.0,FN,IDS 1
6192,1.0,3.0,FN,IDS 1
6195,1.0,3.0,FN,IDS 1
6197,0.0,3.0,FN,IDS 1
6200,1.0,3.0,FN,IDS 1
6202,1.0,3.0,FN,IDS 1
6204,1.0,3.0,FN,IDS 1
6209,0.0,3.0,FN,IDS 1
6210,5.0,3.0,FN,IDS 1
6211,0.0,3.0,FN,IDS 1
6213,0.0,3.0,FN,IDS 1
6258,1.0,3.0,FN,IDS 1
6259,5.0,3.0,FN,IDS 1
6260,1.0,3.0,FN,IDS 1
6265,1.0,3.0,FN,IDS 1
6266,0.0,3.0,FN,IDS 1
6270,0.0,3.0,FN,IDS 1
6273,5.0,3.0,FN,IDS 1
6274,0.0,3.0,FN,IDS 1
6275,0.0,3.0,FN,IDS 1
6277,0.0,3.0,FN,IDS 1
6279,1.0,3.0,FN,IDS 1
6281,0.0,3.0,FN,IDS 1
6285,1.0,3.0,FN,IDS 1
6286,1.0,3.0,FN,IDS 1
6287,1.0,3.0,FN,IDS 1
6290,1.0,3.0,FN,IDS 1
6292,0.0,3.0,FN,IDS 1
6293,1.0,3.0,FN,IDS 1
6295,1.0,3.0,FN,IDS 1
6296,1.0,3.0,FN,IDS 1
6298,1.0,3.0,FN,IDS 1
6299,1.0,3.0,FN,IDS 1
6300,0.0,3.0,FN,IDS 1
6303,1.0,3.0,FN,IDS 1
6304,1.0,3.0,FN,IDS 1
6306,1.0,3.0,FN,IDS 1
6308,0.0,3.0,FN,IDS 1
6312,1.0,3.0,FN,IDS 1
6314,0.0,3.0,FN,IDS 1
6318,0.0,3.0,FN,IDS 1
6320,1.0,3.0,FN,IDS 1
6321,1.0,3.0,FN,IDS 1
6322,1.0,3.0,FN,IDS 1
6324,1.0,3.0,FN,IDS 1
6330,2.0,3.0,FN,IDS 1
6333,1.0,3.0,FN,IDS 1
6563,1.0,3.0,FN,IDS 1
6568,1.0,3.0,FN,IDS 1
6569,0.0,3.0,FN,IDS 1
4219,0.0,0.0,VN,IDS 1
4221,0.0,0.0,VN,IDS 1
4223,0.0,0.0,VN,IDS 1
4224,0.0,0.0,VN,IDS 1
4225,0.0,0.0,VN,IDS 1
4227,0.0,0.0,VN,IDS 1
4230,0.0,0.0,VN,IDS 1
4231,0.0,0.0,VN,IDS 1
4232,0.0,0.0,VN,IDS 1
4234,0.0,0.0,VN,IDS 1
4236,0.0,0.0,VN,IDS 1
4238,0.0,0.0,VN,IDS 1
4239,0.0,0.0,VN,IDS 1
4240,0.0,0.0,VN,IDS 1
4241,0.0,0.0,VN,IDS 1
4242,0.0,0.0,VN,IDS 1
4243,0.0,0.0,VN,IDS 1
4244,0.0,0.0,VN,IDS 1
4245,0.0,0.0,VN,IDS 1
4246,0.0,0.0,VN,IDS 1
4247,0.0,0.0,VN,IDS 1
4248,0.0,0.0,VN,IDS 1
4249,0.0,0.0,VN,IDS 1
4251,0.0,0.0,VN,IDS 1
4252,0.0,0.0,VN,IDS 1
4254,0.0,0.0,VN,IDS 1
4255,0.0,0.0,VN,IDS 1
4256,0.0,0.0,VN,IDS 1
4257,0.0,0.0,VN,IDS 1
4260,0.0,0.0,VN,IDS 1
4261,0.0,0.0,VN,IDS 1
4262,0.0,0.0,VN,IDS 1
4263,0.0,0.0,VN,IDS 1
4264,0.0,0.0,VN,IDS 1
4267,0.0,0.0,VN,IDS 1
4268,0.0,0.0,VN,IDS 1
4269,0.0,0.0,VN,IDS 1
4270,0.0,0.0,VN,IDS 1
4271,0.0,0.0,VN,IDS 1
4273,0.0,0.0,VN,IDS 1
4346,0.0,0.0,VN,IDS 1
4347,0.0,0.0,VN,IDS 1
4348,0.0,0.0,VN,IDS 1
4351,0.0,0.0,VN,IDS 1
4352,0.0,0.0,VN,IDS 1
4354,0.0,0.0,VN,IDS 1
4356,0.0,0.0,VN,IDS 1
4357,0.0,0.0,VN,IDS 1
4359,0.0,0.0,VN,IDS 1
4360,0.0,0.0,VN,IDS 1
4361,0.0,0.0,VN,IDS 1
4363,0.0,0.0,VN,IDS 1
4364,0.0,0.0,VN,IDS 1
4366,0.0,0.0,VN,IDS 1
4367,0.0,0.0,VN,IDS 1
4368,0.0,0.0,VN,IDS 1
4370,0.0,0.0,VN,IDS 1
4371,0.0,0.0,VN,IDS 1
4372,0.0,0.0,VN,IDS 1
4373,0.0,0.0,VN,IDS 1
4375,0.0,0.0,VN,IDS 1
4563,0.0,0.0,VN,IDS 1
4564,0.0,0.0,VN,IDS 1
4650,0.0,0.0,VN,IDS 1
4651,0.0,0.0,VN,IDS 1
4652,0.0,0.0,VN,IDS 1
4653,0.0,0.0,VN,IDS 1
4758,0.0,0.0,VN,IDS 1
4760,0.0,0.0,VN,IDS 1
4761,0.0,0.0,VN,IDS 1
4762,0.0,0.0,VN,IDS 1
4763,0.0,0.0,VN,IDS 1
4764,0.0,0.0,VN,IDS 1
4765,0.0,0.0,VN,IDS 1
4768,0.0,0.0,VN,IDS 1
4769,0.0,0.0,VN,IDS 1
4770,0.0,0.0,VN,IDS 1
4771,0.0,0.0,VN,IDS 1
4773,0.0,0.0,VN,IDS 1
4774,0.0,0.0,VN,IDS 1
5638,1.0,3.0,FN,IDS 1
5642,5.0,3.0,FN,IDS 1
5645,1.0,3.0,FN,IDS 1
5647,0.0,3.0,FN,IDS 1
5649,5.0,3.0,FN,IDS 1
5650,1.0,3.0,FN,IDS 1
5654,5.0,3.0,FN,IDS 1
5655,0.0,3.0,FN,IDS 1
5657,1.0,3.0,FN,IDS 1
5659,0.0,3.0,FN,IDS 1
5661,1.0,3.0,FN,IDS 1
5662,1.0,3.0,FN,IDS 1
5665,1.0,3.0,FN,IDS 1
5667,5.0,3.0,FN,IDS 1
5670,1.0,3.0,FN,IDS 1
5671,0.0,3.0,FN,IDS 1
5676,1.0,3.0,FN,IDS 1
5679,1.0,3.0,FN,IDS 1
5681,1.0,3.0,FN,IDS 1
5686,0.0,3.0,FN,IDS 1
5690,5.0,3.0,FN,IDS 1
5694,1.0,3.0,FN,IDS 1
5696,1.0,3.0,FN,IDS 1
5698,1.0,3.0,FN,IDS 1
5700,0.0,3.0,FN,IDS 1
5702,1.0,3.0,FN,IDS 1
5703,1.0,3.0,FN,IDS 1
5705,1.0,3.0,FN,IDS 1
195,0.0,0.0,VN,IDS 1
196,0.0,0.0,VN,IDS 1
197,0.0,0.0,VN,IDS 1
199,0.0,0.0,VN,IDS 1
200,0.0,0.0,VN,IDS 1
201,0.0,0.0,VN,IDS 1
203,0.0,0.0,VN,IDS 1
204,0.0,0.0,VN,IDS 1
205,0.0,0.0,VN,IDS 1
207,0.0,0.0,VN,IDS 1
208,0.0,0.0,VN,IDS 1
209,0.0,0.0,VN,IDS 1
211,0.0,0.0,VN,IDS 1
213,0.0,0.0,VN,IDS 1
214,0.0,0.0,VN,IDS 1
216,0.0,0.0,VN,IDS 1
218,0.0,0.0,VN,IDS 1
219,0.0,0.0,VN,IDS 1
221,0.0,0.0,VN,IDS 1
222,0.0,0.0,VN,IDS 1
227,0.0,0.0,VN,IDS 1
325,0.0,0.0,VN,IDS 1
326,0.0,0.0,VN,IDS 1
327,0.0,0.0,VN,IDS 1
329,0.0,0.0,VN,IDS 1
330,1.0,0.0,FP,IDS 1
334,0.0,0.0,VN,IDS 1
340,0.0,0.0,VN,IDS 1
341,0.0,0.0,VN,IDS 1
344,0.0,0.0,VN,IDS 1
345,0.0,0.0,VN,IDS 1
347,0.0,0.0,VN,IDS 1
349,0.0,0.0,VN,IDS 1
621,0.0,0.0,VN,IDS 1
622,0.0,0.0,VN,IDS 1
623,0.0,0.0,VN,IDS 1
626,0.0,0.0,VN,IDS 1
627,0.0,0.0,VN,IDS 1
628,0.0,0.0,VN,IDS 1
629,0.0,0.0,VN,IDS 1
632,0.0,0.0,VN,IDS 1
633,0.0,0.0,VN,IDS 1
634,0.0,0.0,VN,IDS 1
635,1.0,0.0,FP,IDS 1
677,0.0,0.0,VN,IDS 1
678,0.0,0.0,VN,IDS 1
679,0.0,0.0,VN,IDS 1
680,0.0,0.0,VN,IDS 1
681,0.0,0.0,VN,IDS 1
683,0.0,0.0,VN,IDS 1
684,0.0,0.0,VN,IDS 1
685,0.0,0.0,VN,IDS 1
687,0.0,0.0,VN,IDS 1
688,0.0,0.0,VN,IDS 1
690,0.0,0.0,VN,IDS 1
692,0.0,0.0,VN,IDS 1
693,0.0,0.0,VN,IDS 1
697,0.0,0.0,VN,IDS 1
698,0.0,0.0,VN,IDS 1
700,0.0,0.0,VN,IDS 1
702,1.0,0.0,FP,IDS 1
705,1.0,0.0,FP,IDS 1
706,0.0,0.0,VN,IDS 1
709,0.0,0.0,VN,IDS 1
710,0.0,0.0,VN,IDS 1
774,1.0,0.0,FP,IDS 1
775,0.0,0.0,VN,IDS 1
776,0.0,0.0,VN,IDS 1
777,0.0,0.0,VN,IDS 1
778,0.0,0.0,VN,IDS 1
780,0.0,0.0,VN,IDS 1
782,0.0,0.0,VN,IDS 1
783,0.0,0.0,VN,IDS 1
786,0.0,0.0,VN,IDS 1
790,0.0,0.0,VN,IDS 1
791,0.0,0.0,VN,IDS 1
792,0.0,0.0,VN,IDS 1
867,0.0,0.0,VN,IDS 1
868,0.0,0.0,VN,IDS 1
869,0.0,0.0,VN,IDS 1
870,0.0,0.0,VN,IDS 1
871,0.0,0.0,VN,IDS 1
872,0.0,0.0,VN,IDS 1
874,0.0,0.0,VN,IDS 1
876,0.0,0.0,VN,IDS 1
877,0.0,0.0,VN,IDS 1
879,0.0,0.0,VN,IDS 1
951,0.0,0.0,VN,IDS 1
952,0.0,0.0,VN,IDS 1
953,0.0,0.0,VN,IDS 1
954,0.0,0.0,VN,IDS 1
955,0.0,0.0,VN,IDS 1
956,0.0,0.0,VN,IDS 1
957,0.0,0.0,VN,IDS 1
959,0.0,0.0,VN,IDS 1
960,0.0,0.0,VN,IDS 1
961,0.0,0.0,VN,IDS 1
963,0.0,0.0,VN,IDS 1
1534,0.0,0.0,VN,IDS 1
1633,0.0,0.0,VN,IDS 1
1635,0.0,0.0,VN,IDS 1
1637,0.0,0.0,VN,IDS 1
1638,0.0,0.0,VN,IDS 1
1639,0.0,0.0,VN,IDS 1
1640,0.0,0.0,VN,IDS 1
1641,0.0,0.0,VN,IDS 1
1644,0.0,0.0,VN,IDS 1
1645,0.0,0.0,VN,IDS 1
1646,0.0,0.0,VN,IDS 1
1647,0.0,0.0,VN,IDS 1
1648,0.0,0.0,VN,IDS 1
1649,0.0,0.0,VN,IDS 1
1653,0.0,0.0,VN,IDS 1
1654,0.0,0.0,VN,IDS 1
1656,0.0,0.0,VN,IDS 1
1659,0.0,0.0,VN,IDS 1
1660,0.0,0.0,VN,IDS 1
1661,0.0,0.0,VN,IDS 1
1662,0.0,0.0,VN,IDS 1
4775,0.0,0.0,VN,IDS 1
4777,0.0,0.0,VN,IDS 1
4778,0.0,0.0,VN,IDS 1
4779,1.0,0.0,FP,IDS 1
4780,0.0,0.0,VN,IDS 1
4781,0.0,0.0,VN,IDS 1
4782,0.0,0.0,VN,IDS 1
4783,0.0,0.0,VN,IDS 1
4785,0.0,0.0,VN,IDS 1
4786,0.0,0.0,VN,IDS 1
4788,0.0,0.0,VN,IDS 1
4789,0.0,0.0,VN,IDS 1
4790,0.0,0.0,VN,IDS 1
4792,0.0,0.0,VN,IDS 1
4793,0.0,0.0,VN,IDS 1
4794,0.0,0.0,VN,IDS 1
4797,0.0,0.0,VN,IDS 1
4798,0.0,0.0,VN,IDS 1
5004,5.0,3.0,FN,IDS 1
5008,1.0,3.0,FN,IDS 1
5009,1.0,3.0,FN,IDS 1
5010,0.0,3.0,FN,IDS 1
5013,0.0,3.0,FN,IDS 1
5014,1.0,3.0,FN,IDS 1
5015,0.0,3.0,FN,IDS 1
5095,5.0,3.0,FN,IDS 1
5098,1.0,3.0,FN,IDS 1
5100,0.0,3.0,FN,IDS 1
5102,1.0,3.0,FN,IDS 1
5105,1.0,3.0,FN,IDS 1
5106,0.0,3.0,FN,IDS 1
5108,1.0,3.0,FN,IDS 1
5109,5.0,3.0,FN,IDS 1
5112,1.0,3.0,FN,IDS 1
5115,0.0,3.0,FN,IDS 1
5119,0.0,3.0,FN,IDS 1
5121,5.0,3.0,FN,IDS 1
5122,5.0,3.0,FN,IDS 1
5125,1.0,3.0,FN,IDS 1
5129,1.0,3.0,FN,IDS 1
5446,1.0,3.0,FN,IDS 1
5452,1.0,3.0,FN,IDS 1
5454,1.0,3.0,FN,IDS 1
5455,1.0,3.0,FN,IDS 1
5456,5.0,3.0,FN,IDS 1
5458,1.0,3.0,FN,IDS 1
5459,0.0,3.0,FN,IDS 1
5461,5.0,3.0,FN,IDS 1
5472,0.0,3.0,FN,IDS 1
5473,0.0,3.0,FN,IDS 1
5474,1.0,3.0,FN,IDS 1
5476,0.0,3.0,FN,IDS 1
5479,1.0,3.0,FN,IDS 1
5481,1.0,3.0,FN,IDS 1
5487,0.0,3.0,FN,IDS 1
5488,1.0,3.0,FN,IDS 1
5489,1.0,3.0,FN,IDS 1
5586,1.0,3.0,FN,IDS 1
5591,0.0,3.0,FN,IDS 1
5594,1.0,3.0,FN,IDS 1
5602,1.0,3.0,FN,IDS 1
5603,0.0,3.0,FN,IDS 1
5604,0.0,3.0,FN,IDS 1
5605,0.0,3.0,FN,IDS 1
5994,0.0,3.0,FN,IDS 1
6002,0.0,3.0,FN,IDS 1
6003,0.0,3.0,FN,IDS 1
6009,5.0,3.0,FN,IDS 1
6010,1.0,3.0,FN,IDS 1
6012,1.0,3.0,FN,IDS 1
6013,0.0,3.0,FN,IDS 1
6014,1.0,3.0,FN,IDS 1
6015,0.0,3.0,FN,IDS 1
6016,1.0,3.0,FN,IDS 1
6017,1.0,3.0,FN,IDS 1
6019,0.0,3.0,FN,IDS 1
6022,1.0,3.0,FN,IDS 1
6027,5.0,3.0,FN,IDS 1
6029,0.0,3.0,FN,IDS 1
6030,0.0,3.0,FN,IDS 1
6031,5.0,3.0,FN,IDS 1
6038,1.0,3.0,FN,IDS 1
6042,1.0,3.0,FN,IDS 1
6044,1.0,3.0,FN,IDS 1
6045,5.0,3.0,FN,IDS 1
6048,0.0,3.0,FN,IDS 1
6051,0.0,3.0,FN,IDS 1
6052,1.0,3.0,FN,IDS 1
6055,0.0,3.0,FN,IDS 1
6056,1.0,3.0,FN,IDS 1
6107,1.0,3.0,FN,IDS 1
6108,0.0,3.0,FN,IDS 1
6339,0.0,3.0,FN,IDS 1
6341,1.0,3.0,FN,IDS 1
6344,0.0,3.0,FN,IDS 1
6345,1.0,3.0,FN,IDS 1
6348,0.0,3.0,FN,IDS 1
6349,1.0,3.0,FN,IDS 1
6531,1.0,3.0,FN,IDS 1
6534,1.0,3.0,FN,IDS 1
6535,1.0,3.0,FN,IDS 1
6536,1.0,3.0,FN,IDS 1
6537,1.0,3.0,FN,IDS 1
6538,1.0,3.0,FN,IDS 1
6539,5.0,3.0,FN,IDS 1
6541,1.0,3.0,FN,IDS 1
6543,0.0,3.0,FN,IDS 1
6545,1.0,3.0,FN,IDS 1
6546,5.0,3.0,FN,IDS 1
6548,1.0,3.0,FN,IDS 1
6550,1.0,3.0,FN,IDS 1
6552,1.0,3.0,FN,IDS 1
6553,1.0,3.0,FN,IDS 1
6558,1.0,3.0,FN,IDS 1
6560,1.0,3.0,FN,IDS 1
6562,0.0,3.0,FN,IDS 1
353,0.0,0.0,VN,IDS 1
356,0.0,0.0,VN,IDS 1
358,0.0,0.0,VN,IDS 1
360,0.0,0.0,VN,IDS 1
361,0.0,0.0,VN,IDS 1
363,0.0,0.0,VN,IDS 1
365,0.0,0.0,VN,IDS 1
366,0.0,0.0,VN,IDS 1
367,0.0,0.0,VN,IDS 1
431,0.0,0.0,VN,IDS 1
432,0.0,0.0,VN,IDS 1
434,0.0,0.0,VN,IDS 1
435,0.0,0.0,VN,IDS 1
436,0.0,0.0,VN,IDS 1
438,0.0,0.0,VN,IDS 1
439,0.0,0.0,VN,IDS 1
441,0.0,0.0,VN,IDS 1
442,0.0,0.0,VN,IDS 1
444,0.0,0.0,VN,IDS 1
445,0.0,0.0,VN,IDS 1
447,0.0,0.0,VN,IDS 1
449,0.0,0.0,VN,IDS 1
451,0.0,0.0,VN,IDS 1
452,0.0,0.0,VN,IDS 1
454,0.0,0.0,VN,IDS 1
456,0.0,0.0,VN,IDS 1
457,1.0,0.0,FP,IDS 1
459,0.0,0.0,VN,IDS 1
461,0.0,0.0,VN,IDS 1
463,0.0,0.0,VN,IDS 1
501,0.0,0.0,VN,IDS 1
502,0.0,0.0,VN,IDS 1
503,0.0,0.0,VN,IDS 1
504,0.0,0.0,VN,IDS 1
505,0.0,0.0,VN,IDS 1
506,0.0,0.0,VN,IDS 1
507,0.0,0.0,VN,IDS 1
509,0.0,0.0,VN,IDS 1
511,0.0,0.0,VN,IDS 1
512,0.0,0.0,VN,IDS 1
515,0.0,0.0,VN,IDS 1
517,0.0,0.0,VN,IDS 1
964,0.0,0.0,VN,IDS 1
965,1.0,0.0,FP,IDS 1
968,0.0,0.0,VN,IDS 1
969,0.0,0.0,VN,IDS 1
970,0.0,0.0,VN,IDS 1
972,0.0,0.0,VN,IDS 1
973,0.0,0.0,VN,IDS 1
974,0.0,0.0,VN,IDS 1
977,0.0,0.0,VN,IDS 1
980,1.0,0.0,FP,IDS 1
981,0.0,0.0,VN,IDS 1
982,0.0,0.0,VN,IDS 1
983,0.0,0.0,VN,IDS 1
984,0.0,0.0,VN,IDS 1
985,0.0,0.0,VN,IDS 1
986,0.0,0.0,VN,IDS 1
988,0.0,0.0,VN,IDS 1
989,0.0,0.0,VN,IDS 1
991,0.0,0.0,VN,IDS 1
993,0.0,0.0,VN,IDS 1
994,0.0,0.0,VN,IDS 1
1035,0.0,0.0,VN,IDS 1
1037,0.0,0.0,VN,IDS 1
1038,0.0,0.0,VN,IDS 1
1039,0.0,0.0,VN,IDS 1
1041,0.0,0.0,VN,IDS 1
1042,0.0,0.0,VN,IDS 1
1043,0.0,0.0,VN,IDS 1
1044,0.0,0.0,VN,IDS 1
1045,0.0,0.0,VN,IDS 1
1046,0.0,0.0,VN,IDS 1
1047,0.0,0.0,VN,IDS 1
1048,0.0,0.0,VN,IDS 1
1050,0.0,0.0,VN,IDS 1
1051,0.0,0.0,VN,IDS 1
1117,0.0,0.0,VN,IDS 1
1120,0.0,0.0,VN,IDS 1
1121,0.0,0.0,VN,IDS 1
1122,0.0,0.0,VN,IDS 1
1123,0.0,0.0,VN,IDS 1
1124,0.0,0.0,VN,IDS 1
1125,0.0,0.0,VN,IDS 1
1438,0.0,0.0,VN,IDS 1
1441,0.0,0.0,VN,IDS 1
1442,0.0,0.0,VN,IDS 1
1443,0.0,0.0,VN,IDS 1
1445,0.0,0.0,VN,IDS 1
1446,0.0,0.0,VN,IDS 1
1447,0.0,0.0,VN,IDS 1
1449,0.0,0.0,VN,IDS 1
1451,0.0,0.0,VN,IDS 1
1453,0.0,0.0,VN,IDS 1
1455,0.0,0.0,VN,IDS 1
1456,0.0,0.0,VN,IDS 1
1457,0.0,0.0,VN,IDS 1
1458,0.0,0.0,VN,IDS 1
1459,0.0,0.0,VN,IDS 1
1461,0.0,0.0,VN,IDS 1
1462,0.0,0.0,VN,IDS 1
1463,0.0,0.0,VN,IDS 1
1464,0.0,0.0,VN,IDS 1
1465,0.0,0.0,VN,IDS 1
1466,0.0,0.0,VN,IDS 1
1502,0.0,0.0,VN,IDS 1
1503,0.0,0.0,VN,IDS 1
1504,0.0,0.0,VN,IDS 1
1507,0.0,0.0,VN,IDS 1
1508,0.0,0.0,VN,IDS 1
1509,0.0,0.0,VN,IDS 1
1510,0.0,0.0,VN,IDS 1
1513,0.0,0.0,VN,IDS 1
1514,0.0,0.0,VN,IDS 1
1516,0.0,0.0,VN,IDS 1
1518,0.0,0.0,VN,IDS 1
1519,0.0,0.0,VN,IDS 1
1520,0.0,0.0,VN,IDS 1
1521,0.0,0.0,VN,IDS 1
1522,0.0,0.0,VN,IDS 1
1523,0.0,0.0,VN,IDS 1
1526,0.0,0.0,VN,IDS 1
1528,0.0,0.0,VN,IDS 1
1530,0.0,0.0,VN,IDS 1
1532,0.0,0.0,VN,IDS 1
1533,0.0,0.0,VN,IDS 1
1759,0.0,0.0,VN,IDS 1
1820,0.0,0.0,VN,IDS 1
1821,0.0,0.0,VN,IDS 1
1822,0.0,0.0,VN,IDS 1
1823,0.0,0.0,VN,IDS 1
1824,0.0,0.0,VN,IDS 1
1829,0.0,0.0,VN,IDS 1
1830,0.0,0.0,VN,IDS 1
1834,0.0,0.0,VN,IDS 1
1835,0.0,0.0,VN,IDS 1
1836,0.0,0.0,VN,IDS 1
1837,0.0,0.0,VN,IDS 1
1838,0.0,0.0,VN,IDS 1
1839,0.0,0.0,VN,IDS 1
1840,0.0,0.0,VN,IDS 1
1844,0.0,0.0,VN,IDS 1
1845,0.0,0.0,VN,IDS 1
1846,0.0,0.0,VN,IDS 1
1847,0.0,0.0,VN,IDS 1
1848,0.0,0.0,VN,IDS 1
1849,0.0,0.0,VN,IDS 1
2524,0.0,0.0,VN,IDS 1
2525,0.0,0.0,VN,IDS 1
2529,0.0,0.0,VN,IDS 1
2530,0.0,0.0,VN,IDS 1
2531,0.0,0.0,VN,IDS 1
2532,0.0,0.0,VN,IDS 1
2629,0.0,0.0,VN,IDS 1
2630,0.0,0.0,VN,IDS 1
2631,0.0,0.0,VN,IDS 1
2632,0.0,0.0,VN,IDS 1
2633,0.0,0.0,VN,IDS 1
2635,0.0,0.0,VN,IDS 1
2636,0.0,0.0,VN,IDS 1
2637,0.0,0.0,VN,IDS 1
2638,0.0,0.0,VN,IDS 1
2639,0.0,0.0,VN,IDS 1
2640,0.0,0.0,VN,IDS 1
2641,0.0,0.0,VN,IDS 1
2643,0.0,0.0,VN,IDS 1
2644,0.0,0.0,VN,IDS 1
2645,0.0,0.0,VN,IDS 1
2646,0.0,0.0,VN,IDS 1
2651,1.0,0.0,FP,IDS 1
2652,0.0,0.0,VN,IDS 1
2655,0.0,0.0,VN,IDS 1
2656,0.0,0.0,VN,IDS 1
2657,0.0,0.0,VN,IDS 1
2659,0.0,0.0,VN,IDS 1
2661,0.0,0.0,VN,IDS 1
2663,0.0,0.0,VN,IDS 1
2667,0.0,0.0,VN,IDS 1
2668,0.0,0.0,VN,IDS 1
2669,0.0,0.0,VN,IDS 1
2670,0.0,0.0,VN,IDS 1
2672,0.0,0.0,VN,IDS 1
2673,0.0,0.0,VN,IDS 1
2674,0.0,0.0,VN,IDS 1
2675,0.0,0.0,VN,IDS 1
2678,0.0,0.0,VN,IDS 1
2679,0.0,0.0,VN,IDS 1
2680,0.0,0.0,VN,IDS 1
2681,0.0,0.0,VN,IDS 1
518,0.0,0.0,VN,IDS 1
519,0.0,0.0,VN,IDS 1
520,0.0,0.0,VN,IDS 1
521,0.0,0.0,VN,IDS 1
523,0.0,0.0,VN,IDS 1
524,0.0,0.0,VN,IDS 1
525,0.0,0.0,VN,IDS 1
526,0.0,0.0,VN,IDS 1
527,0.0,0.0,VN,IDS 1
604,0.0,0.0,VN,IDS 1
606,0.0,0.0,VN,IDS 1
608,1.0,0.0,FP,IDS 1
609,0.0,0.0,VN,IDS 1
610,0.0,0.0,VN,IDS 1
611,0.0,0.0,VN,IDS 1
612,0.0,0.0,VN,IDS 1
614,0.0,0.0,VN,IDS 1
615,0.0,0.0,VN,IDS 1
617,0.0,0.0,VN,IDS 1
618,0.0,0.0,VN,IDS 1
620,0.0,0.0,VN,IDS 1
794,0.0,0.0,VN,IDS 1
796,0.0,0.0,VN,IDS 1
797,0.0,0.0,VN,IDS 1
798,0.0,0.0,VN,IDS 1
799,0.0,0.0,VN,IDS 1
800,1.0,0.0,FP,IDS 1
801,0.0,0.0,VN,IDS 1
802,0.0,0.0,VN,IDS 1
803,0.0,0.0,VN,IDS 1
845,0.0,0.0,VN,IDS 1
846,0.0,0.0,VN,IDS 1
854,0.0,0.0,VN,IDS 1
855,0.0,0.0,VN,IDS 1
856,0.0,0.0,VN,IDS 1
857,0.0,0.0,VN,IDS 1
858,0.0,0.0,VN,IDS 1
860,0.0,0.0,VN,IDS 1
862,0.0,0.0,VN,IDS 1
863,0.0,0.0,VN,IDS 1
865,0.0,0.0,VN,IDS 1
866,0.0,0.0,VN,IDS 1
996,0.0,0.0,VN,IDS 1
999,0.0,0.0,VN,IDS 1
1000,0.0,0.0,VN,IDS 1
1002,0.0,0.0,VN,IDS 1
1003,0.0,0.0,VN,IDS 1
1004,0.0,0.0,VN,IDS 1
1005,0.0,0.0,VN,IDS 1
1006,0.0,0.0,VN,IDS 1
1010,0.0,0.0,VN,IDS 1
1012,0.0,0.0,VN,IDS 1
1015,0.0,0.0,VN,IDS 1
1016,0.0,0.0,VN,IDS 1
1017,1.0,0.0,FP,IDS 1
1018,0.0,0.0,VN,IDS 1
1020,0.0,0.0,VN,IDS 1
1023,1.0,0.0,FP,IDS 1
1024,0.0,0.0,VN,IDS 1
1028,0.0,0.0,VN,IDS 1
1029,0.0,0.0,VN,IDS 1
1032,0.0,0.0,VN,IDS 1
1033,0.0,0.0,VN,IDS 1
1126,0.0,0.0,VN,IDS 1
1127,0.0,0.0,VN,IDS 1
1128,0.0,0.0,VN,IDS 1
1130,0.0,0.0,VN,IDS 1
1132,0.0,0.0,VN,IDS 1
1133,0.0,0.0,VN,IDS 1
1134,0.0,0.0,VN,IDS 1
1135,0.0,0.0,VN,IDS 1
1136,0.0,0.0,VN,IDS 1
1137,0.0,0.0,VN,IDS 1
1139,0.0,0.0,VN,IDS 1
1140,1.0,0.0,FP,IDS 1
1141,0.0,0.0,VN,IDS 1
1142,0.0,0.0,VN,IDS 1
1143,0.0,0.0,VN,IDS 1
1283,0.0,0.0,VN,IDS 1
1285,0.0,0.0,VN,IDS 1
1287,0.0,0.0,VN,IDS 1
1288,0.0,0.0,VN,IDS 1
1293,0.0,0.0,VN,IDS 1
1294,0.0,0.0,VN,IDS 1
1295,0.0,0.0,VN,IDS 1
1296,0.0,0.0,VN,IDS 1
1297,0.0,0.0,VN,IDS 1
1298,0.0,0.0,VN,IDS 1
1300,0.0,0.0,VN,IDS 1
1303,0.0,0.0,VN,IDS 1
1304,0.0,0.0,VN,IDS 1
1306,0.0,0.0,VN,IDS 1
1308,0.0,0.0,VN,IDS 1
1309,0.0,0.0,VN,IDS 1
1311,0.0,0.0,VN,IDS 1
1312,0.0,0.0,VN,IDS 1
1313,0.0,0.0,VN,IDS 1
1314,0.0,0.0,VN,IDS 1
1315,0.0,0.0,VN,IDS 1
1316,1.0,0.0,FP,IDS 1
1429,0.0,0.0,VN,IDS 1
1431,0.0,0.0,VN,IDS 1
1432,0.0,0.0,VN,IDS 1
1433,0.0,0.0,VN,IDS 1
1435,0.0,0.0,VN,IDS 1
1666,0.0,0.0,VN,IDS 1
1736,0.0,0.0,VN,IDS 1
1737,0.0,0.0,VN,IDS 1
1738,0.0,0.0,VN,IDS 1
1740,0.0,0.0,VN,IDS 1
1741,0.0,0.0,VN,IDS 1
1742,0.0,0.0,VN,IDS 1
1743,0.0,0.0,VN,IDS 1
1744,0.0,0.0,VN,IDS 1
1745,0.0,0.0,VN,IDS 1
1746,0.0,0.0,VN,IDS 1
1747,0.0,0.0,VN,IDS 1
1748,0.0,0.0,VN,IDS 1
1749,0.0,0.0,VN,IDS 1
1750,0.0,0.0,VN,IDS 1
1751,0.0,0.0,VN,IDS 1
1752,0.0,0.0,VN,IDS 1
1753,0.0,0.0,VN,IDS 1
1754,0.0,0.0,VN,IDS 1
1757,0.0,0.0,VN,IDS 1
1758,0.0,0.0,VN,IDS 1
1850,0.0,0.0,VN,IDS 1
1851,0.0,0.0,VN,IDS 1
1852,0.0,0.0,VN,IDS 1
1853,0.0,0.0,VN,IDS 1
1918,0.0,0.0,VN,IDS 1
1919,0.0,0.0,VN,IDS 1
1920,0.0,0.0,VN,IDS 1
1921,0.0,0.0,VN,IDS 1
1923,0.0,0.0,VN,IDS 1
1925,0.0,0.0,VN,IDS 1
2087,0.0,0.0,VN,IDS 1
2090,0.0,0.0,VN,IDS 1
2091,0.0,0.0,VN,IDS 1
2092,0.0,0.0,VN,IDS 1
2093,0.0,0.0,VN,IDS 1
2094,0.0,0.0,VN,IDS 1
2095,0.0,0.0,VN,IDS 1
2096,0.0,0.0,VN,IDS 1
2097,0.0,0.0,VN,IDS 1
2098,0.0,0.0,VN,IDS 1
2138,0.0,0.0,VN,IDS 1
2139,0.0,0.0,VN,IDS 1
2140,0.0,0.0,VN,IDS 1
2144,0.0,0.0,VN,IDS 1
2145,0.0,0.0,VN,IDS 1
2146,0.0,0.0,VN,IDS 1
2147,0.0,0.0,VN,IDS 1
2149,0.0,0.0,VN,IDS 1
2150,0.0,0.0,VN,IDS 1
2151,0.0,0.0,VN,IDS 1
2153,0.0,0.0,VN,IDS 1
2326,0.0,0.0,VN,IDS 1
2327,0.0,0.0,VN,IDS 1
2328,0.0,0.0,VN,IDS 1
2329,0.0,0.0,VN,IDS 1
2331,0.0,0.0,VN,IDS 1
2335,0.0,0.0,VN,IDS 1
2336,0.0,0.0,VN,IDS 1
2337,0.0,0.0,VN,IDS 1
1927,0.0,0.0,VN,IDS 1
1928,0.0,0.0,VN,IDS 1
1929,0.0,0.0,VN,IDS 1
1933,0.0,0.0,VN,IDS 1
1935,0.0,0.0,VN,IDS 1
1937,0.0,0.0,VN,IDS 1
1938,0.0,0.0,VN,IDS 1
1940,0.0,0.0,VN,IDS 1
1941,0.0,0.0,VN,IDS 1
1942,0.0,0.0,VN,IDS 1
1943,0.0,0.0,VN,IDS 1
1947,0.0,0.0,VN,IDS 1
1948,0.0,0.0,VN,IDS 1
1955,0.0,0.0,VN,IDS 1
1958,0.0,0.0,VN,IDS 1
1995,0.0,0.0,VN,IDS 1
1996,0.0,0.0,VN,IDS 1
1997,0.0,0.0,VN,IDS 1
1998,0.0,0.0,VN,IDS 1
1999,0.0,0.0,VN,IDS 1
2000,0.0,0.0,VN,IDS 1
2001,0.0,0.0,VN,IDS 1
2002,0.0,0.0,VN,IDS 1
2003,0.0,0.0,VN,IDS 1
2004,0.0,0.0,VN,IDS 1
2007,0.0,0.0,VN,IDS 1
2008,0.0,0.0,VN,IDS 1
2011,0.0,0.0,VN,IDS 1
2012,0.0,0.0,VN,IDS 1
2014,0.0,0.0,VN,IDS 1
2017,0.0,0.0,VN,IDS 1
2018,0.0,0.0,VN,IDS 1
2019,0.0,0.0,VN,IDS 1
2020,0.0,0.0,VN,IDS 1
2022,0.0,0.0,VN,IDS 1
2025,0.0,0.0,VN,IDS 1
2027,0.0,0.0,VN,IDS 1
2058,0.0,0.0,VN,IDS 1
2061,0.0,0.0,VN,IDS 1
2062,0.0,0.0,VN,IDS 1
2063,1.0,0.0,FP,IDS 1
2065,0.0,0.0,VN,IDS 1
2067,0.0,0.0,VN,IDS 1
2068,1.0,0.0,FP,IDS 1
2071,0.0,0.0,VN,IDS 1
2072,0.0,0.0,VN,IDS 1
2073,0.0,0.0,VN,IDS 1
2074,0.0,0.0,VN,IDS 1
2081,0.0,0.0,VN,IDS 1
2082,0.0,0.0,VN,IDS 1
2083,0.0,0.0,VN,IDS 1
2084,0.0,0.0,VN,IDS 1
2085,0.0,0.0,VN,IDS 1
2086,1.0,0.0,FP,IDS 1
2154,0.0,0.0,VN,IDS 1
2155,0.0,0.0,VN,IDS 1
2156,0.0,0.0,VN,IDS 1
2158,0.0,0.0,VN,IDS 1
2162,0.0,0.0,VN,IDS 1
2163,0.0,0.0,VN,IDS 1
2164,0.0,0.0,VN,IDS 1
2166,0.0,0.0,VN,IDS 1
2167,0.0,0.0,VN,IDS 1
2169,0.0,0.0,VN,IDS 1
2171,0.0,0.0,VN,IDS 1
2172,0.0,0.0,VN,IDS 1
2175,0.0,0.0,VN,IDS 1
2176,0.0,0.0,VN,IDS 1
2179,0.0,0.0,VN,IDS 1
2180,0.0,0.0,VN,IDS 1
2181,0.0,0.0,VN,IDS 1
2182,0.0,0.0,VN,IDS 1
2183,0.0,0.0,VN,IDS 1
2184,0.0,0.0,VN,IDS 1
2185,0.0,0.0,VN,IDS 1
2186,0.0,0.0,VN,IDS 1
2187,1.0,0.0,FP,IDS 1
2188,0.0,0.0,VN,IDS 1
2190,0.0,0.0,VN,IDS 1
2191,1.0,0.0,FP,IDS 1
2193,0.0,0.0,VN,IDS 1
2194,0.0,0.0,VN,IDS 1
2195,0.0,0.0,VN,IDS 1
2199,0.0,0.0,VN,IDS 1
2200,0.0,0.0,VN,IDS 1
2201,0.0,0.0,VN,IDS 1
2310,0.0,0.0,VN,IDS 1
2312,0.0,0.0,VN,IDS 1
2314,0.0,0.0,VN,IDS 1
2317,0.0,0.0,VN,IDS 1
2318,0.0,0.0,VN,IDS 1
2319,0.0,0.0,VN,IDS 1
2321,0.0,0.0,VN,IDS 1
2322,0.0,0.0,VN,IDS 1
2323,0.0,0.0,VN,IDS 1
2324,0.0,0.0,VN,IDS 1
2325,0.0,0.0,VN,IDS 1
2682,0.0,0.0,VN,IDS 1
2684,0.0,0.0,VN,IDS 1
2685,0.0,0.0,VN,IDS 1
2686,0.0,0.0,VN,IDS 1
2688,0.0,0.0,VN,IDS 1
2689,0.0,0.0,VN,IDS 1
2690,0.0,0.0,VN,IDS 1
2718,1.0,0.0,FP,IDS 1
2719,0.0,0.0,VN,IDS 1
2720,0.0,0.0,VN,IDS 1
2721,0.0,0.0,VN,IDS 1
2724,0.0,0.0,VN,IDS 1
2725,0.0,0.0,VN,IDS 1
2726,0.0,0.0,VN,IDS 1
2727,0.0,0.0,VN,IDS 1
2728,0.0,0.0,VN,IDS 1
2729,0.0,0.0,VN,IDS 1
2730,0.0,0.0,VN,IDS 1
2731,0.0,0.0,VN,IDS 1
2732,0.0,0.0,VN,IDS 1
2734,0.0,0.0,VN,IDS 1
2771,0.0,0.0,VN,IDS 1
2776,0.0,0.0,VN,IDS 1
2777,0.0,0.0,VN,IDS 1
2779,0.0,0.0,VN,IDS 1
2781,0.0,0.0,VN,IDS 1
2811,0.0,0.0,VN,IDS 1
2812,0.0,0.0,VN,IDS 1
2813,0.0,0.0,VN,IDS 1
2814,0.0,0.0,VN,IDS 1
2815,0.0,0.0,VN,IDS 1
2816,0.0,0.0,VN,IDS 1
2817,0.0,0.0,VN,IDS 1
2818,0.0,0.0,VN,IDS 1
2821,0.0,0.0,VN,IDS 1
2823,0.0,0.0,VN,IDS 1
2824,0.0,0.0,VN,IDS 1
2825,0.0,0.0,VN,IDS 1
2827,0.0,0.0,VN,IDS 1
2828,0.0,0.0,VN,IDS 1
2831,0.0,0.0,VN,IDS 1
2833,0.0,0.0,VN,IDS 1
2835,0.0,0.0,VN,IDS 1
2836,0.0,0.0,VN,IDS 1
2837,0.0,0.0,VN,IDS 1
2838,0.0,0.0,VN,IDS 1
2839,0.0,0.0,VN,IDS 1
2840,0.0,0.0,VN,IDS 1
2841,0.0,0.0,VN,IDS 1
2842,0.0,0.0,VN,IDS 1
2843,0.0,0.0,VN,IDS 1
2921,0.0,0.0,VN,IDS 1
2923,0.0,0.0,VN,IDS 1
2924,0.0,0.0,VN,IDS 1
2925,0.0,0.0,VN,IDS 1
2926,0.0,0.0,VN,IDS 1
2927,0.0,0.0,VN,IDS 1
2929,0.0,0.0,VN,IDS 1
2930,0.0,0.0,VN,IDS 1
2932,0.0,0.0,VN,IDS 1
2933,0.0,0.0,VN,IDS 1
2934,0.0,0.0,VN,IDS 1
2936,0.0,0.0,VN,IDS 1
2937,0.0,0.0,VN,IDS 1
2938,0.0,0.0,VN,IDS 1
3277,0.0,0.0,VN,IDS 1
3279,0.0,0.0,VN,IDS 1
3280,0.0,0.0,VN,IDS 1
3285,0.0,0.0,VN,IDS 1
3286,0.0,0.0,VN,IDS 1
3287,0.0,0.0,VN,IDS 1
3288,0.0,0.0,VN,IDS 1
3289,0.0,0.0,VN,IDS 1
3389,0.0,0.0,VN,IDS 1
3390,0.0,0.0,VN,IDS 1
3393,0.0,0.0,VN,IDS 1
3394,0.0,0.0,VN,IDS 1
3395,0.0,0.0,VN,IDS 1
3396,0.0,0.0,VN,IDS 1
3397,0.0,0.0,VN,IDS 1
3398,0.0,0.0,VN,IDS 1
3399,0.0,0.0,VN,IDS 1
3400,0.0,0.0,VN,IDS 1
3402,0.0,0.0,VN,IDS 1
3403,0.0,0.0,VN,IDS 1
3404,0.0,0.0,VN,IDS 1
3405,0.0,0.0,VN,IDS 1
3406,0.0,0.0,VN,IDS 1
3408,0.0,0.0,VN,IDS 1
3409,0.0,0.0,VN,IDS 1
3410,0.0,0.0,VN,IDS 1
3411,0.0,0.0,VN,IDS 1
3414,0.0,0.0,VN,IDS 1
3416,0.0,0.0,VN,IDS 1
3417,0.0,0.0,VN,IDS 1
3525,0.0,0.0,VN,IDS 1
3526,0.0,0.0,VN,IDS 1
3527,0.0,0.0,VN,IDS 1
3528,0.0,0.0,VN,IDS 1
3529,0.0,0.0,VN,IDS 1
3531,0.0,0.0,VN,IDS 1
3533,0.0,0.0,VN,IDS 1
3534,0.0,0.0,VN,IDS 1
3536,0.0,0.0,VN,IDS 1
3537,0.0,0.0,VN,IDS 1
3538,0.0,0.0,VN,IDS 1
3539,0.0,0.0,VN,IDS 1
3541,0.0,0.0,VN,IDS 1
3542,0.0,0.0,VN,IDS 1
3543,0.0,0.0,VN,IDS 1
3544,0.0,0.0,VN,IDS 1
3546,0.0,0.0,VN,IDS 1
3547,0.0,0.0,VN,IDS 1
3548,0.0,0.0,VN,IDS 1
3549,0.0,0.0,VN,IDS 1
3550,0.0,0.0,VN,IDS 1
3551,0.0,0.0,VN,IDS 1
3552,0.0,0.0,VN,IDS 1
3742,0.0,0.0,VN,IDS 1
3743,0.0,0.0,VN,IDS 1
3744,0.0,0.0,VN,IDS 1
3745,1.0,0.0,FP,IDS 1
3746,0.0,0.0,VN,IDS 1
3748,0.0,0.0,VN,IDS 1
3749,0.0,0.0,VN,IDS 1
3750,0.0,0.0,VN,IDS 1
3819,0.0,0.0,VN,IDS 1
3820,0.0,0.0,VN,IDS 1
3822,0.0,0.0,VN,IDS 1
3824,0.0,0.0,VN,IDS 1
3826,0.0,0.0,VN,IDS 1
3828,1.0,0.0,FP,IDS 1
3829,0.0,0.0,VN,IDS 1
3831,0.0,0.0,VN,IDS 1
3832,0.0,0.0,VN,IDS 1
3836,0.0,0.0,VN,IDS 1
3838,0.0,0.0,VN,IDS 1
3839,0.0,0.0,VN,IDS 1
3841,0.0,0.0,VN,IDS 1
3843,0.0,0.0,VN,IDS 1
3844,0.0,0.0,VN,IDS 1
3846,0.0,0.0,VN,IDS 1
3848,0.0,0.0,VN,IDS 1
3850,0.0,0.0,VN,IDS 1
3851,0.0,0.0,VN,IDS 1
3852,0.0,0.0,VN,IDS 1
3853,0.0,0.0,VN,IDS 1
2338,0.0,0.0,VN,IDS 1
2340,0.0,0.0,VN,IDS 1
2498,0.0,0.0,VN,IDS 1
2500,0.0,0.0,VN,IDS 1
2501,0.0,0.0,VN,IDS 1
2505,0.0,0.0,VN,IDS 1
2506,0.0,0.0,VN,IDS 1
2507,0.0,0.0,VN,IDS 1
2508,0.0,0.0,VN,IDS 1
2509,0.0,0.0,VN,IDS 1
2510,0.0,0.0,VN,IDS 1
2511,0.0,0.0,VN,IDS 1
2514,0.0,0.0,VN,IDS 1
2515,0.0,0.0,VN,IDS 1
2517,0.0,0.0,VN,IDS 1
2518,0.0,0.0,VN,IDS 1
2519,0.0,0.0,VN,IDS 1
2520,0.0,0.0,VN,IDS 1
2521,0.0,0.0,VN,IDS 1
2736,0.0,0.0,VN,IDS 1
2741,0.0,0.0,VN,IDS 1
2742,0.0,0.0,VN,IDS 1
2743,0.0,0.0,VN,IDS 1
2745,0.0,0.0,VN,IDS 1
2746,0.0,0.0,VN,IDS 1
2747,0.0,0.0,VN,IDS 1
2748,0.0,0.0,VN,IDS 1
2750,0.0,0.0,VN,IDS 1
2751,0.0,0.0,VN,IDS 1
2752,0.0,0.0,VN,IDS 1
2753,0.0,0.0,VN,IDS 1
2754,0.0,0.0,VN,IDS 1
2755,0.0,0.0,VN,IDS 1
2757,0.0,0.0,VN,IDS 1
2758,0.0,0.0,VN,IDS 1
2759,0.0,0.0,VN,IDS 1
2760,0.0,0.0,VN,IDS 1
2762,0.0,0.0,VN,IDS 1
2764,0.0,0.0,VN,IDS 1
2765,0.0,0.0,VN,IDS 1
2767,0.0,0.0,VN,IDS 1
2768,0.0,0.0,VN,IDS 1
2769,0.0,0.0,VN,IDS 1
2770,0.0,0.0,VN,IDS 1
2941,0.0,0.0,VN,IDS 1
2942,0.0,0.0,VN,IDS 1
2946,0.0,0.0,VN,IDS 1
2948,0.0,0.0,VN,IDS 1
2949,0.0,0.0,VN,IDS 1
2950,0.0,0.0,VN,IDS 1
2951,0.0,0.0,VN,IDS 1
3020,0.0,0.0,VN,IDS 1
3021,0.0,0.0,VN,IDS 1
3022,0.0,0.0,VN,IDS 1
3023,1.0,0.0,FP,IDS 1
3025,0.0,0.0,VN,IDS 1
3026,0.0,0.0,VN,IDS 1
3027,0.0,0.0,VN,IDS 1
3028,0.0,0.0,VN,IDS 1
3029,0.0,0.0,VN,IDS 1
3031,0.0,0.0,VN,IDS 1
3032,0.0,0.0,VN,IDS 1
3034,0.0,0.0,VN,IDS 1
3035,0.0,0.0,VN,IDS 1
3036,0.0,0.0,VN,IDS 1
3207,0.0,0.0,VN,IDS 1
3208,0.0,0.0,VN,IDS 1
3209,0.0,0.0,VN,IDS 1
3210,0.0,0.0,VN,IDS 1
3211,0.0,0.0,VN,IDS 1
3214,0.0,0.0,VN,IDS 1
3216,0.0,0.0,VN,IDS 1
3218,0.0,0.0,VN,IDS 1
3250,0.0,0.0,VN,IDS 1
3251,0.0,0.0,VN,IDS 1
3254,0.0,0.0,VN,IDS 1
3256,0.0,0.0,VN,IDS 1
3257,0.0,0.0,VN,IDS 1
3259,0.0,0.0,VN,IDS 1
3261,0.0,0.0,VN,IDS 1
3262,0.0,0.0,VN,IDS 1
3265,0.0,0.0,VN,IDS 1
3266,0.0,0.0,VN,IDS 1
3267,0.0,0.0,VN,IDS 1
3270,0.0,0.0,VN,IDS 1
3271,0.0,0.0,VN,IDS 1
3272,0.0,0.0,VN,IDS 1
3273,1.0,0.0,FP,IDS 1
3276,0.0,0.0,VN,IDS 1
4050,0.0,0.0,VN,IDS 1
4051,0.0,0.0,VN,IDS 1
4052,0.0,0.0,VN,IDS 1
4054,0.0,0.0,VN,IDS 1
4055,0.0,0.0,VN,IDS 1
4062,0.0,0.0,VN,IDS 1
4064,0.0,0.0,VN,IDS 1
4065,0.0,0.0,VN,IDS 1
4066,0.0,0.0,VN,IDS 1
4189,0.0,0.0,VN,IDS 1
4191,0.0,0.0,VN,IDS 1
4192,0.0,0.0,VN,IDS 1
4193,0.0,0.0,VN,IDS 1
4195,0.0,0.0,VN,IDS 1
4196,0.0,0.0,VN,IDS 1
4198,0.0,0.0,VN,IDS 1
4199,0.0,0.0,VN,IDS 1
4200,0.0,0.0,VN,IDS 1
4201,0.0,0.0,VN,IDS 1
4202,0.0,0.0,VN,IDS 1
4203,0.0,0.0,VN,IDS 1
4204,0.0,0.0,VN,IDS 1
4205,0.0,0.0,VN,IDS 1
4206,0.0,0.0,VN,IDS 1
4207,0.0,0.0,VN,IDS 1
4209,0.0,0.0,VN,IDS 1
4210,0.0,0.0,VN,IDS 1
4211,1.0,0.0,FP,IDS 1
4212,0.0,0.0,VN,IDS 1
4213,0.0,0.0,VN,IDS 1
4216,0.0,0.0,VN,IDS 1
4274,0.0,0.0,VN,IDS 1
4275,0.0,0.0,VN,IDS 1
4279,0.0,0.0,VN,IDS 1
4280,0.0,0.0,VN,IDS 1
4281,0.0,0.0,VN,IDS 1
4282,1.0,0.0,FP,IDS 1
4284,0.0,0.0,VN,IDS 1
4285,0.0,0.0,VN,IDS 1
4287,0.0,0.0,VN,IDS 1
4288,0.0,0.0,VN,IDS 1
4289,0.0,0.0,VN,IDS 1
4290,0.0,0.0,VN,IDS 1
4291,0.0,0.0,VN,IDS 1
4292,0.0,0.0,VN,IDS 1
4293,0.0,0.0,VN,IDS 1
4297,0.0,0.0,VN,IDS 1
4298,0.0,0.0,VN,IDS 1
4299,0.0,0.0,VN,IDS 1
4300,0.0,0.0,VN,IDS 1
4301,0.0,0.0,VN,IDS 1
4302,0.0,0.0,VN,IDS 1
4303,0.0,0.0,VN,IDS 1
4305,0.0,0.0,VN,IDS 1
4306,0.0,0.0,VN,IDS 1
4307,0.0,0.0,VN,IDS 1
4308,0.0,0.0,VN,IDS 1
4311,0.0,0.0,VN,IDS 1
4313,0.0,0.0,VN,IDS 1
4410,0.0,0.0,VN,IDS 1
4411,1.0,0.0,FP,IDS 1
4412,0.0,0.0,VN,IDS 1
4413,0.0,0.0,VN,IDS 1
4416,0.0,0.0,VN,IDS 1
4418,0.0,0.0,VN,IDS 1
4419,0.0,0.0,VN,IDS 1
4661,1.0,0.0,FP,IDS 1
4663,0.0,0.0,VN,IDS 1
4665,0.0,0.0,VN,IDS 1
4666,0.0,0.0,VN,IDS 1
4667,0.0,0.0,VN,IDS 1
4669,0.0,0.0,VN,IDS 1
4671,0.0,0.0,VN,IDS 1
4672,0.0,0.0,VN,IDS 1
4673,0.0,0.0,VN,IDS 1
4677,0.0,0.0,VN,IDS 1
4680,0.0,0.0,VN,IDS 1
4682,0.0,0.0,VN,IDS 1
4685,0.0,0.0,VN,IDS 1
4686,0.0,0.0,VN,IDS 1
4687,0.0,0.0,VN,IDS 1
4689,0.0,0.0,VN,IDS 1
4690,0.0,0.0,VN,IDS 1
4691,0.0,0.0,VN,IDS 1
4692,0.0,0.0,VN,IDS 1
4693,1.0,0.0,FP,IDS 1
4694,0.0,0.0,VN,IDS 1
4695,0.0,0.0,VN,IDS 1
4696,0.0,0.0,VN,IDS 1
4697,0.0,0.0,VN,IDS 1
4698,0.0,0.0,VN,IDS 1
4699,0.0,0.0,VN,IDS 1
4700,0.0,0.0,VN,IDS 1
4704,0.0,0.0,VN,IDS 1
4708,0.0,0.0,VN,IDS 1
4709,0.0,0.0,VN,IDS 1
4710,0.0,0.0,VN,IDS 1
4711,0.0,0.0,VN,IDS 1
4713,0.0,0.0,VN,IDS 1
4714,0.0,0.0,VN,IDS 1
4716,0.0,0.0,VN,IDS 1
4718,0.0,0.0,VN,IDS 1
4720,0.0,0.0,VN,IDS 1
4721,0.0,0.0,VN,IDS 1
4722,0.0,0.0,VN,IDS 1
4724,0.0,0.0,VN,IDS 1
4728,0.0,0.0,VN,IDS 1
4730,0.0,0.0,VN,IDS 1
4733,0.0,0.0,VN,IDS 1
4734,0.0,0.0,VN,IDS 1
4735,0.0,0.0,VN,IDS 1
4737,0.0,0.0,VN,IDS 1
4738,0.0,0.0,VN,IDS 1
4739,0.0,0.0,VN,IDS 1
4740,0.0,0.0,VN,IDS 1
4744,0.0,0.0,VN,IDS 1
4745,0.0,0.0,VN,IDS 1
4746,0.0,0.0,VN,IDS 1
4750,0.0,0.0,VN,IDS 1
4751,0.0,0.0,VN,IDS 1
4754,0.0,0.0,VN,IDS 1
4755,0.0,0.0,VN,IDS 1
4756,0.0,0.0,VN,IDS 1
4757,0.0,0.0,VN,IDS 1
4821,0.0,0.0,VN,IDS 1
4822,0.0,0.0,VN,IDS 1
4823,0.0,0.0,VN,IDS 1
4824,0.0,0.0,VN,IDS 1
4828,0.0,0.0,VN,IDS 1
4829,0.0,0.0,VN,IDS 1
4830,0.0,0.0,VN,IDS 1
4831,0.0,0.0,VN,IDS 1
4832,0.0,0.0,VN,IDS 1
4833,0.0,0.0,VN,IDS 1
4834,0.0,0.0,VN,IDS 1
4835,0.0,0.0,VN,IDS 1
4837,0.0,0.0,VN,IDS 1
4838,0.0,0.0,VN,IDS 1
4839,0.0,0.0,VN,IDS 1
4840,0.0,0.0,VN,IDS 1
4843,0.0,0.0,VN,IDS 1
4844,0.0,0.0,VN,IDS 1
4845,0.0,0.0,VN,IDS 1
4846,0.0,0.0,VN,IDS 1
4847,0.0,0.0,VN,IDS 1
3038,0.0,0.0,VN,IDS 1
3041,0.0,0.0,VN,IDS 1
3043,0.0,0.0,VN,IDS 1
3044,0.0,0.0,VN,IDS 1
3046,0.0,0.0,VN,IDS 1
3047,0.0,0.0,VN,IDS 1
3048,0.0,0.0,VN,IDS 1
3050,0.0,0.0,VN,IDS 1
3051,0.0,0.0,VN,IDS 1
3052,0.0,0.0,VN,IDS 1
3053,0.0,0.0,VN,IDS 1
3055,0.0,0.0,VN,IDS 1
3057,0.0,0.0,VN,IDS 1
3058,0.0,0.0,VN,IDS 1
3059,0.0,0.0,VN,IDS 1
3061,0.0,0.0,VN,IDS 1
3062,0.0,0.0,VN,IDS 1
3068,0.0,0.0,VN,IDS 1
3069,0.0,0.0,VN,IDS 1
3070,0.0,0.0,VN,IDS 1
3071,0.0,0.0,VN,IDS 1
3072,0.0,0.0,VN,IDS 1
3075,0.0,0.0,VN,IDS 1
3077,0.0,0.0,VN,IDS 1
3079,0.0,0.0,VN,IDS 1
3080,0.0,0.0,VN,IDS 1
3081,0.0,0.0,VN,IDS 1
3083,0.0,0.0,VN,IDS 1
3086,0.0,0.0,VN,IDS 1
3153,0.0,0.0,VN,IDS 1
3154,0.0,0.0,VN,IDS 1
3156,1.0,0.0,FP,IDS 1
3157,0.0,0.0,VN,IDS 1
3158,0.0,0.0,VN,IDS 1
3160,0.0,0.0,VN,IDS 1
3161,0.0,0.0,VN,IDS 1
3162,0.0,0.0,VN,IDS 1
3163,0.0,0.0,VN,IDS 1
3165,0.0,0.0,VN,IDS 1
3166,0.0,0.0,VN,IDS 1
3168,0.0,0.0,VN,IDS 1
3169,0.0,0.0,VN,IDS 1
3171,1.0,0.0,FP,IDS 1
3172,0.0,0.0,VN,IDS 1
3173,0.0,0.0,VN,IDS 1
3174,0.0,0.0,VN,IDS 1
3175,0.0,0.0,VN,IDS 1
3176,0.0,0.0,VN,IDS 1
3177,0.0,0.0,VN,IDS 1
3178,0.0,0.0,VN,IDS 1
3179,1.0,0.0,FP,IDS 1
3180,0.0,0.0,VN,IDS 1
3181,0.0,0.0,VN,IDS 1
3182,0.0,0.0,VN,IDS 1
3187,0.0,0.0,VN,IDS 1
3188,0.0,0.0,VN,IDS 1
3189,0.0,0.0,VN,IDS 1
3190,0.0,0.0,VN,IDS 1
3192,0.0,0.0,VN,IDS 1
3193,0.0,0.0,VN,IDS 1
3194,0.0,0.0,VN,IDS 1
3195,0.0,0.0,VN,IDS 1
3198,0.0,0.0,VN,IDS 1
3199,1.0,0.0,FP,IDS 1
3202,0.0,0.0,VN,IDS 1
3204,0.0,0.0,VN,IDS 1
3206,0.0,0.0,VN,IDS 1
3755,0.0,0.0,VN,IDS 1
3756,0.0,0.0,VN,IDS 1
3759,0.0,0.0,VN,IDS 1
3762,0.0,0.0,VN,IDS 1
3765,0.0,0.0,VN,IDS 1
3766,0.0,0.0,VN,IDS 1
3767,0.0,0.0,VN,IDS 1
3768,0.0,0.0,VN,IDS 1
3770,0.0,0.0,VN,IDS 1
3771,0.0,0.0,VN,IDS 1
3772,0.0,0.0,VN,IDS 1
3773,0.0,0.0,VN,IDS 1
3774,0.0,0.0,VN,IDS 1
3804,0.0,0.0,VN,IDS 1
3806,0.0,0.0,VN,IDS 1
3807,0.0,0.0,VN,IDS 1
3808,0.0,0.0,VN,IDS 1
3810,0.0,0.0,VN,IDS 1
3811,0.0,0.0,VN,IDS 1
3812,0.0,0.0,VN,IDS 1
3813,0.0,0.0,VN,IDS 1
3814,0.0,0.0,VN,IDS 1
3817,0.0,0.0,VN,IDS 1
3857,0.0,0.0,VN,IDS 1
3858,0.0,0.0,VN,IDS 1
3860,0.0,0.0,VN,IDS 1
3861,0.0,0.0,VN,IDS 1
3862,0.0,0.0,VN,IDS 1
3864,0.0,0.0,VN,IDS 1
3865,0.0,0.0,VN,IDS 1
3866,0.0,0.0,VN,IDS 1
3868,0.0,0.0,VN,IDS 1
3869,0.0,0.0,VN,IDS 1
3872,0.0,0.0,VN,IDS 1
3874,0.0,0.0,VN,IDS 1
3875,1.0,0.0,FP,IDS 1
3876,0.0,0.0,VN,IDS 1
3879,0.0,0.0,VN,IDS 1
3880,0.0,0.0,VN,IDS 1
3881,0.0,0.0,VN,IDS 1
3884,0.0,0.0,VN,IDS 1
3885,0.0,0.0,VN,IDS 1
3886,0.0,0.0,VN,IDS 1
3887,0.0,0.0,VN,IDS 1
3888,0.0,0.0,VN,IDS 1
3890,0.0,0.0,VN,IDS 1
3892,0.0,0.0,VN,IDS 1
3896,0.0,0.0,VN,IDS 1
3899,0.0,0.0,VN,IDS 1
3902,0.0,0.0,VN,IDS 1
3906,0.0,0.0,VN,IDS 1
3907,0.0,0.0,VN,IDS 1
3910,0.0,0.0,VN,IDS 1
3913,0.0,0.0,VN,IDS 1
3914,0.0,0.0,VN,IDS 1
3915,0.0,0.0,VN,IDS 1
3916,1.0,0.0,FP,IDS 1
3953,0.0,0.0,VN,IDS 1
3960,0.0,0.0,VN,IDS 1
3961,0.0,0.0,VN,IDS 1
3962,0.0,0.0,VN,IDS 1
3963,0.0,0.0,VN,IDS 1
3964,0.0,0.0,VN,IDS 1
3967,0.0,0.0,VN,IDS 1
3968,1.0,0.0,FP,IDS 1
3969,0.0,0.0,VN,IDS 1
3971,0.0,0.0,VN,IDS 1
3973,0.0,0.0,VN,IDS 1
3974,0.0,0.0,VN,IDS 1
3975,0.0,0.0,VN,IDS 1
3976,0.0,0.0,VN,IDS 1
3982,0.0,0.0,VN,IDS 1
3983,0.0,0.0,VN,IDS 1
3986,0.0,0.0,VN,IDS 1
3987,0.0,0.0,VN,IDS 1
3988,0.0,0.0,VN,IDS 1
3990,0.0,0.0,VN,IDS 1
3993,0.0,0.0,VN,IDS 1
3994,0.0,0.0,VN,IDS 1
3995,0.0,0.0,VN,IDS 1
3999,0.0,0.0,VN,IDS 1
4033,0.0,0.0,VN,IDS 1
4034,0.0,0.0,VN,IDS 1
4036,0.0,0.0,VN,IDS 1
4037,0.0,0.0,VN,IDS 1
4039,0.0,0.0,VN,IDS 1
4040,0.0,0.0,VN,IDS 1
4041,1.0,0.0,FP,IDS 1
4042,0.0,0.0,VN,IDS 1
4043,0.0,0.0,VN,IDS 1
4044,0.0,0.0,VN,IDS 1
4045,1.0,0.0,FP,IDS 1
4046,0.0,0.0,VN,IDS 1
4047,0.0,0.0,VN,IDS 1
4048,0.0,0.0,VN,IDS 1
5187,0.0,3.0,FN,IDS 1
5295,1.0,3.0,FN,IDS 1
5299,0.0,3.0,FN,IDS 1
5300,0.0,3.0,FN,IDS 1
5303,1.0,3.0,FN,IDS 1
5305,1.0,3.0,FN,IDS 1
5307,1.0,3.0,FN,IDS 1
5312,0.0,3.0,FN,IDS 1
5313,5.0,3.0,FN,IDS 1
5315,0.0,3.0,FN,IDS 1
5316,1.0,3.0,FN,IDS 1
5318,1.0,3.0,FN,IDS 1
5319,1.0,3.0,FN,IDS 1
5321,1.0,3.0,FN,IDS 1
5323,1.0,3.0,FN,IDS 1
5326,0.0,3.0,FN,IDS 1
5329,0.0,3.0,FN,IDS 1
5330,0.0,3.0,FN,IDS 1
5332,1.0,3.0,FN,IDS 1
5334,1.0,3.0,FN,IDS 1
5335,5.0,3.0,FN,IDS 1
5388,0.0,3.0,FN,IDS 1
5493,1.0,3.0,FN,IDS 1
5496,5.0,3.0,FN,IDS 1
5497,1.0,3.0,FN,IDS 1
5498,1.0,3.0,FN,IDS 1
5500,1.0,3.0,FN,IDS 1
5502,0.0,3.0,FN,IDS 1
5503,1.0,3.0,FN,IDS 1
5504,1.0,3.0,FN,IDS 1
5506,1.0,3.0,FN,IDS 1
5507,0.0,3.0,FN,IDS 1
5509,1.0,3.0,FN,IDS 1
5510,1.0,3.0,FN,IDS 1
5511,0.0,3.0,FN,IDS 1
6672,1.0,3.0,FN,IDS 1
6673,1.0,3.0,FN,IDS 1
6674,1.0,3.0,FN,IDS 1
6676,1.0,3.0,FN,IDS 1
6680,1.0,3.0,FN,IDS 1
5515,1.0,3.0,FN,IDS 1
5516,0.0,3.0,FN,IDS 1
5517,0.0,3.0,FN,IDS 1
5521,1.0,3.0,FN,IDS 1
5530,0.0,3.0,FN,IDS 1
5533,1.0,3.0,FN,IDS 1
5534,1.0,3.0,FN,IDS 1
5536,1.0,3.0,FN,IDS 1
5743,1.0,3.0,FN,IDS 1
5745,1.0,3.0,FN,IDS 1
5746,1.0,3.0,FN,IDS 1
5748,1.0,3.0,FN,IDS 1
5751,0.0,3.0,FN,IDS 1
5752,0.0,3.0,FN,IDS 1
5753,1.0,3.0,FN,IDS 1
5755,1.0,3.0,FN,IDS 1
5757,1.0,3.0,FN,IDS 1
5758,1.0,3.0,FN,IDS 1
5762,1.0,3.0,FN,IDS 1
5766,1.0,3.0,FN,IDS 1
5768,0.0,3.0,FN,IDS 1
5770,0.0,3.0,FN,IDS 1
5772,0.0,3.0,FN,IDS 1
5774,1.0,3.0,FN,IDS 1
6682,1.0,3.0,FN,IDS 1
6683,1.0,3.0,FN,IDS 1
6684,0.0,3.0,FN,IDS 1
6688,1.0,3.0,FN,IDS 1
6691,1.0,3.0,FN,IDS 1
6692,1.0,3.0,FN,IDS 1
6693,5.0,3.0,FN,IDS 1
6694,1.0,3.0,FN,IDS 1
6698,0.0,3.0,FN,IDS 1
6704,0.0,3.0,FN,IDS 1
6710,1.0,3.0,FN,IDS 1
6713,0.0,3.0,FN,IDS 1
6715,0.0,3.0,FN,IDS 1
6721,0.0,3.0,FN,IDS 1
6724,1.0,3.0,FN,IDS 1
6728,1.0,3.0,FN,IDS 1
6778,1.0,3.0,FN,IDS 1
6782,3.0,3.0,VP,IDS 3
6785,1.0,3.0,FN,IDS 1
5776,1.0,3.0,FN,IDS 1
6786,1.0,3.0,FN,IDS 1
5777,0.0,3.0,FN,IDS 1
6787,0.0,3.0,FN,IDS 1
5780,1.0,3.0,FN,IDS 1
5783,0.0,3.0,FN,IDS 1
6788,0.0,3.0,FN,IDS 1
5784,0.0,3.0,FN,IDS 1
6789,1.0,3.0,FN,IDS 1
5842,1.0,3.0,FN,IDS 1
6792,0.0,3.0,FN,IDS 1
5845,1.0,3.0,FN,IDS 1
5846,0.0,3.0,FN,IDS 1
5850,0.0,3.0,FN,IDS 1
5851,1.0,3.0,FN,IDS 1
5855,1.0,3.0,FN,IDS 1
5857,1.0,3.0,FN,IDS 1
4978,0.0,0.0,VN,IDS 1
5144,0.0,3.0,FN,IDS 1
5145,0.0,3.0,FN,IDS 1
5149,0.0,3.0,FN,IDS 1
5151,0.0,3.0,FN,IDS 1
5152,1.0,3.0,FN,IDS 1
5153,1.0,3.0,FN,IDS 1
5154,0.0,3.0,FN,IDS 1
5156,0.0,3.0,FN,IDS 1
5157,1.0,3.0,FN,IDS 1
5162,0.0,3.0,FN,IDS 1
5165,1.0,3.0,FN,IDS 1
5169,1.0,3.0,FN,IDS 1
5170,0.0,3.0,FN,IDS 1
5174,1.0,3.0,FN,IDS 1
5176,0.0,3.0,FN,IDS 1
5177,1.0,3.0,FN,IDS 1
5182,1.0,3.0,FN,IDS 1
5183,1.0,3.0,FN,IDS 1
5184,0.0,3.0,FN,IDS 1
5185,0.0,3.0,FN,IDS 1
7065,1.0,3.0,FN,IDS 1
7068,1.0,3.0,FN,IDS 1
7069,1.0,3.0,FN,IDS 1
7072,1.0,3.0,FN,IDS 1
7073,0.0,3.0,FN,IDS 1
7420,1.0,3.0,FN,IDS 1
7423,1.0,3.0,FN,IDS 1
7427,0.0,3.0,FN,IDS 1
7428,5.0,3.0,FN,IDS 1
7429,1.0,3.0,FN,IDS 1
7430,0.0,3.0,FN,IDS 1
7431,0.0,3.0,FN,IDS 1
7433,5.0,3.0,FN,IDS 1
7434,1.0,3.0,FN,IDS 1
7436,0.0,3.0,FN,IDS 1
7437,1.0,3.0,FN,IDS 1
7438,1.0,3.0,FN,IDS 1
7440,1.0,3.0,FN,IDS 1
7442,0.0,3.0,FN,IDS 1
7444,0.0,3.0,FN,IDS 1
7446,1.0,3.0,FN,IDS 1
7450,1.0,3.0,FN,IDS 1
7451,0.0,3.0,FN,IDS 1
7455,1.0,3.0,FN,IDS 1
7457,1.0,3.0,FN,IDS 1
7460,1.0,3.0,FN,IDS 1
7462,1.0,3.0,FN,IDS 1
7463,1.0,3.0,FN,IDS 1
7514,0.0,4.0,FN,IDS 1
7516,0.0,4.0,FN,IDS 1
7517,0.0,4.0,FN,IDS 1
7518,0.0,4.0,FN,IDS 1
7519,0.0,4.0,FN,IDS 1
7520,0.0,4.0,FN,IDS 1
7521,0.0,4.0,FN,IDS 1
7522,0.0,4.0,FN,IDS 1
7524,0.0,4.0,FN,IDS 1
7655,0.0,4.0,FN,IDS 1
7656,0.0,4.0,FN,IDS 1
7659,0.0,4.0,FN,IDS 1
7660,0.0,4.0,FN,IDS 1
7661,0.0,4.0,FN,IDS 1
7662,0.0,4.0,FN,IDS 1
7663,0.0,4.0,FN,IDS 1
7664,0.0,4.0,FN,IDS 1
7665,0.0,4.0,FN,IDS 1
7668,0.0,4.0,FN,IDS 1
7669,0.0,4.0,FN,IDS 1
7670,0.0,4.0,FN,IDS 1
7671,0.0,4.0,FN,IDS 1
7672,0.0,4.0,FN,IDS 1
7673,0.0,4.0,FN,IDS 1
7674,0.0,4.0,FN,IDS 1
7675,0.0,4.0,FN,IDS 1
7676,0.0,4.0,FN,IDS 1
7677,0.0,4.0,FN,IDS 1
7678,0.0,4.0,FN,IDS 1
7679,0.0,4.0,FN,IDS 1
7680,0.0,4.0,FN,IDS 1
7741,0.0,4.0,FN,IDS 1
7769,0.0,4.0,FN,IDS 1
7770,0.0,4.0,FN,IDS 1
7806,0.0,4.0,FN,IDS 1
7807,0.0,4.0,FN,IDS 1
7808,0.0,4.0,FN,IDS 1
7809,0.0,4.0,FN,IDS 1
7810,0.0,4.0,FN,IDS 1
7811,0.0,4.0,FN,IDS 1
7812,0.0,4.0,FN,IDS 1
7813,0.0,4.0,FN,IDS 1
7814,0.0,4.0,FN,IDS 1
7815,0.0,4.0,FN,IDS 1
7817,0.0,4.0,FN,IDS 1
7818,0.0,4.0,FN,IDS 1
7819,0.0,4.0,FN,IDS 1
7821,0.0,4.0,FN,IDS 1
7823,0.0,4.0,FN,IDS 1
7824,0.0,4.0,FN,IDS 1
7825,0.0,4.0,FN,IDS 1
7826,0.0,4.0,FN,IDS 1
7827,0.0,4.0,FN,IDS 1
7829,0.0,4.0,FN,IDS 1
7832,0.0,4.0,FN,IDS 1
7889,0.0,4.0,FN,IDS 1
7890,0.0,4.0,FN,IDS 1
7891,0.0,4.0,FN,IDS 1
7892,0.0,4.0,FN,IDS 1
7894,0.0,4.0,FN,IDS 1
7895,0.0,4.0,FN,IDS 1
7896,0.0,4.0,FN,IDS 1
7897,0.0,4.0,FN,IDS 1
7898,0.0,4.0,FN,IDS 1
7920,0.0,4.0,FN,IDS 1
7921,0.0,4.0,FN,IDS 1
7922,0.0,4.0,FN,IDS 1
7923,0.0,4.0,FN,IDS 1
7924,0.0,4.0,FN,IDS 1
7925,0.0,4.0,FN,IDS 1
7950,0.0,4.0,FN,IDS 1
7951,0.0,4.0,FN,IDS 1
7952,0.0,4.0,FN,IDS 1
7953,0.0,4.0,FN,IDS 1
7954,0.0,4.0,FN,IDS 1
7955,0.0,4.0,FN,IDS 1
7956,0.0,4.0,FN,IDS 1
7959,0.0,4.0,FN,IDS 1
7960,0.0,4.0,FN,IDS 1
7961,0.0,4.0,FN,IDS 1
7963,0.0,4.0,FN,IDS 1
7965,0.0,4.0,FN,IDS 1
7967,0.0,4.0,FN,IDS 1
7968,0.0,4.0,FN,IDS 1
8058,0.0,4.0,FN,IDS 1
8060,0.0,4.0,FN,IDS 1
8061,0.0,4.0,FN,IDS 1
8062,0.0,4.0,FN,IDS 1
8103,0.0,4.0,FN,IDS 1
8104,0.0,4.0,FN,IDS 1
8107,0.0,4.0,FN,IDS 1
8108,0.0,4.0,FN,IDS 1
8109,0.0,4.0,FN,IDS 1
8110,0.0,4.0,FN,IDS 1
8112,0.0,4.0,FN,IDS 1
8113,0.0,4.0,FN,IDS 1
8114,0.0,4.0,FN,IDS 1
8115,0.0,4.0,FN,IDS 1
8117,0.0,4.0,FN,IDS 1
8118,0.0,4.0,FN,IDS 1
8119,0.0,4.0,FN,IDS 1
8120,0.0,4.0,FN,IDS 1
8122,0.0,4.0,FN,IDS 1
8123,0.0,4.0,FN,IDS 1
8124,0.0,4.0,FN,IDS 1
8126,0.0,4.0,FN,IDS 1
8127,0.0,4.0,FN,IDS 1
8129,0.0,4.0,FN,IDS 1
8131,0.0,4.0,FN,IDS 1
8900,0.0,4.0,FN,IDS 1
8901,0.0,4.0,FN,IDS 1
8902,0.0,4.0,FN,IDS 1
8903,0.0,4.0,FN,IDS 1
8905,0.0,4.0,FN,IDS 1
8906,0.0,4.0,FN,IDS 1
8907,0.0,4.0,FN,IDS 1
8908,0.0,4.0,FN,IDS 1
8910,0.0,4.0,FN,IDS 1
8911,0.0,4.0,FN,IDS 1
8913,0.0,4.0,FN,IDS 1
8914,0.0,4.0,FN,IDS 1
8915,0.0,4.0,FN,IDS 1
8916,0.0,4.0,FN,IDS 1
8918,0.0,4.0,FN,IDS 1
8919,0.0,4.0,FN,IDS 1
8920,0.0,4.0,FN,IDS 1
8921,0.0,4.0,FN,IDS 1
8923,0.0,4.0,FN,IDS 1
8924,0.0,4.0,FN,IDS 1
8925,0.0,4.0,FN,IDS 1
8926,0.0,4.0,FN,IDS 1
8927,0.0,4.0,FN,IDS 1
8928,0.0,4.0,FN,IDS 1
8929,0.0,4.0,FN,IDS 1
8930,0.0,4.0,FN,IDS 1
8931,0.0,4.0,FN,IDS 1
8932,0.0,4.0,FN,IDS 1
8933,0.0,4.0,FN,IDS 1
8934,0.0,4.0,FN,IDS 1
8935,0.0,4.0,FN,IDS 1
8937,0.0,4.0,FN,IDS 1
8939,0.0,4.0,FN,IDS 1
8943,0.0,4.0,FN,IDS 1
8944,0.0,4.0,FN,IDS 1
8946,0.0,4.0,FN,IDS 1
8947,0.0,4.0,FN,IDS 1
8948,0.0,4.0,FN,IDS 1
8950,0.0,4.0,FN,IDS 1
8951,0.0,4.0,FN,IDS 1
8952,0.0,4.0,FN,IDS 1
9011,0.0,4.0,FN,IDS 1
9012,0.0,4.0,FN,IDS 1
9013,0.0,4.0,FN,IDS 1
9014,0.0,4.0,FN,IDS 1
9015,0.0,4.0,FN,IDS 1
9016,0.0,4.0,FN,IDS 1
9017,0.0,4.0,FN,IDS 1
9018,0.0,4.0,FN,IDS 1
9019,0.0,4.0,FN,IDS 1
9021,0.0,4.0,FN,IDS 1
9022,0.0,4.0,FN,IDS 1
9023,0.0,4.0,FN,IDS 1
9024,0.0,4.0,FN,IDS 1
9025,0.0,4.0,FN,IDS 1
9026,0.0,4.0,FN,IDS 1
9027,0.0,4.0,FN,IDS 1
9028,0.0,4.0,FN,IDS 1
9029,0.0,4.0,FN,IDS 1
9030,0.0,4.0,FN,IDS 1
9031,0.0,4.0,FN,IDS 1
9032,0.0,4.0,FN,IDS 1
9033,0.0,4.0,FN,IDS 1
9035,0.0,4.0,FN,IDS 1
9036,0.0,4.0,FN,IDS 1
4420,0.0,0.0,VN,IDS 1
4421,0.0,0.0,VN,IDS 1
4423,0.0,0.0,VN,IDS 1
4424,0.0,0.0,VN,IDS 1
4425,0.0,0.0,VN,IDS 1
4426,0.0,0.0,VN,IDS 1
4431,0.0,0.0,VN,IDS 1
4432,0.0,0.0,VN,IDS 1
4433,0.0,0.0,VN,IDS 1
4434,0.0,0.0,VN,IDS 1
4435,0.0,0.0,VN,IDS 1
4436,0.0,0.0,VN,IDS 1
4437,0.0,0.0,VN,IDS 1
4438,0.0,0.0,VN,IDS 1
4439,0.0,0.0,VN,IDS 1
4507,0.0,0.0,VN,IDS 1
4508,0.0,0.0,VN,IDS 1
4509,0.0,0.0,VN,IDS 1
4510,0.0,0.0,VN,IDS 1
4511,0.0,0.0,VN,IDS 1
4512,0.0,0.0,VN,IDS 1
4513,0.0,0.0,VN,IDS 1
4514,0.0,0.0,VN,IDS 1
4515,0.0,0.0,VN,IDS 1
4517,0.0,0.0,VN,IDS 1
4518,0.0,0.0,VN,IDS 1
4520,0.0,0.0,VN,IDS 1
4521,0.0,0.0,VN,IDS 1
4522,0.0,0.0,VN,IDS 1
4523,0.0,0.0,VN,IDS 1
4524,0.0,0.0,VN,IDS 1
4525,0.0,0.0,VN,IDS 1
4526,0.0,0.0,VN,IDS 1
4527,0.0,0.0,VN,IDS 1
4529,0.0,0.0,VN,IDS 1
4531,0.0,0.0,VN,IDS 1
4654,0.0,0.0,VN,IDS 1
4656,0.0,0.0,VN,IDS 1
4657,0.0,0.0,VN,IDS 1
4658,0.0,0.0,VN,IDS 1
4659,0.0,0.0,VN,IDS 1
4660,0.0,0.0,VN,IDS 1
4950,0.0,0.0,VN,IDS 1
4951,0.0,0.0,VN,IDS 1
4952,0.0,0.0,VN,IDS 1
4953,0.0,0.0,VN,IDS 1
4954,0.0,0.0,VN,IDS 1
4955,0.0,0.0,VN,IDS 1
4956,0.0,0.0,VN,IDS 1
4957,0.0,0.0,VN,IDS 1
4958,0.0,0.0,VN,IDS 1
4959,0.0,0.0,VN,IDS 1
4960,0.0,0.0,VN,IDS 1
4961,0.0,0.0,VN,IDS 1
4962,0.0,0.0,VN,IDS 1
4965,0.0,0.0,VN,IDS 1
4966,0.0,0.0,VN,IDS 1
4967,0.0,0.0,VN,IDS 1
4968,0.0,0.0,VN,IDS 1
4970,0.0,0.0,VN,IDS 1
4972,0.0,0.0,VN,IDS 1
4974,0.0,0.0,VN,IDS 1
4975,0.0,0.0,VN,IDS 1
5338,1.0,3.0,FN,IDS 1
5339,1.0,3.0,FN,IDS 1
5340,1.0,3.0,FN,IDS 1
5343,0.0,3.0,FN,IDS 1
5344,1.0,3.0,FN,IDS 1
5345,0.0,3.0,FN,IDS 1
5350,1.0,3.0,FN,IDS 1
5354,0.0,3.0,FN,IDS 1
5356,0.0,3.0,FN,IDS 1
5362,1.0,3.0,FN,IDS 1
5365,0.0,3.0,FN,IDS 1
5366,1.0,3.0,FN,IDS 1
5367,0.0,3.0,FN,IDS 1
5369,0.0,3.0,FN,IDS 1
5373,0.0,3.0,FN,IDS 1
5374,0.0,3.0,FN,IDS 1
5377,1.0,3.0,FN,IDS 1
5378,1.0,3.0,FN,IDS 1
5380,0.0,3.0,FN,IDS 1
5381,1.0,3.0,FN,IDS 1
5383,0.0,3.0,FN,IDS 1
5858,1.0,3.0,FN,IDS 1
5859,1.0,3.0,FN,IDS 1
5863,1.0,3.0,FN,IDS 1
5865,5.0,3.0,FN,IDS 1
5868,0.0,3.0,FN,IDS 1
5872,1.0,3.0,FN,IDS 1
5873,5.0,3.0,FN,IDS 1
5875,0.0,3.0,FN,IDS 1
5877,0.0,3.0,FN,IDS 1
5878,1.0,3.0,FN,IDS 1
5882,0.0,3.0,FN,IDS 1
5883,1.0,3.0,FN,IDS 1
5885,1.0,3.0,FN,IDS 1
5888,0.0,3.0,FN,IDS 1
6831,1.0,3.0,FN,IDS 1
6832,0.0,3.0,FN,IDS 1
6834,0.0,3.0,FN,IDS 1
6836,1.0,3.0,FN,IDS 1
6842,0.0,3.0,FN,IDS 1
6843,1.0,3.0,FN,IDS 1
6844,0.0,3.0,FN,IDS 1
6845,0.0,3.0,FN,IDS 1
6846,1.0,3.0,FN,IDS 1
6848,5.0,3.0,FN,IDS 1
6850,1.0,3.0,FN,IDS 1
6852,1.0,3.0,FN,IDS 1
6854,5.0,3.0,FN,IDS 1
6858,0.0,3.0,FN,IDS 1
8249,0.0,4.0,FN,IDS 1
8250,0.0,4.0,FN,IDS 1
8253,0.0,4.0,FN,IDS 1
8254,0.0,4.0,FN,IDS 1
8256,0.0,4.0,FN,IDS 1
8257,0.0,4.0,FN,IDS 1
8259,0.0,4.0,FN,IDS 1
8260,0.0,4.0,FN,IDS 1
8262,0.0,4.0,FN,IDS 1
8263,0.0,4.0,FN,IDS 1
8265,0.0,4.0,FN,IDS 1
8266,0.0,4.0,FN,IDS 1
8267,0.0,4.0,FN,IDS 1
8269,0.0,4.0,FN,IDS 1
8270,0.0,4.0,FN,IDS 1
8271,0.0,4.0,FN,IDS 1
8272,0.0,4.0,FN,IDS 1
8273,0.0,4.0,FN,IDS 1
8274,0.0,4.0,FN,IDS 1
8275,0.0,4.0,FN,IDS 1
8276,0.0,4.0,FN,IDS 1
8308,0.0,4.0,FN,IDS 1
8309,0.0,4.0,FN,IDS 1
8310,0.0,4.0,FN,IDS 1
8311,0.0,4.0,FN,IDS 1
8313,0.0,4.0,FN,IDS 1
8316,0.0,4.0,FN,IDS 1
8317,0.0,4.0,FN,IDS 1
8318,0.0,4.0,FN,IDS 1
8320,0.0,4.0,FN,IDS 1
8321,0.0,4.0,FN,IDS 1
8322,0.0,4.0,FN,IDS 1
8323,0.0,4.0,FN,IDS 1
8326,0.0,4.0,FN,IDS 1
8327,0.0,4.0,FN,IDS 1
8328,0.0,4.0,FN,IDS 1
8329,0.0,4.0,FN,IDS 1
8331,0.0,4.0,FN,IDS 1
8333,0.0,4.0,FN,IDS 1
8334,0.0,4.0,FN,IDS 1
8335,0.0,4.0,FN,IDS 1
8336,0.0,4.0,FN,IDS 1
8426,0.0,4.0,FN,IDS 1
8427,0.0,4.0,FN,IDS 1
8428,0.0,4.0,FN,IDS 1
8429,0.0,4.0,FN,IDS 1
8430,0.0,4.0,FN,IDS 1
8432,0.0,4.0,FN,IDS 1
8434,0.0,4.0,FN,IDS 1
8435,0.0,4.0,FN,IDS 1
8436,0.0,4.0,FN,IDS 1
8437,0.0,4.0,FN,IDS 1
8438,0.0,4.0,FN,IDS 1
8440,0.0,4.0,FN,IDS 1
8442,0.0,4.0,FN,IDS 1
8443,0.0,4.0,FN,IDS 1
8444,0.0,4.0,FN,IDS 1
8446,0.0,4.0,FN,IDS 1
8447,0.0,4.0,FN,IDS 1
8449,0.0,4.0,FN,IDS 1
8451,0.0,4.0,FN,IDS 1
8452,0.0,4.0,FN,IDS 1
8454,0.0,4.0,FN,IDS 1
8631,0.0,4.0,FN,IDS 1
8633,0.0,4.0,FN,IDS 1
8634,0.0,4.0,FN,IDS 1
8635,0.0,4.0,FN,IDS 1
8636,0.0,4.0,FN,IDS 1
8638,0.0,4.0,FN,IDS 1
9330,0.0,4.0,FN,IDS 1
9331,0.0,4.0,FN,IDS 1
9332,0.0,4.0,FN,IDS 1
9334,0.0,4.0,FN,IDS 1
9336,0.0,4.0,FN,IDS 1
9338,0.0,4.0,FN,IDS 1
9339,0.0,4.0,FN,IDS 1
9340,0.0,4.0,FN,IDS 1
9341,0.0,4.0,FN,IDS 1
9342,0.0,4.0,FN,IDS 1
9343,0.0,4.0,FN,IDS 1
9346,0.0,4.0,FN,IDS 1
9347,0.0,4.0,FN,IDS 1
9348,0.0,4.0,FN,IDS 1
9349,0.0,4.0,FN,IDS 1
9350,0.0,4.0,FN,IDS 1
9351,0.0,4.0,FN,IDS 1
9626,0.0,4.0,FN,IDS 1
9629,1.0,4.0,FN,IDS 1
9631,0.0,4.0,FN,IDS 1
9632,0.0,4.0,FN,IDS 1
9633,1.0,4.0,FN,IDS 1
9634,0.0,4.0,FN,IDS 1
9635,0.0,4.0,FN,IDS 1
9636,0.0,4.0,FN,IDS 1
9637,1.0,4.0,FN,IDS 1
9638,0.0,4.0,FN,IDS 1
9641,0.0,4.0,FN,IDS 1
9642,0.0,4.0,FN,IDS 1
9643,0.0,4.0,FN,IDS 1
9644,0.0,4.0,FN,IDS 1
9645,0.0,4.0,FN,IDS 1
9646,0.0,4.0,FN,IDS 1
9647,0.0,4.0,FN,IDS 1
9648,0.0,4.0,FN,IDS 1
9650,0.0,4.0,FN,IDS 1
9652,0.0,4.0,FN,IDS 1
9653,0.0,4.0,FN,IDS 1
9683,0.0,4.0,FN,IDS 1
9684,0.0,4.0,FN,IDS 1
9685,0.0,4.0,FN,IDS 1
9686,0.0,4.0,FN,IDS 1
10066,0.0,0.0,VN,IDS 1
10073,1.0,0.0,FP,IDS 1
10074,0.0,0.0,VN,IDS 1
10075,0.0,0.0,VN,IDS 1
10076,0.0,0.0,VN,IDS 1
10173,0.0,0.0,VN,IDS 1
10175,0.0,0.0,VN,IDS 1
10176,0.0,0.0,VN,IDS 1
10178,0.0,0.0,VN,IDS 1
10180,0.0,0.0,VN,IDS 1
10181,0.0,0.0,VN,IDS 1
10182,0.0,0.0,VN,IDS 1
10183,0.0,0.0,VN,IDS 1
10184,0.0,0.0,VN,IDS 1
10186,0.0,0.0,VN,IDS 1
10190,0.0,0.0,VN,IDS 1
10194,0.0,0.0,VN,IDS 1
10195,0.0,0.0,VN,IDS 1
10196,0.0,0.0,VN,IDS 1
10198,0.0,0.0,VN,IDS 1
10199,0.0,0.0,VN,IDS 1
10200,0.0,0.0,VN,IDS 1
10574,0.0,0.0,VN,IDS 1
10575,0.0,0.0,VN,IDS 1
10578,0.0,0.0,VN,IDS 1
10579,0.0,0.0,VN,IDS 1
10580,0.0,0.0,VN,IDS 1
10581,0.0,0.0,VN,IDS 1
10582,1.0,0.0,FP,IDS 1
10583,0.0,0.0,VN,IDS 1
10588,1.0,0.0,FP,IDS 1
10592,0.0,0.0,VN,IDS 1
10595,0.0,0.0,VN,IDS 1
10596,0.0,0.0,VN,IDS 1
10598,0.0,0.0,VN,IDS 1
10599,0.0,0.0,VN,IDS 1
10602,0.0,0.0,VN,IDS 1
10603,0.0,0.0,VN,IDS 1
10605,0.0,0.0,VN,IDS 1
10607,1.0,0.0,FP,IDS 1
10608,0.0,0.0,VN,IDS 1
10609,0.0,0.0,VN,IDS 1
10610,0.0,0.0,VN,IDS 1
10814,0.0,0.0,VN,IDS 1
10815,0.0,0.0,VN,IDS 1
10818,0.0,0.0,VN,IDS 1
10820,0.0,0.0,VN,IDS 1
10967,0.0,0.0,VN,IDS 1
10968,0.0,0.0,VN,IDS 1
10969,0.0,0.0,VN,IDS 1
10971,0.0,0.0,VN,IDS 1
10972,0.0,0.0,VN,IDS 1
10973,0.0,0.0,VN,IDS 1
10976,0.0,0.0,VN,IDS 1
10979,1.0,0.0,FP,IDS 1
10980,0.0,0.0,VN,IDS 1
10981,0.0,0.0,VN,IDS 1
10982,0.0,0.0,VN,IDS 1
10983,0.0,0.0,VN,IDS 1
10984,0.0,0.0,VN,IDS 1
10985,0.0,0.0,VN,IDS 1
10987,0.0,0.0,VN,IDS 1
10988,0.0,0.0,VN,IDS 1
10990,0.0,0.0,VN,IDS 1
10992,0.0,0.0,VN,IDS 1
7074,0.0,3.0,FN,IDS 1
7076,5.0,3.0,FN,IDS 1
7166,5.0,3.0,FN,IDS 1
7167,0.0,3.0,FN,IDS 1
7173,1.0,3.0,FN,IDS 1
7176,0.0,3.0,FN,IDS 1
7178,0.0,3.0,FN,IDS 1
7181,1.0,3.0,FN,IDS 1
7185,1.0,3.0,FN,IDS 1
7187,1.0,3.0,FN,IDS 1
7188,0.0,3.0,FN,IDS 1
7189,0.0,3.0,FN,IDS 1
7190,1.0,3.0,FN,IDS 1
7191,0.0,3.0,FN,IDS 1
7193,1.0,3.0,FN,IDS 1
7195,0.0,3.0,FN,IDS 1
7197,0.0,3.0,FN,IDS 1
7198,0.0,3.0,FN,IDS 1
7200,1.0,3.0,FN,IDS 1
7206,1.0,3.0,FN,IDS 1
7208,1.0,3.0,FN,IDS 1
7209,0.0,3.0,FN,IDS 1
7212,0.0,3.0,FN,IDS 1
7386,1.0,3.0,FN,IDS 1
7387,0.0,3.0,FN,IDS 1
7389,1.0,3.0,FN,IDS 1
7400,5.0,3.0,FN,IDS 1
7402,1.0,3.0,FN,IDS 1
7406,0.0,3.0,FN,IDS 1
7409,1.0,3.0,FN,IDS 1
7410,1.0,3.0,FN,IDS 1
7413,1.0,3.0,FN,IDS 1
7417,1.0,3.0,FN,IDS 1
7464,1.0,3.0,FN,IDS 1
7468,1.0,3.0,FN,IDS 1
7471,5.0,3.0,FN,IDS 1
7474,0.0,3.0,FN,IDS 1
7478,0.0,3.0,FN,IDS 1
7480,0.0,3.0,FN,IDS 1
7482,1.0,3.0,FN,IDS 1
7484,1.0,3.0,FN,IDS 1
7486,0.0,3.0,FN,IDS 1
7487,0.0,3.0,FN,IDS 1
7492,0.0,3.0,FN,IDS 1
7495,1.0,3.0,FN,IDS 1
7498,0.0,4.0,FN,IDS 1
7499,0.0,4.0,FN,IDS 1
7500,0.0,4.0,FN,IDS 1
7503,0.0,4.0,FN,IDS 1
7504,0.0,4.0,FN,IDS 1
7507,0.0,4.0,FN,IDS 1
7509,0.0,4.0,FN,IDS 1
7511,0.0,4.0,FN,IDS 1
7512,0.0,4.0,FN,IDS 1
7513,0.0,4.0,FN,IDS 1
7742,0.0,4.0,FN,IDS 1
7743,0.0,4.0,FN,IDS 1
7744,0.0,4.0,FN,IDS 1
7745,0.0,4.0,FN,IDS 1
7747,0.0,4.0,FN,IDS 1
7748,0.0,4.0,FN,IDS 1
7749,0.0,4.0,FN,IDS 1
7750,0.0,4.0,FN,IDS 1
7751,0.0,4.0,FN,IDS 1
7752,0.0,4.0,FN,IDS 1
7755,0.0,4.0,FN,IDS 1
7757,0.0,4.0,FN,IDS 1
7758,0.0,4.0,FN,IDS 1
7759,0.0,4.0,FN,IDS 1
7761,0.0,4.0,FN,IDS 1
7762,0.0,4.0,FN,IDS 1
7763,0.0,4.0,FN,IDS 1
7764,0.0,4.0,FN,IDS 1
7766,0.0,4.0,FN,IDS 1
7767,0.0,4.0,FN,IDS 1
7768,0.0,4.0,FN,IDS 1
7899,0.0,4.0,FN,IDS 1
7900,0.0,4.0,FN,IDS 1
7901,0.0,4.0,FN,IDS 1
7903,0.0,4.0,FN,IDS 1
7904,0.0,4.0,FN,IDS 1
7905,0.0,4.0,FN,IDS 1
7906,0.0,4.0,FN,IDS 1
7907,0.0,4.0,FN,IDS 1
7908,0.0,4.0,FN,IDS 1
7909,0.0,4.0,FN,IDS 1
7910,0.0,4.0,FN,IDS 1
7911,0.0,4.0,FN,IDS 1
7912,0.0,4.0,FN,IDS 1
7913,0.0,4.0,FN,IDS 1
7914,0.0,4.0,FN,IDS 1
7915,0.0,4.0,FN,IDS 1
7916,0.0,4.0,FN,IDS 1
7917,0.0,4.0,FN,IDS 1
7918,0.0,4.0,FN,IDS 1
7919,0.0,4.0,FN,IDS 1
7969,0.0,4.0,FN,IDS 1
7970,0.0,4.0,FN,IDS 1
7971,0.0,4.0,FN,IDS 1
7972,0.0,4.0,FN,IDS 1
7974,0.0,4.0,FN,IDS 1
7975,0.0,4.0,FN,IDS 1
7980,0.0,4.0,FN,IDS 1
8038,0.0,4.0,FN,IDS 1
8039,0.0,4.0,FN,IDS 1
8040,0.0,4.0,FN,IDS 1
8041,0.0,4.0,FN,IDS 1
8043,0.0,4.0,FN,IDS 1
8044,0.0,4.0,FN,IDS 1
8045,0.0,4.0,FN,IDS 1
8046,0.0,4.0,FN,IDS 1
8048,0.0,4.0,FN,IDS 1
8049,0.0,4.0,FN,IDS 1
8050,0.0,4.0,FN,IDS 1
8051,0.0,4.0,FN,IDS 1
8052,0.0,4.0,FN,IDS 1
8054,0.0,4.0,FN,IDS 1
8055,0.0,4.0,FN,IDS 1
8056,0.0,4.0,FN,IDS 1
8057,0.0,4.0,FN,IDS 1
8132,0.0,4.0,FN,IDS 1
8133,0.0,4.0,FN,IDS 1
8134,0.0,4.0,FN,IDS 1
8135,0.0,4.0,FN,IDS 1
8136,0.0,4.0,FN,IDS 1
8140,0.0,4.0,FN,IDS 1
8141,0.0,4.0,FN,IDS 1
8142,0.0,4.0,FN,IDS 1
8143,0.0,4.0,FN,IDS 1
8146,0.0,4.0,FN,IDS 1
8147,0.0,4.0,FN,IDS 1
8148,0.0,4.0,FN,IDS 1
8149,0.0,4.0,FN,IDS 1
8151,0.0,4.0,FN,IDS 1
8152,0.0,4.0,FN,IDS 1
8153,0.0,4.0,FN,IDS 1
8154,0.0,4.0,FN,IDS 1
8155,0.0,4.0,FN,IDS 1
8156,0.0,4.0,FN,IDS 1
8158,0.0,4.0,FN,IDS 1
8159,0.0,4.0,FN,IDS 1
8193,0.0,4.0,FN,IDS 1
8195,0.0,4.0,FN,IDS 1
8196,0.0,4.0,FN,IDS 1
8197,0.0,4.0,FN,IDS 1
8198,0.0,4.0,FN,IDS 1
8200,1.0,4.0,FN,IDS 1
8201,0.0,4.0,FN,IDS 1
8202,0.0,4.0,FN,IDS 1
8203,0.0,4.0,FN,IDS 1
8204,0.0,4.0,FN,IDS 1
8207,0.0,4.0,FN,IDS 1
8210,0.0,4.0,FN,IDS 1
8211,0.0,4.0,FN,IDS 1
8212,0.0,4.0,FN,IDS 1
8213,0.0,4.0,FN,IDS 1
8214,0.0,4.0,FN,IDS 1
8215,0.0,4.0,FN,IDS 1
8216,0.0,4.0,FN,IDS 1
8218,0.0,4.0,FN,IDS 1
8220,0.0,4.0,FN,IDS 1
8221,0.0,4.0,FN,IDS 1
8641,0.0,4.0,FN,IDS 1
8642,0.0,4.0,FN,IDS 1
8644,0.0,4.0,FN,IDS 1
8645,0.0,4.0,FN,IDS 1
8647,0.0,4.0,FN,IDS 1
8648,0.0,4.0,FN,IDS 1
8649,0.0,4.0,FN,IDS 1
8651,0.0,4.0,FN,IDS 1
8653,0.0,4.0,FN,IDS 1
8654,0.0,4.0,FN,IDS 1
8655,0.0,4.0,FN,IDS 1
8656,0.0,4.0,FN,IDS 1
8657,0.0,4.0,FN,IDS 1
8658,0.0,4.0,FN,IDS 1
8659,0.0,4.0,FN,IDS 1
8660,0.0,4.0,FN,IDS 1
8661,0.0,4.0,FN,IDS 1
8662,0.0,4.0,FN,IDS 1
8663,0.0,4.0,FN,IDS 1
8664,0.0,4.0,FN,IDS 1
8665,0.0,4.0,FN,IDS 1
8666,0.0,4.0,FN,IDS 1
8667,0.0,4.0,FN,IDS 1
8668,0.0,4.0,FN,IDS 1
8669,0.0,4.0,FN,IDS 1
8670,0.0,4.0,FN,IDS 1
8671,0.0,4.0,FN,IDS 1
8672,0.0,4.0,FN,IDS 1
8673,0.0,4.0,FN,IDS 1
8674,0.0,4.0,FN,IDS 1
8752,0.0,4.0,FN,IDS 1
8753,0.0,4.0,FN,IDS 1
8755,0.0,4.0,FN,IDS 1
8756,0.0,4.0,FN,IDS 1
8758,0.0,4.0,FN,IDS 1
8760,0.0,4.0,FN,IDS 1
8762,0.0,4.0,FN,IDS 1
8765,0.0,4.0,FN,IDS 1
8766,0.0,4.0,FN,IDS 1
8768,0.0,4.0,FN,IDS 1
8769,0.0,4.0,FN,IDS 1
8770,0.0,4.0,FN,IDS 1
8771,0.0,4.0,FN,IDS 1
8772,0.0,4.0,FN,IDS 1
8774,0.0,4.0,FN,IDS 1
8776,0.0,4.0,FN,IDS 1
8777,0.0,4.0,FN,IDS 1
8778,0.0,4.0,FN,IDS 1
8779,0.0,4.0,FN,IDS 1
8780,0.0,4.0,FN,IDS 1
8782,0.0,4.0,FN,IDS 1
8899,0.0,4.0,FN,IDS 1
9037,0.0,4.0,FN,IDS 1
9038,0.0,4.0,FN,IDS 1
9039,0.0,4.0,FN,IDS 1
9041,0.0,4.0,FN,IDS 1
9042,0.0,4.0,FN,IDS 1
9043,0.0,4.0,FN,IDS 1
9044,0.0,4.0,FN,IDS 1
9045,0.0,4.0,FN,IDS 1
9046,0.0,4.0,FN,IDS 1
9047,0.0,4.0,FN,IDS 1
9048,0.0,4.0,FN,IDS 1
9049,0.0,4.0,FN,IDS 1
9051,0.0,4.0,FN,IDS 1
9052,0.0,4.0,FN,IDS 1
9054,0.0,4.0,FN,IDS 1
9055,0.0,4.0,FN,IDS 1
9057,0.0,4.0,FN,IDS 1
9059,0.0,4.0,FN,IDS 1
9180,0.0,4.0,FN,IDS 1
9181,0.0,4.0,FN,IDS 1
9183,0.0,4.0,FN,IDS 1
9185,0.0,4.0,FN,IDS 1
9189,0.0,4.0,FN,IDS 1
9190,0.0,4.0,FN,IDS 1
9193,0.0,4.0,FN,IDS 1
9195,0.0,4.0,FN,IDS 1
9196,0.0,4.0,FN,IDS 1
9197,0.0,4.0,FN,IDS 1
9198,0.0,4.0,FN,IDS 1
9199,0.0,4.0,FN,IDS 1
9200,0.0,4.0,FN,IDS 1
9203,0.0,4.0,FN,IDS 1
9204,0.0,4.0,FN,IDS 1
9205,0.0,4.0,FN,IDS 1
9206,0.0,4.0,FN,IDS 1
9207,0.0,4.0,FN,IDS 1
9210,0.0,4.0,FN,IDS 1
9211,0.0,4.0,FN,IDS 1
9212,0.0,4.0,FN,IDS 1
9213,0.0,4.0,FN,IDS 1
9214,0.0,4.0,FN,IDS 1
9215,0.0,4.0,FN,IDS 1
9217,0.0,4.0,FN,IDS 1
9218,0.0,4.0,FN,IDS 1
9219,0.0,4.0,FN,IDS 1
9220,0.0,4.0,FN,IDS 1
9221,0.0,4.0,FN,IDS 1
9224,0.0,4.0,FN,IDS 1
9225,0.0,4.0,FN,IDS 1
9226,0.0,4.0,FN,IDS 1
9227,0.0,4.0,FN,IDS 1
9228,0.0,4.0,FN,IDS 1
9229,0.0,4.0,FN,IDS 1
9230,0.0,4.0,FN,IDS 1
9231,0.0,4.0,FN,IDS 1
9232,0.0,4.0,FN,IDS 1
9233,0.0,4.0,FN,IDS 1
9234,0.0,4.0,FN,IDS 1
9235,0.0,4.0,FN,IDS 1
9236,0.0,4.0,FN,IDS 1
9299,0.0,4.0,FN,IDS 1
9300,0.0,4.0,FN,IDS 1
9302,0.0,4.0,FN,IDS 1
9304,0.0,4.0,FN,IDS 1
9305,0.0,4.0,FN,IDS 1
9306,0.0,4.0,FN,IDS 1
9308,0.0,4.0,FN,IDS 1
9309,0.0,4.0,FN,IDS 1
9310,0.0,4.0,FN,IDS 1
9311,0.0,4.0,FN,IDS 1
9312,0.0,4.0,FN,IDS 1
9313,0.0,4.0,FN,IDS 1
9315,0.0,4.0,FN,IDS 1
9316,0.0,4.0,FN,IDS 1
9317,0.0,4.0,FN,IDS 1
9318,0.0,4.0,FN,IDS 1
9319,0.0,4.0,FN,IDS 1
9320,0.0,4.0,FN,IDS 1
9321,0.0,4.0,FN,IDS 1
9322,0.0,4.0,FN,IDS 1
9323,0.0,4.0,FN,IDS 1
9324,0.0,4.0,FN,IDS 1
9325,0.0,4.0,FN,IDS 1
9328,0.0,4.0,FN,IDS 1
9329,0.0,4.0,FN,IDS 1
9688,0.0,4.0,FN,IDS 1
9689,0.0,4.0,FN,IDS 1
9690,0.0,4.0,FN,IDS 1
9691,0.0,4.0,FN,IDS 1
9692,0.0,4.0,FN,IDS 1
9693,0.0,4.0,FN,IDS 1
9694,0.0,4.0,FN,IDS 1
9695,0.0,4.0,FN,IDS 1
9696,0.0,4.0,FN,IDS 1
9699,0.0,4.0,FN,IDS 1
9701,0.0,4.0,FN,IDS 1
9702,0.0,4.0,FN,IDS 1
9704,0.0,4.0,FN,IDS 1
9705,0.0,4.0,FN,IDS 1
9707,0.0,4.0,FN,IDS 1
9708,0.0,4.0,FN,IDS 1
9709,0.0,4.0,FN,IDS 1
9740,0.0,4.0,FN,IDS 1
9741,0.0,4.0,FN,IDS 1
9742,0.0,4.0,FN,IDS 1
9743,0.0,4.0,FN,IDS 1
9744,0.0,4.0,FN,IDS 1
9745,0.0,4.0,FN,IDS 1
9746,0.0,4.0,FN,IDS 1
9747,0.0,4.0,FN,IDS 1
9748,0.0,4.0,FN,IDS 1
9749,0.0,4.0,FN,IDS 1
9751,0.0,4.0,FN,IDS 1
9753,0.0,4.0,FN,IDS 1
9755,0.0,4.0,FN,IDS 1
9756,0.0,4.0,FN,IDS 1
9758,0.0,4.0,FN,IDS 1
9759,0.0,4.0,FN,IDS 1
9760,0.0,4.0,FN,IDS 1
9761,0.0,4.0,FN,IDS 1
9762,0.0,4.0,FN,IDS 1
9763,0.0,4.0,FN,IDS 1
9764,0.0,4.0,FN,IDS 1
9765,0.0,4.0,FN,IDS 1
9766,0.0,4.0,FN,IDS 1
9767,0.0,4.0,FN,IDS 1
9768,0.0,4.0,FN,IDS 1
9769,0.0,4.0,FN,IDS 1
9770,0.0,4.0,FN,IDS 1
9771,0.0,4.0,FN,IDS 1
9772,0.0,4.0,FN,IDS 1
9773,0.0,4.0,FN,IDS 1
9775,0.0,4.0,FN,IDS 1
9776,0.0,4.0,FN,IDS 1
10202,0.0,0.0,VN,IDS 1
10203,0.0,0.0,VN,IDS 1
10204,0.0,0.0,VN,IDS 1
10206,0.0,0.0,VN,IDS 1
10277,0.0,0.0,VN,IDS 1
10279,0.0,0.0,VN,IDS 1
10280,0.0,0.0,VN,IDS 1
10283,0.0,0.0,VN,IDS 1
10286,0.0,0.0,VN,IDS 1
10288,0.0,0.0,VN,IDS 1
10290,0.0,0.0,VN,IDS 1
10291,0.0,0.0,VN,IDS 1
10292,0.0,0.0,VN,IDS 1
10293,0.0,0.0,VN,IDS 1
10294,0.0,0.0,VN,IDS 1
11064,0.0,0.0,VN,IDS 1
11065,0.0,0.0,VN,IDS 1
11067,0.0,0.0,VN,IDS 1
11069,0.0,0.0,VN,IDS 1
11071,0.0,0.0,VN,IDS 1
11072,1.0,0.0,FP,IDS 1
11073,0.0,0.0,VN,IDS 1
11075,0.0,0.0,VN,IDS 1
11076,0.0,0.0,VN,IDS 1
11077,0.0,0.0,VN,IDS 1
11080,0.0,0.0,VN,IDS 1
11081,0.0,0.0,VN,IDS 1
11083,0.0,0.0,VN,IDS 1
11086,0.0,0.0,VN,IDS 1
11087,0.0,0.0,VN,IDS 1
11089,0.0,0.0,VN,IDS 1
11091,0.0,0.0,VN,IDS 1
11092,0.0,0.0,VN,IDS 1
11094,0.0,0.0,VN,IDS 1
11095,0.0,0.0,VN,IDS 1
11098,0.0,0.0,VN,IDS 1
10296,0.0,0.0,VN,IDS 1
10297,0.0,0.0,VN,IDS 1
10298,0.0,0.0,VN,IDS 1
10299,0.0,0.0,VN,IDS 1
10300,0.0,0.0,VN,IDS 1
10301,0.0,0.0,VN,IDS 1
10302,0.0,0.0,VN,IDS 1
10305,1.0,0.0,FP,IDS 1
10307,0.0,0.0,VN,IDS 1
10308,0.0,0.0,VN,IDS 1
10309,0.0,0.0,VN,IDS 1
10310,0.0,0.0,VN,IDS 1
10352,0.0,0.0,VN,IDS 1
10355,0.0,0.0,VN,IDS 1
10357,0.0,0.0,VN,IDS 1
10359,0.0,0.0,VN,IDS 1
10360,0.0,0.0,VN,IDS 1
10362,0.0,0.0,VN,IDS 1
10364,0.0,0.0,VN,IDS 1
10365,0.0,0.0,VN,IDS 1
10366,0.0,0.0,VN,IDS 1
10368,0.0,0.0,VN,IDS 1
10369,0.0,0.0,VN,IDS 1
10370,0.0,0.0,VN,IDS 1
10372,0.0,0.0,VN,IDS 1
10373,0.0,0.0,VN,IDS 1
10374,0.0,0.0,VN,IDS 1
10375,0.0,0.0,VN,IDS 1
10377,0.0,0.0,VN,IDS 1
10378,0.0,0.0,VN,IDS 1
10380,0.0,0.0,VN,IDS 1
10381,0.0,0.0,VN,IDS 1
10384,0.0,0.0,VN,IDS 1
10385,0.0,0.0,VN,IDS 1
10543,0.0,0.0,VN,IDS 1
10545,0.0,0.0,VN,IDS 1
10546,0.0,0.0,VN,IDS 1
10547,0.0,0.0,VN,IDS 1
10549,0.0,0.0,VN,IDS 1
10552,0.0,0.0,VN,IDS 1
10553,0.0,0.0,VN,IDS 1
10554,0.0,0.0,VN,IDS 1
10555,0.0,0.0,VN,IDS 1
10556,0.0,0.0,VN,IDS 1
10558,0.0,0.0,VN,IDS 1
10559,0.0,0.0,VN,IDS 1
10560,0.0,0.0,VN,IDS 1
10568,0.0,0.0,VN,IDS 1
10571,0.0,0.0,VN,IDS 1
10572,0.0,0.0,VN,IDS 1
10611,0.0,0.0,VN,IDS 1
10613,0.0,0.0,VN,IDS 1
10614,0.0,0.0,VN,IDS 1
10616,0.0,0.0,VN,IDS 1
10617,0.0,0.0,VN,IDS 1
10619,0.0,0.0,VN,IDS 1
10620,0.0,0.0,VN,IDS 1
10621,0.0,0.0,VN,IDS 1
10622,0.0,0.0,VN,IDS 1
10728,0.0,0.0,VN,IDS 1
10729,0.0,0.0,VN,IDS 1
10730,0.0,0.0,VN,IDS 1
10732,0.0,0.0,VN,IDS 1
10733,0.0,0.0,VN,IDS 1
10736,0.0,0.0,VN,IDS 1
10738,0.0,0.0,VN,IDS 1
10739,0.0,0.0,VN,IDS 1
10741,0.0,0.0,VN,IDS 1
10742,0.0,0.0,VN,IDS 1
10743,0.0,0.0,VN,IDS 1
10744,0.0,0.0,VN,IDS 1
10745,0.0,0.0,VN,IDS 1
10746,0.0,0.0,VN,IDS 1
10993,0.0,0.0,VN,IDS 1
10995,0.0,0.0,VN,IDS 1
10998,0.0,0.0,VN,IDS 1
11037,0.0,0.0,VN,IDS 1
11038,0.0,0.0,VN,IDS 1
11040,0.0,0.0,VN,IDS 1
11041,0.0,0.0,VN,IDS 1
11042,0.0,0.0,VN,IDS 1
11043,0.0,0.0,VN,IDS 1
11044,0.0,0.0,VN,IDS 1
11045,0.0,0.0,VN,IDS 1
11046,0.0,0.0,VN,IDS 1
11047,0.0,0.0,VN,IDS 1
11049,0.0,0.0,VN,IDS 1
11050,0.0,0.0,VN,IDS 1
11051,0.0,0.0,VN,IDS 1
11052,0.0,0.0,VN,IDS 1
11054,0.0,0.0,VN,IDS 1
11055,0.0,0.0,VN,IDS 1
11056,0.0,0.0,VN,IDS 1
11057,0.0,0.0,VN,IDS 1
11058,0.0,0.0,VN,IDS 1
11059,0.0,0.0,VN,IDS 1
11061,0.0,0.0,VN,IDS 1
11062,0.0,0.0,VN,IDS 1
11124,0.0,0.0,VN,IDS 1
11341,0.0,0.0,VN,IDS 1
11343,0.0,0.0,VN,IDS 1
11345,0.0,0.0,VN,IDS 1
11347,0.0,0.0,VN,IDS 1
11348,0.0,0.0,VN,IDS 1
11349,0.0,0.0,VN,IDS 1
11350,0.0,0.0,VN,IDS 1
11351,0.0,0.0,VN,IDS 1
11353,0.0,0.0,VN,IDS 1
11355,0.0,0.0,VN,IDS 1
11358,0.0,0.0,VN,IDS 1
11362,0.0,0.0,VN,IDS 1
11363,0.0,0.0,VN,IDS 1
11364,0.0,0.0,VN,IDS 1
11367,0.0,0.0,VN,IDS 1
11368,0.0,0.0,VN,IDS 1
11369,0.0,0.0,VN,IDS 1
11370,0.0,0.0,VN,IDS 1
11371,0.0,0.0,VN,IDS 1
11372,0.0,0.0,VN,IDS 1
11374,0.0,0.0,VN,IDS 1
11377,0.0,0.0,VN,IDS 1
11378,0.0,0.0,VN,IDS 1
11379,0.0,0.0,VN,IDS 1
11381,0.0,0.0,VN,IDS 1
11382,0.0,0.0,VN,IDS 1
11385,0.0,0.0,VN,IDS 1
11386,0.0,0.0,VN,IDS 1
11390,0.0,0.0,VN,IDS 1
11391,0.0,0.0,VN,IDS 1
11392,0.0,0.0,VN,IDS 1
11393,0.0,0.0,VN,IDS 1
11394,0.0,0.0,VN,IDS 1
6793,0.0,3.0,FN,IDS 1
6800,1.0,3.0,FN,IDS 1
6802,1.0,3.0,FN,IDS 1
6804,1.0,3.0,FN,IDS 1
6807,1.0,3.0,FN,IDS 1
6808,1.0,3.0,FN,IDS 1
6811,1.0,3.0,FN,IDS 1
6815,0.0,3.0,FN,IDS 1
6818,0.0,3.0,FN,IDS 1
6819,0.0,3.0,FN,IDS 1
6821,0.0,3.0,FN,IDS 1
6825,0.0,3.0,FN,IDS 1
6829,1.0,3.0,FN,IDS 1
7113,1.0,3.0,FN,IDS 1
7114,1.0,3.0,FN,IDS 1
7115,1.0,3.0,FN,IDS 1
7117,1.0,3.0,FN,IDS 1
7121,0.0,3.0,FN,IDS 1
7125,1.0,3.0,FN,IDS 1
7126,1.0,3.0,FN,IDS 1
7132,1.0,3.0,FN,IDS 1
7133,1.0,3.0,FN,IDS 1
7138,5.0,3.0,FN,IDS 1
7140,1.0,3.0,FN,IDS 1
7144,1.0,3.0,FN,IDS 1
7152,1.0,3.0,FN,IDS 1
7153,0.0,3.0,FN,IDS 1
7155,1.0,3.0,FN,IDS 1
8094,0.0,4.0,FN,IDS 1
8095,0.0,4.0,FN,IDS 1
8172,0.0,4.0,FN,IDS 1
8173,0.0,4.0,FN,IDS 1
8176,0.0,4.0,FN,IDS 1
8177,0.0,4.0,FN,IDS 1
8179,0.0,4.0,FN,IDS 1
11416,0.0,0.0,VN,IDS 1
11418,0.0,0.0,VN,IDS 1
11421,0.0,0.0,VN,IDS 1
11428,0.0,0.0,VN,IDS 1
11430,0.0,0.0,VN,IDS 1
11431,0.0,0.0,VN,IDS 1
11432,0.0,0.0,VN,IDS 1
11434,0.0,0.0,VN,IDS 1
11437,0.0,0.0,VN,IDS 1
11440,0.0,0.0,VN,IDS 1
11441,0.0,0.0,VN,IDS 1
11442,0.0,0.0,VN,IDS 1
11444,0.0,0.0,VN,IDS 1
11445,0.0,0.0,VN,IDS 1
11446,0.0,0.0,VN,IDS 1
11448,0.0,0.0,VN,IDS 1
11450,0.0,0.0,VN,IDS 1
11452,0.0,0.0,VN,IDS 1
11454,0.0,0.0,VN,IDS 1
11455,0.0,0.0,VN,IDS 1
11456,0.0,0.0,VN,IDS 1
11457,0.0,0.0,VN,IDS 1
11458,0.0,0.0,VN,IDS 1
11460,0.0,0.0,VN,IDS 1
11461,0.0,0.0,VN,IDS 1
11462,0.0,0.0,VN,IDS 1
11463,0.0,0.0,VN,IDS 1
11464,0.0,0.0,VN,IDS 1
11465,0.0,0.0,VN,IDS 1
11466,0.0,0.0,VN,IDS 1
11470,0.0,0.0,VN,IDS 1
11471,0.0,0.0,VN,IDS 1
11472,0.0,0.0,VN,IDS 1
11652,0.0,0.0,VN,IDS 1
11653,0.0,0.0,VN,IDS 1
11655,0.0,0.0,VN,IDS 1
11658,0.0,0.0,VN,IDS 1
11659,0.0,0.0,VN,IDS 1
11660,0.0,0.0,VN,IDS 1
11661,0.0,0.0,VN,IDS 1
11665,0.0,0.0,VN,IDS 1
12153,0.0,0.0,VN,IDS 1
12154,0.0,0.0,VN,IDS 1
12155,0.0,0.0,VN,IDS 1
12157,0.0,0.0,VN,IDS 1
12161,0.0,0.0,VN,IDS 1
12162,0.0,0.0,VN,IDS 1
12163,0.0,0.0,VN,IDS 1
12165,0.0,0.0,VN,IDS 1
12166,0.0,0.0,VN,IDS 1
12168,0.0,0.0,VN,IDS 1
12170,0.0,0.0,VN,IDS 1
12171,0.0,0.0,VN,IDS 1
12174,0.0,0.0,VN,IDS 1
12175,0.0,0.0,VN,IDS 1
12178,0.0,0.0,VN,IDS 1
12179,0.0,0.0,VN,IDS 1
12180,0.0,0.0,VN,IDS 1
12181,0.0,0.0,VN,IDS 1
12182,0.0,0.0,VN,IDS 1
12183,0.0,0.0,VN,IDS 1
12184,0.0,0.0,VN,IDS 1
12185,0.0,0.0,VN,IDS 1
12186,1.0,0.0,FP,IDS 1
12187,0.0,0.0,VN,IDS 1
12189,0.0,0.0,VN,IDS 1
12190,1.0,0.0,FP,IDS 1
12192,0.0,0.0,VN,IDS 1
12193,0.0,0.0,VN,IDS 1
12194,0.0,0.0,VN,IDS 1
12198,0.0,0.0,VN,IDS 1
12199,0.0,0.0,VN,IDS 1
12200,0.0,0.0,VN,IDS 1
12202,0.0,0.0,VN,IDS 1
12203,0.0,0.0,VN,IDS 1
12204,0.0,0.0,VN,IDS 1
12205,0.0,0.0,VN,IDS 1
12207,0.0,0.0,VN,IDS 1
12208,0.0,0.0,VN,IDS 1
12209,0.0,0.0,VN,IDS 1
12213,0.0,0.0,VN,IDS 1
12214,0.0,0.0,VN,IDS 1
12217,0.0,0.0,VN,IDS 1
12218,0.0,0.0,VN,IDS 1
12220,0.0,0.0,VN,IDS 1
12222,0.0,0.0,VN,IDS 1
12257,0.0,0.0,VN,IDS 1
12258,0.0,0.0,VN,IDS 1
12259,0.0,0.0,VN,IDS 1
12260,0.0,0.0,VN,IDS 1
12262,0.0,0.0,VN,IDS 1
12263,0.0,0.0,VN,IDS 1
12264,0.0,0.0,VN,IDS 1
12265,0.0,0.0,VN,IDS 1
12266,0.0,0.0,VN,IDS 1
12267,0.0,0.0,VN,IDS 1
12268,0.0,0.0,VN,IDS 1
12272,0.0,0.0,VN,IDS 1
12273,0.0,0.0,VN,IDS 1
12274,0.0,0.0,VN,IDS 1
12275,0.0,0.0,VN,IDS 1
12276,0.0,0.0,VN,IDS 1
12280,0.0,0.0,VN,IDS 1
12283,0.0,0.0,VN,IDS 1
12284,0.0,0.0,VN,IDS 1
12285,0.0,0.0,VN,IDS 1
12287,0.0,0.0,VN,IDS 1
12288,1.0,0.0,FP,IDS 1
12289,0.0,0.0,VN,IDS 1
12290,0.0,0.0,VN,IDS 1
12291,0.0,0.0,VN,IDS 1
12292,0.0,0.0,VN,IDS 1
12293,0.0,0.0,VN,IDS 1
12367,0.0,0.0,VN,IDS 1
12368,0.0,0.0,VN,IDS 1
9777,0.0,4.0,FN,IDS 1
9779,0.0,4.0,FN,IDS 1
9780,0.0,4.0,FN,IDS 1
9782,0.0,4.0,FN,IDS 1
9783,0.0,4.0,FN,IDS 1
9784,0.0,4.0,FN,IDS 1
9785,0.0,4.0,FN,IDS 1
9786,0.0,4.0,FN,IDS 1
9789,0.0,4.0,FN,IDS 1
9790,0.0,4.0,FN,IDS 1
9793,0.0,4.0,FN,IDS 1
9796,0.0,4.0,FN,IDS 1
9798,0.0,4.0,FN,IDS 1
9800,0.0,4.0,FN,IDS 1
9801,0.0,4.0,FN,IDS 1
9803,0.0,4.0,FN,IDS 1
9804,0.0,4.0,FN,IDS 1
9806,0.0,4.0,FN,IDS 1
9807,0.0,4.0,FN,IDS 1
9808,0.0,4.0,FN,IDS 1
9884,0.0,4.0,FN,IDS 1
9887,0.0,4.0,FN,IDS 1
9888,0.0,4.0,FN,IDS 1
9891,0.0,4.0,FN,IDS 1
9892,0.0,4.0,FN,IDS 1
9893,0.0,4.0,FN,IDS 1
9894,0.0,4.0,FN,IDS 1
9895,0.0,4.0,FN,IDS 1
9896,0.0,4.0,FN,IDS 1
9897,0.0,4.0,FN,IDS 1
9898,0.0,4.0,FN,IDS 1
9899,0.0,4.0,FN,IDS 1
9901,0.0,4.0,FN,IDS 1
9903,0.0,4.0,FN,IDS 1
9905,0.0,4.0,FN,IDS 1
9906,0.0,4.0,FN,IDS 1
9907,0.0,4.0,FN,IDS 1
9910,0.0,4.0,FN,IDS 1
9911,0.0,4.0,FN,IDS 1
9912,0.0,4.0,FN,IDS 1
9914,0.0,4.0,FN,IDS 1
10039,0.0,0.0,VN,IDS 1
10040,0.0,0.0,VN,IDS 1
10042,0.0,0.0,VN,IDS 1
10044,0.0,0.0,VN,IDS 1
10045,0.0,0.0,VN,IDS 1
10046,0.0,0.0,VN,IDS 1
10048,0.0,0.0,VN,IDS 1
10053,0.0,0.0,VN,IDS 1
10054,0.0,0.0,VN,IDS 1
10055,1.0,0.0,FP,IDS 1
10057,0.0,0.0,VN,IDS 1
10058,0.0,0.0,VN,IDS 1
10059,0.0,0.0,VN,IDS 1
10060,0.0,0.0,VN,IDS 1
10063,0.0,0.0,VN,IDS 1
10064,0.0,0.0,VN,IDS 1
10065,0.0,0.0,VN,IDS 1
8096,0.0,4.0,FN,IDS 1
8097,0.0,4.0,FN,IDS 1
8098,0.0,4.0,FN,IDS 1
8099,0.0,4.0,FN,IDS 1
8100,0.0,4.0,FN,IDS 1
8101,0.0,4.0,FN,IDS 1
8161,0.0,4.0,FN,IDS 1
8163,0.0,4.0,FN,IDS 1
8165,0.0,4.0,FN,IDS 1
8167,0.0,4.0,FN,IDS 1
8168,0.0,4.0,FN,IDS 1
8169,0.0,4.0,FN,IDS 1
8170,0.0,4.0,FN,IDS 1
8171,0.0,4.0,FN,IDS 1
10747,1.0,0.0,FP,IDS 1
10748,1.0,0.0,FP,IDS 1
10750,0.0,0.0,VN,IDS 1
10751,0.0,0.0,VN,IDS 1
10752,0.0,0.0,VN,IDS 1
10753,0.0,0.0,VN,IDS 1
10756,0.0,0.0,VN,IDS 1
10790,0.0,0.0,VN,IDS 1
10791,0.0,0.0,VN,IDS 1
10793,0.0,0.0,VN,IDS 1
10795,0.0,0.0,VN,IDS 1
10796,0.0,0.0,VN,IDS 1
10797,0.0,0.0,VN,IDS 1
10798,0.0,0.0,VN,IDS 1
10799,1.0,0.0,FP,IDS 1
10800,0.0,0.0,VN,IDS 1
10801,0.0,0.0,VN,IDS 1
10802,0.0,0.0,VN,IDS 1
10803,0.0,0.0,VN,IDS 1
10804,0.0,0.0,VN,IDS 1
10808,0.0,0.0,VN,IDS 1
10809,0.0,0.0,VN,IDS 1
10811,0.0,0.0,VN,IDS 1
10812,0.0,0.0,VN,IDS 1
7156,1.0,3.0,FN,IDS 1
7158,0.0,3.0,FN,IDS 1
7161,0.0,3.0,FN,IDS 1
7162,1.0,3.0,FN,IDS 1
7163,0.0,3.0,FN,IDS 1
7164,1.0,3.0,FN,IDS 1
7264,1.0,3.0,FN,IDS 1
7265,0.0,3.0,FN,IDS 1
7267,1.0,3.0,FN,IDS 1
7271,0.0,3.0,FN,IDS 1
7273,1.0,3.0,FN,IDS 1
7276,0.0,3.0,FN,IDS 1
7277,1.0,3.0,FN,IDS 1
7280,5.0,3.0,FN,IDS 1
7281,1.0,3.0,FN,IDS 1
7288,1.0,3.0,FN,IDS 1
7292,1.0,3.0,FN,IDS 1
7296,1.0,3.0,FN,IDS 1
7297,5.0,3.0,FN,IDS 1
7298,1.0,3.0,FN,IDS 1
7299,1.0,3.0,FN,IDS 1
11818,0.0,0.0,VN,IDS 1
11819,0.0,0.0,VN,IDS 1
11820,0.0,0.0,VN,IDS 1
11821,0.0,0.0,VN,IDS 1
11822,0.0,0.0,VN,IDS 1
11823,0.0,0.0,VN,IDS 1
11828,0.0,0.0,VN,IDS 1
11829,0.0,0.0,VN,IDS 1
11833,0.0,0.0,VN,IDS 1
11834,0.0,0.0,VN,IDS 1
11835,0.0,0.0,VN,IDS 1
11836,0.0,0.0,VN,IDS 1
11837,0.0,0.0,VN,IDS 1
11838,0.0,0.0,VN,IDS 1
11839,0.0,0.0,VN,IDS 1
11843,0.0,0.0,VN,IDS 1
11844,0.0,0.0,VN,IDS 1
11845,0.0,0.0,VN,IDS 1
11846,0.0,0.0,VN,IDS 1
11847,0.0,0.0,VN,IDS 1
11848,0.0,0.0,VN,IDS 1
12455,0.0,0.0,VN,IDS 1
12458,0.0,0.0,VN,IDS 1
12459,0.0,0.0,VN,IDS 1
12461,0.0,0.0,VN,IDS 1
12462,0.0,0.0,VN,IDS 1
12464,0.0,0.0,VN,IDS 1
12466,0.0,0.0,VN,IDS 1
12467,0.0,0.0,VN,IDS 1
12470,0.0,0.0,VN,IDS 1
12471,0.0,0.0,VN,IDS 1
12472,0.0,0.0,VN,IDS 1
12473,0.0,0.0,VN,IDS 1
12475,0.0,0.0,VN,IDS 1
12476,0.0,0.0,VN,IDS 1
12479,0.0,0.0,VN,IDS 1
12480,0.0,0.0,VN,IDS 1
12481,0.0,0.0,VN,IDS 1
12482,0.0,0.0,VN,IDS 1
12483,0.0,0.0,VN,IDS 1
12484,0.0,0.0,VN,IDS 1
12485,0.0,0.0,VN,IDS 1
8226,0.0,4.0,FN,IDS 1
8227,0.0,4.0,FN,IDS 1
8228,0.0,4.0,FN,IDS 1
8230,0.0,4.0,FN,IDS 1
8232,0.0,4.0,FN,IDS 1
8233,0.0,4.0,FN,IDS 1
8234,0.0,4.0,FN,IDS 1
8235,0.0,4.0,FN,IDS 1
8237,0.0,4.0,FN,IDS 1
8238,0.0,4.0,FN,IDS 1
8240,0.0,4.0,FN,IDS 1
8241,0.0,4.0,FN,IDS 1
8242,0.0,4.0,FN,IDS 1
8243,0.0,4.0,FN,IDS 1
8244,0.0,4.0,FN,IDS 1
8245,0.0,4.0,FN,IDS 1
8246,0.0,4.0,FN,IDS 1
8247,0.0,4.0,FN,IDS 1
8248,0.0,4.0,FN,IDS 1
8278,0.0,4.0,FN,IDS 1
8279,0.0,4.0,FN,IDS 1
8280,0.0,4.0,FN,IDS 1
8282,0.0,4.0,FN,IDS 1
8283,0.0,4.0,FN,IDS 1
8285,0.0,4.0,FN,IDS 1
8286,0.0,4.0,FN,IDS 1
8287,0.0,4.0,FN,IDS 1
8289,0.0,4.0,FN,IDS 1
8290,0.0,4.0,FN,IDS 1
8291,0.0,4.0,FN,IDS 1
8292,0.0,4.0,FN,IDS 1
8295,0.0,4.0,FN,IDS 1
8296,0.0,4.0,FN,IDS 1
8297,0.0,4.0,FN,IDS 1
8298,0.0,4.0,FN,IDS 1
8299,0.0,4.0,FN,IDS 1
8300,0.0,4.0,FN,IDS 1
8303,0.0,4.0,FN,IDS 1
8306,0.0,4.0,FN,IDS 1
8307,0.0,4.0,FN,IDS 1
8337,0.0,4.0,FN,IDS 1
8338,0.0,4.0,FN,IDS 1
8486,0.0,4.0,FN,IDS 1
8489,0.0,4.0,FN,IDS 1
8490,0.0,4.0,FN,IDS 1
8491,0.0,4.0,FN,IDS 1
8492,0.0,4.0,FN,IDS 1
8493,0.0,4.0,FN,IDS 1
8494,0.0,4.0,FN,IDS 1
8495,0.0,4.0,FN,IDS 1
8496,0.0,4.0,FN,IDS 1
8497,0.0,4.0,FN,IDS 1
8498,0.0,4.0,FN,IDS 1
8499,0.0,4.0,FN,IDS 1
8500,0.0,4.0,FN,IDS 1
8501,0.0,4.0,FN,IDS 1
8502,0.0,4.0,FN,IDS 1
8503,0.0,4.0,FN,IDS 1
8504,0.0,4.0,FN,IDS 1
8506,0.0,4.0,FN,IDS 1
8509,0.0,4.0,FN,IDS 1
8511,0.0,4.0,FN,IDS 1
8513,0.0,4.0,FN,IDS 1
8514,0.0,4.0,FN,IDS 1
8515,0.0,4.0,FN,IDS 1
8517,0.0,4.0,FN,IDS 1
8519,0.0,4.0,FN,IDS 1
8520,0.0,4.0,FN,IDS 1
8521,0.0,4.0,FN,IDS 1
8522,0.0,4.0,FN,IDS 1
8523,0.0,4.0,FN,IDS 1
8524,0.0,4.0,FN,IDS 1
8526,0.0,4.0,FN,IDS 1
8527,0.0,4.0,FN,IDS 1
8528,0.0,4.0,FN,IDS 1
8529,0.0,4.0,FN,IDS 1
8530,0.0,4.0,FN,IDS 1
8531,0.0,4.0,FN,IDS 1
8533,0.0,4.0,FN,IDS 1
8534,0.0,4.0,FN,IDS 1
8535,0.0,4.0,FN,IDS 1
8536,0.0,4.0,FN,IDS 1
8537,0.0,4.0,FN,IDS 1
8538,0.0,4.0,FN,IDS 1
8539,0.0,4.0,FN,IDS 1
8540,0.0,4.0,FN,IDS 1
8541,0.0,4.0,FN,IDS 1
8542,0.0,4.0,FN,IDS 1
8543,0.0,4.0,FN,IDS 1
8544,0.0,4.0,FN,IDS 1
8545,0.0,4.0,FN,IDS 1
8547,0.0,4.0,FN,IDS 1
8549,0.0,4.0,FN,IDS 1
8550,0.0,4.0,FN,IDS 1
8552,0.0,4.0,FN,IDS 1
8553,0.0,4.0,FN,IDS 1
8554,0.0,4.0,FN,IDS 1
8555,0.0,4.0,FN,IDS 1
8560,0.0,4.0,FN,IDS 1
8562,0.0,4.0,FN,IDS 1
8563,0.0,4.0,FN,IDS 1
8564,0.0,4.0,FN,IDS 1
8567,0.0,4.0,FN,IDS 1
8568,0.0,4.0,FN,IDS 1
8569,0.0,4.0,FN,IDS 1
8570,0.0,4.0,FN,IDS 1
8571,0.0,4.0,FN,IDS 1
8575,0.0,4.0,FN,IDS 1
8577,0.0,4.0,FN,IDS 1
8578,0.0,4.0,FN,IDS 1
8579,0.0,4.0,FN,IDS 1
8580,0.0,4.0,FN,IDS 1
8582,1.0,4.0,FN,IDS 1
8972,0.0,4.0,FN,IDS 1
8975,0.0,4.0,FN,IDS 1
8976,0.0,4.0,FN,IDS 1
8977,0.0,4.0,FN,IDS 1
8979,0.0,4.0,FN,IDS 1
11099,0.0,0.0,VN,IDS 1
11100,0.0,0.0,VN,IDS 1
11101,0.0,0.0,VN,IDS 1
11102,0.0,0.0,VN,IDS 1
11103,0.0,0.0,VN,IDS 1
11104,0.0,0.0,VN,IDS 1
11105,0.0,0.0,VN,IDS 1
11106,0.0,0.0,VN,IDS 1
11107,0.0,0.0,VN,IDS 1
11108,0.0,0.0,VN,IDS 1
11109,0.0,0.0,VN,IDS 1
11110,0.0,0.0,VN,IDS 1
11112,0.0,0.0,VN,IDS 1
11113,0.0,0.0,VN,IDS 1
11114,0.0,0.0,VN,IDS 1
11116,0.0,0.0,VN,IDS 1
11119,0.0,0.0,VN,IDS 1
11120,0.0,0.0,VN,IDS 1
11121,0.0,0.0,VN,IDS 1
11122,0.0,0.0,VN,IDS 1
11123,0.0,0.0,VN,IDS 1
7301,5.0,3.0,FN,IDS 1
7302,1.0,3.0,FN,IDS 1
7304,5.0,3.0,FN,IDS 1
7306,5.0,3.0,FN,IDS 1
7319,5.0,3.0,FN,IDS 1
7320,5.0,3.0,FN,IDS 1
7834,0.0,4.0,FN,IDS 1
7836,0.0,4.0,FN,IDS 1
7837,0.0,4.0,FN,IDS 1
7838,0.0,4.0,FN,IDS 1
7840,0.0,4.0,FN,IDS 1
7841,0.0,4.0,FN,IDS 1
7842,0.0,4.0,FN,IDS 1
7843,0.0,4.0,FN,IDS 1
7844,0.0,4.0,FN,IDS 1
7845,0.0,4.0,FN,IDS 1
7846,0.0,4.0,FN,IDS 1
7847,0.0,4.0,FN,IDS 1
7848,0.0,4.0,FN,IDS 1
7849,0.0,4.0,FN,IDS 1
7850,0.0,4.0,FN,IDS 1
7851,0.0,4.0,FN,IDS 1
7852,0.0,4.0,FN,IDS 1
7853,0.0,4.0,FN,IDS 1
7854,0.0,4.0,FN,IDS 1
7855,0.0,4.0,FN,IDS 1
7856,0.0,4.0,FN,IDS 1
7981,0.0,4.0,FN,IDS 1
7982,0.0,4.0,FN,IDS 1
7983,0.0,4.0,FN,IDS 1
7984,0.0,4.0,FN,IDS 1
7985,0.0,4.0,FN,IDS 1
7986,0.0,4.0,FN,IDS 1
7987,0.0,4.0,FN,IDS 1
7991,0.0,4.0,FN,IDS 1
7992,0.0,4.0,FN,IDS 1
7993,0.0,4.0,FN,IDS 1
7994,0.0,4.0,FN,IDS 1
7996,0.0,4.0,FN,IDS 1
7997,0.0,4.0,FN,IDS 1
7998,0.0,4.0,FN,IDS 1
7999,0.0,4.0,FN,IDS 1
8000,0.0,4.0,FN,IDS 1
8002,0.0,4.0,FN,IDS 1
8003,0.0,4.0,FN,IDS 1
8005,0.0,4.0,FN,IDS 1
8006,0.0,4.0,FN,IDS 1
8007,0.0,4.0,FN,IDS 1
8008,0.0,4.0,FN,IDS 1
8010,0.0,4.0,FN,IDS 1
8063,0.0,4.0,FN,IDS 1
8066,0.0,4.0,FN,IDS 1
8067,0.0,4.0,FN,IDS 1
8069,0.0,4.0,FN,IDS 1
8070,0.0,4.0,FN,IDS 1
8071,0.0,4.0,FN,IDS 1
8072,0.0,4.0,FN,IDS 1
8073,0.0,4.0,FN,IDS 1
8074,0.0,4.0,FN,IDS 1
8075,0.0,4.0,FN,IDS 1
8076,0.0,4.0,FN,IDS 1
8077,0.0,4.0,FN,IDS 1
8078,0.0,4.0,FN,IDS 1
8080,0.0,4.0,FN,IDS 1
8084,0.0,4.0,FN,IDS 1
8087,0.0,4.0,FN,IDS 1
8088,0.0,4.0,FN,IDS 1
8089,0.0,4.0,FN,IDS 1
8091,0.0,4.0,FN,IDS 1
8092,0.0,4.0,FN,IDS 1
8093,0.0,4.0,FN,IDS 1
8180,0.0,4.0,FN,IDS 1
8181,0.0,4.0,FN,IDS 1
8182,0.0,4.0,FN,IDS 1
8183,0.0,4.0,FN,IDS 1
8184,0.0,4.0,FN,IDS 1
8186,0.0,4.0,FN,IDS 1
8187,0.0,4.0,FN,IDS 1
8188,0.0,4.0,FN,IDS 1
8189,0.0,4.0,FN,IDS 1
8190,0.0,4.0,FN,IDS 1
8191,0.0,4.0,FN,IDS 1
8223,0.0,4.0,FN,IDS 1
8225,0.0,4.0,FN,IDS 1
11395,0.0,0.0,VN,IDS 1
11396,0.0,0.0,VN,IDS 1
11397,0.0,0.0,VN,IDS 1
11399,0.0,0.0,VN,IDS 1
11400,0.0,0.0,VN,IDS 1
11402,0.0,0.0,VN,IDS 1
11403,0.0,0.0,VN,IDS 1
11404,0.0,0.0,VN,IDS 1
11406,0.0,0.0,VN,IDS 1
11407,0.0,0.0,VN,IDS 1
11408,0.0,0.0,VN,IDS 1
11409,0.0,0.0,VN,IDS 1
11410,0.0,0.0,VN,IDS 1
11411,0.0,0.0,VN,IDS 1
11412,0.0,0.0,VN,IDS 1
11413,0.0,0.0,VN,IDS 1
11414,0.0,0.0,VN,IDS 1
11415,0.0,0.0,VN,IDS 1
11666,0.0,0.0,VN,IDS 1
11667,0.0,0.0,VN,IDS 1
11668,0.0,0.0,VN,IDS 1
11669,0.0,0.0,VN,IDS 1
11670,0.0,0.0,VN,IDS 1
11671,0.0,0.0,VN,IDS 1
11672,0.0,0.0,VN,IDS 1
11674,0.0,0.0,VN,IDS 1
11675,0.0,0.0,VN,IDS 1
11676,0.0,0.0,VN,IDS 1
11677,0.0,0.0,VN,IDS 1
11678,0.0,0.0,VN,IDS 1
11680,0.0,0.0,VN,IDS 1
11682,0.0,0.0,VN,IDS 1
11714,0.0,0.0,VN,IDS 1
11715,0.0,0.0,VN,IDS 1
11718,0.0,0.0,VN,IDS 1
11719,0.0,0.0,VN,IDS 1
11720,0.0,0.0,VN,IDS 1
11721,0.0,0.0,VN,IDS 1
11722,0.0,0.0,VN,IDS 1
11723,0.0,0.0,VN,IDS 1
11725,0.0,0.0,VN,IDS 1
11728,0.0,0.0,VN,IDS 1
11729,0.0,0.0,VN,IDS 1
11731,0.0,0.0,VN,IDS 1
11734,0.0,0.0,VN,IDS 1
11735,0.0,0.0,VN,IDS 1
11736,0.0,0.0,VN,IDS 1
11737,0.0,0.0,VN,IDS 1
11739,0.0,0.0,VN,IDS 1
11740,0.0,0.0,VN,IDS 1
11741,0.0,0.0,VN,IDS 1
11742,0.0,0.0,VN,IDS 1
11743,0.0,0.0,VN,IDS 1
11744,0.0,0.0,VN,IDS 1
11745,0.0,0.0,VN,IDS 1
11746,0.0,0.0,VN,IDS 1
11747,0.0,0.0,VN,IDS 1
11748,0.0,0.0,VN,IDS 1
11749,0.0,0.0,VN,IDS 1
11750,0.0,0.0,VN,IDS 1
11751,0.0,0.0,VN,IDS 1
11752,0.0,0.0,VN,IDS 1
11753,0.0,0.0,VN,IDS 1
12486,0.0,0.0,VN,IDS 1
12490,0.0,0.0,VN,IDS 1
12492,0.0,0.0,VN,IDS 1
12493,0.0,0.0,VN,IDS 1
12495,0.0,0.0,VN,IDS 1
12497,0.0,0.0,VN,IDS 1
12499,0.0,0.0,VN,IDS 1
12500,0.0,0.0,VN,IDS 1
12504,0.0,0.0,VN,IDS 1
12505,0.0,0.0,VN,IDS 1
12506,0.0,0.0,VN,IDS 1
12507,0.0,0.0,VN,IDS 1
12508,0.0,0.0,VN,IDS 1
12509,0.0,0.0,VN,IDS 1
12510,0.0,0.0,VN,IDS 1
12513,0.0,0.0,VN,IDS 1
12514,0.0,0.0,VN,IDS 1
12516,0.0,0.0,VN,IDS 1
12517,0.0,0.0,VN,IDS 1
12518,0.0,0.0,VN,IDS 1
12519,0.0,0.0,VN,IDS 1
12520,0.0,0.0,VN,IDS 1
12523,0.0,0.0,VN,IDS 1
12524,0.0,0.0,VN,IDS 1
12528,0.0,0.0,VN,IDS 1
12529,0.0,0.0,VN,IDS 1
12530,0.0,0.0,VN,IDS 1
12531,0.0,0.0,VN,IDS 1
12533,0.0,0.0,VN,IDS 1
12535,0.0,0.0,VN,IDS 1
8805,0.0,4.0,FN,IDS 1
8806,0.0,4.0,FN,IDS 1
8807,0.0,4.0,FN,IDS 1
8808,0.0,4.0,FN,IDS 1
8811,0.0,4.0,FN,IDS 1
8812,0.0,4.0,FN,IDS 1
8813,0.0,4.0,FN,IDS 1
8815,0.0,4.0,FN,IDS 1
8816,0.0,4.0,FN,IDS 1
8817,0.0,4.0,FN,IDS 1
8820,0.0,4.0,FN,IDS 1
8823,0.0,4.0,FN,IDS 1
8826,0.0,4.0,FN,IDS 1
8827,0.0,4.0,FN,IDS 1
8829,0.0,4.0,FN,IDS 1
8830,0.0,4.0,FN,IDS 1
8831,0.0,4.0,FN,IDS 1
8834,0.0,4.0,FN,IDS 1
8835,0.0,4.0,FN,IDS 1
8836,5.0,4.0,FN,IDS 1
8837,0.0,4.0,FN,IDS 1
8953,0.0,4.0,FN,IDS 1
8955,0.0,4.0,FN,IDS 1
8957,0.0,4.0,FN,IDS 1
8958,0.0,4.0,FN,IDS 1
8959,0.0,4.0,FN,IDS 1
8962,0.0,4.0,FN,IDS 1
8963,0.0,4.0,FN,IDS 1
8964,0.0,4.0,FN,IDS 1
8965,0.0,4.0,FN,IDS 1
8966,0.0,4.0,FN,IDS 1
8967,0.0,4.0,FN,IDS 1
8968,0.0,4.0,FN,IDS 1
8969,0.0,4.0,FN,IDS 1
9081,0.0,4.0,FN,IDS 1
9083,0.0,4.0,FN,IDS 1
9084,0.0,4.0,FN,IDS 1
9085,0.0,4.0,FN,IDS 1
9086,0.0,4.0,FN,IDS 1
9087,0.0,4.0,FN,IDS 1
9088,0.0,4.0,FN,IDS 1
9089,0.0,4.0,FN,IDS 1
9090,0.0,4.0,FN,IDS 1
9093,0.0,4.0,FN,IDS 1
9094,0.0,4.0,FN,IDS 1
9095,0.0,4.0,FN,IDS 1
9096,0.0,4.0,FN,IDS 1
9097,0.0,4.0,FN,IDS 1
9098,0.0,4.0,FN,IDS 1
9101,0.0,4.0,FN,IDS 1
9102,0.0,4.0,FN,IDS 1
9103,0.0,4.0,FN,IDS 1
9104,0.0,4.0,FN,IDS 1
9107,0.0,4.0,FN,IDS 1
9108,0.0,4.0,FN,IDS 1
9110,0.0,4.0,FN,IDS 1
9111,0.0,4.0,FN,IDS 1
9115,0.0,4.0,FN,IDS 1
9117,0.0,4.0,FN,IDS 1
9118,0.0,4.0,FN,IDS 1
9119,0.0,4.0,FN,IDS 1
9120,0.0,4.0,FN,IDS 1
9123,0.0,4.0,FN,IDS 1
9125,0.0,4.0,FN,IDS 1
9407,0.0,4.0,FN,IDS 1
9408,0.0,4.0,FN,IDS 1
9409,0.0,4.0,FN,IDS 1
9410,0.0,4.0,FN,IDS 1
9411,0.0,4.0,FN,IDS 1
9412,0.0,4.0,FN,IDS 1
9413,0.0,4.0,FN,IDS 1
9414,0.0,4.0,FN,IDS 1
9416,0.0,4.0,FN,IDS 1
9417,0.0,4.0,FN,IDS 1
9418,0.0,4.0,FN,IDS 1
9419,0.0,4.0,FN,IDS 1
9420,0.0,4.0,FN,IDS 1
9421,0.0,4.0,FN,IDS 1
9422,0.0,4.0,FN,IDS 1
9427,0.0,4.0,FN,IDS 1
9429,0.0,4.0,FN,IDS 1
9430,0.0,4.0,FN,IDS 1
9431,0.0,4.0,FN,IDS 1
9432,1.0,4.0,FN,IDS 1
9464,0.0,4.0,FN,IDS 1
9465,0.0,4.0,FN,IDS 1
9466,0.0,4.0,FN,IDS 1
9468,0.0,4.0,FN,IDS 1
9469,0.0,4.0,FN,IDS 1
9470,0.0,4.0,FN,IDS 1
9471,0.0,4.0,FN,IDS 1
9476,0.0,4.0,FN,IDS 1
9477,0.0,4.0,FN,IDS 1
9478,0.0,4.0,FN,IDS 1
9479,0.0,4.0,FN,IDS 1
9480,0.0,4.0,FN,IDS 1
9482,0.0,4.0,FN,IDS 1
9483,0.0,4.0,FN,IDS 1
9484,0.0,4.0,FN,IDS 1
9486,0.0,4.0,FN,IDS 1
9487,0.0,4.0,FN,IDS 1
9488,0.0,4.0,FN,IDS 1
9489,0.0,4.0,FN,IDS 1
9491,0.0,4.0,FN,IDS 1
9492,0.0,4.0,FN,IDS 1
9815,0.0,4.0,FN,IDS 1
9816,0.0,4.0,FN,IDS 1
9817,0.0,4.0,FN,IDS 1
9818,0.0,4.0,FN,IDS 1
9819,0.0,4.0,FN,IDS 1
9820,0.0,4.0,FN,IDS 1
9821,0.0,4.0,FN,IDS 1
9822,0.0,4.0,FN,IDS 1
9823,0.0,4.0,FN,IDS 1
9826,0.0,4.0,FN,IDS 1
9827,0.0,4.0,FN,IDS 1
9828,0.0,4.0,FN,IDS 1
9829,0.0,4.0,FN,IDS 1
9830,0.0,4.0,FN,IDS 1
9831,0.0,4.0,FN,IDS 1
9832,0.0,4.0,FN,IDS 1
9834,0.0,4.0,FN,IDS 1
9835,0.0,4.0,FN,IDS 1
9837,0.0,4.0,FN,IDS 1
9838,0.0,4.0,FN,IDS 1
9839,0.0,4.0,FN,IDS 1
9840,0.0,4.0,FN,IDS 1
9841,0.0,4.0,FN,IDS 1
9843,0.0,4.0,FN,IDS 1
9844,0.0,4.0,FN,IDS 1
9845,0.0,4.0,FN,IDS 1
9846,0.0,4.0,FN,IDS 1
9848,0.0,4.0,FN,IDS 1
9850,0.0,4.0,FN,IDS 1
9851,0.0,4.0,FN,IDS 1
9852,0.0,4.0,FN,IDS 1
9854,0.0,4.0,FN,IDS 1
9855,0.0,4.0,FN,IDS 1
9856,0.0,4.0,FN,IDS 1
9857,0.0,4.0,FN,IDS 1
9858,0.0,4.0,FN,IDS 1
9860,0.0,4.0,FN,IDS 1
9945,0.0,4.0,FN,IDS 1
9946,0.0,4.0,FN,IDS 1
9947,0.0,4.0,FN,IDS 1
9949,0.0,4.0,FN,IDS 1
9951,1.0,4.0,FN,IDS 1
9952,0.0,4.0,FN,IDS 1
9953,0.0,4.0,FN,IDS 1
9954,0.0,4.0,FN,IDS 1
9955,0.0,4.0,FN,IDS 1
9956,0.0,4.0,FN,IDS 1
9957,0.0,4.0,FN,IDS 1
9958,0.0,4.0,FN,IDS 1
9959,0.0,4.0,FN,IDS 1
9960,0.0,4.0,FN,IDS 1
9961,0.0,4.0,FN,IDS 1
9962,0.0,4.0,FN,IDS 1
9966,0.0,4.0,FN,IDS 1
9967,0.0,4.0,FN,IDS 1
6861,1.0,3.0,FN,IDS 1
6864,1.0,3.0,FN,IDS 1
6865,5.0,3.0,FN,IDS 1
6867,0.0,3.0,FN,IDS 1
6873,0.0,3.0,FN,IDS 1
6874,0.0,3.0,FN,IDS 1
6877,1.0,3.0,FN,IDS 1
6880,1.0,3.0,FN,IDS 1
6881,0.0,3.0,FN,IDS 1
6882,1.0,3.0,FN,IDS 1
6884,0.0,3.0,FN,IDS 1
6887,0.0,3.0,FN,IDS 1
6888,1.0,3.0,FN,IDS 1
6897,5.0,3.0,FN,IDS 1
6898,1.0,3.0,FN,IDS 1
6899,1.0,3.0,FN,IDS 1
6902,5.0,3.0,FN,IDS 1
6906,0.0,3.0,FN,IDS 1
6907,1.0,3.0,FN,IDS 1
6908,5.0,3.0,FN,IDS 1
6911,0.0,3.0,FN,IDS 1
6912,5.0,3.0,FN,IDS 1
10254,0.0,0.0,VN,IDS 1
10255,0.0,0.0,VN,IDS 1
10260,0.0,0.0,VN,IDS 1
10261,0.0,0.0,VN,IDS 1
10262,1.0,0.0,FP,IDS 1
10265,0.0,0.0,VN,IDS 1
10267,0.0,0.0,VN,IDS 1
10269,0.0,0.0,VN,IDS 1
10270,0.0,0.0,VN,IDS 1
10271,0.0,0.0,VN,IDS 1
10272,0.0,0.0,VN,IDS 1
10274,0.0,0.0,VN,IDS 1
10275,0.0,0.0,VN,IDS 1
10413,0.0,0.0,VN,IDS 1
10415,0.0,0.0,VN,IDS 1
10416,0.0,0.0,VN,IDS 1
10417,0.0,0.0,VN,IDS 1
10420,0.0,0.0,VN,IDS 1
10421,0.0,0.0,VN,IDS 1
10422,0.0,0.0,VN,IDS 1
10423,0.0,0.0,VN,IDS 1
10425,0.0,0.0,VN,IDS 1
10426,0.0,0.0,VN,IDS 1
10430,0.0,0.0,VN,IDS 1
10431,0.0,0.0,VN,IDS 1
10433,0.0,0.0,VN,IDS 1
10434,0.0,0.0,VN,IDS 1
10435,0.0,0.0,VN,IDS 1
10437,0.0,0.0,VN,IDS 1
10438,0.0,0.0,VN,IDS 1
10440,0.0,0.0,VN,IDS 1
10441,0.0,0.0,VN,IDS 1
10443,0.0,0.0,VN,IDS 1
10444,0.0,0.0,VN,IDS 1
10479,0.0,0.0,VN,IDS 1
10480,0.0,0.0,VN,IDS 1
10481,0.0,0.0,VN,IDS 1
10483,0.0,0.0,VN,IDS 1
12369,0.0,0.0,VN,IDS 1
12372,0.0,0.0,VN,IDS 1
12374,0.0,0.0,VN,IDS 1
12377,0.0,0.0,VN,IDS 1
12379,0.0,0.0,VN,IDS 1
12380,0.0,0.0,VN,IDS 1
12381,0.0,0.0,VN,IDS 1
12382,0.0,0.0,VN,IDS 1
12384,0.0,0.0,VN,IDS 1
12385,0.0,0.0,VN,IDS 1
12386,0.0,0.0,VN,IDS 1
12387,0.0,0.0,VN,IDS 1
12388,0.0,0.0,VN,IDS 1
12390,0.0,0.0,VN,IDS 1
12391,1.0,0.0,FP,IDS 1
12401,0.0,0.0,VN,IDS 1
12406,0.0,0.0,VN,IDS 1
12407,0.0,0.0,VN,IDS 1
12408,0.0,0.0,VN,IDS 1
12453,0.0,0.0,VN,IDS 1
12454,1.0,0.0,FP,IDS 1
12538,0.0,0.0,VN,IDS 1
12539,0.0,0.0,VN,IDS 1
12542,0.0,0.0,VN,IDS 1
12543,0.0,0.0,VN,IDS 1
12544,0.0,0.0,VN,IDS 1
12545,0.0,0.0,VN,IDS 1
12546,0.0,0.0,VN,IDS 1
12549,0.0,0.0,VN,IDS 1
12550,0.0,0.0,VN,IDS 1
12551,0.0,0.0,VN,IDS 1
10250,0.0,0.0,VN,IDS 1
12552,0.0,0.0,VN,IDS 1
12553,0.0,0.0,VN,IDS 1
12555,0.0,0.0,VN,IDS 1
12621,0.0,0.0,VN,IDS 1
12622,0.0,0.0,VN,IDS 1
12623,0.0,0.0,VN,IDS 1
10251,0.0,0.0,VN,IDS 1
12624,0.0,0.0,VN,IDS 1
10252,1.0,0.0,FP,IDS 1
12625,0.0,0.0,VN,IDS 1
12626,0.0,0.0,VN,IDS 1
12628,0.0,0.0,VN,IDS 1
12629,0.0,0.0,VN,IDS 1
12630,0.0,0.0,VN,IDS 1
10253,0.0,0.0,VN,IDS 1
12631,0.0,0.0,VN,IDS 1
12632,0.0,0.0,VN,IDS 1
12634,0.0,0.0,VN,IDS 1
12635,0.0,0.0,VN,IDS 1
12636,0.0,0.0,VN,IDS 1
12637,0.0,0.0,VN,IDS 1
12638,0.0,0.0,VN,IDS 1
12639,0.0,0.0,VN,IDS 1
12640,0.0,0.0,VN,IDS 1
12642,0.0,0.0,VN,IDS 1
12643,0.0,0.0,VN,IDS 1
12644,0.0,0.0,VN,IDS 1
12645,0.0,0.0,VN,IDS 1
12683,0.0,0.0,VN,IDS 1
12684,0.0,0.0,VN,IDS 1
12685,0.0,0.0,VN,IDS 1
12687,0.0,0.0,VN,IDS 1
12688,0.0,0.0,VN,IDS 1
12689,0.0,0.0,VN,IDS 1
12690,0.0,0.0,VN,IDS 1
12691,0.0,0.0,VN,IDS 1
12692,0.0,0.0,VN,IDS 1
12693,0.0,0.0,VN,IDS 1
12694,0.0,0.0,VN,IDS 1
12695,0.0,0.0,VN,IDS 1
12697,0.0,0.0,VN,IDS 1
12698,0.0,0.0,VN,IDS 1
12700,0.0,0.0,VN,IDS 1
12701,0.0,0.0,VN,IDS 1
12702,0.0,0.0,VN,IDS 1
12703,0.0,0.0,VN,IDS 1
12704,0.0,0.0,VN,IDS 1
12705,0.0,0.0,VN,IDS 1
12707,0.0,0.0,VN,IDS 1
12708,0.0,0.0,VN,IDS 1
12709,0.0,0.0,VN,IDS 1
12710,0.0,0.0,VN,IDS 1
12711,0.0,0.0,VN,IDS 1
12714,0.0,0.0,VN,IDS 1
12715,0.0,0.0,VN,IDS 1
12717,1.0,0.0,FP,IDS 1
12718,0.0,0.0,VN,IDS 1
12719,0.0,0.0,VN,IDS 1
12720,0.0,0.0,VN,IDS 1
12723,0.0,0.0,VN,IDS 1
12724,0.0,0.0,VN,IDS 1
12725,0.0,0.0,VN,IDS 1
12726,0.0,0.0,VN,IDS 1
12727,0.0,0.0,VN,IDS 1
12728,0.0,0.0,VN,IDS 1
12729,0.0,0.0,VN,IDS 1
12730,0.0,0.0,VN,IDS 1
12731,0.0,0.0,VN,IDS 1
8339,0.0,4.0,FN,IDS 1
8340,0.0,4.0,FN,IDS 1
8342,0.0,4.0,FN,IDS 1
8343,0.0,4.0,FN,IDS 1
8345,0.0,4.0,FN,IDS 1
8347,0.0,4.0,FN,IDS 1
8348,0.0,4.0,FN,IDS 1
10631,0.0,0.0,VN,IDS 1
10632,0.0,0.0,VN,IDS 1
10633,0.0,0.0,VN,IDS 1
10634,1.0,0.0,FP,IDS 1
10635,0.0,0.0,VN,IDS 1
10637,0.0,0.0,VN,IDS 1
10638,0.0,0.0,VN,IDS 1
10640,0.0,0.0,VN,IDS 1
10642,0.0,0.0,VN,IDS 1
10646,0.0,0.0,VN,IDS 1
10648,0.0,0.0,VN,IDS 1
10650,0.0,0.0,VN,IDS 1
10651,0.0,0.0,VN,IDS 1
10652,0.0,0.0,VN,IDS 1
10654,0.0,0.0,VN,IDS 1
10655,0.0,0.0,VN,IDS 1
10659,0.0,0.0,VN,IDS 1
10933,0.0,0.0,VN,IDS 1
10949,0.0,0.0,VN,IDS 1
10950,0.0,0.0,VN,IDS 1
10951,0.0,0.0,VN,IDS 1
10952,0.0,0.0,VN,IDS 1
10953,0.0,0.0,VN,IDS 1
10954,0.0,0.0,VN,IDS 1
10955,0.0,0.0,VN,IDS 1
10956,0.0,0.0,VN,IDS 1
10958,0.0,0.0,VN,IDS 1
10959,0.0,0.0,VN,IDS 1
10960,0.0,0.0,VN,IDS 1
10962,0.0,0.0,VN,IDS 1
10963,0.0,0.0,VN,IDS 1
10964,1.0,0.0,FP,IDS 1
10999,0.0,0.0,VN,IDS 1
11001,0.0,0.0,VN,IDS 1
11002,0.0,0.0,VN,IDS 1
11003,0.0,0.0,VN,IDS 1
11004,0.0,0.0,VN,IDS 1
11005,0.0,0.0,VN,IDS 1
11009,0.0,0.0,VN,IDS 1
11011,0.0,0.0,VN,IDS 1
11014,0.0,0.0,VN,IDS 1
11015,0.0,0.0,VN,IDS 1
11016,1.0,0.0,FP,IDS 1
11017,0.0,0.0,VN,IDS 1
11019,0.0,0.0,VN,IDS 1
11022,1.0,0.0,FP,IDS 1
11023,0.0,0.0,VN,IDS 1
11027,0.0,0.0,VN,IDS 1
11028,0.0,0.0,VN,IDS 1
11031,0.0,0.0,VN,IDS 1
11032,0.0,0.0,VN,IDS 1
11034,0.0,0.0,VN,IDS 1
11036,0.0,0.0,VN,IDS 1
11125,0.0,0.0,VN,IDS 1
11126,0.0,0.0,VN,IDS 1
11127,0.0,0.0,VN,IDS 1
11129,0.0,0.0,VN,IDS 1
11131,0.0,0.0,VN,IDS 1
11132,0.0,0.0,VN,IDS 1
11133,0.0,0.0,VN,IDS 1
11134,0.0,0.0,VN,IDS 1
11297,0.0,0.0,VN,IDS 1
11299,0.0,0.0,VN,IDS 1
11302,0.0,0.0,VN,IDS 1
11303,0.0,0.0,VN,IDS 1
11305,0.0,0.0,VN,IDS 1
11307,0.0,0.0,VN,IDS 1
11308,0.0,0.0,VN,IDS 1
11310,0.0,0.0,VN,IDS 1
11311,0.0,0.0,VN,IDS 1
11312,0.0,0.0,VN,IDS 1
11313,0.0,0.0,VN,IDS 1
11314,0.0,0.0,VN,IDS 1
11315,1.0,0.0,FP,IDS 1
11317,0.0,0.0,VN,IDS 1
11319,0.0,0.0,VN,IDS 1
11321,0.0,0.0,VN,IDS 1
11325,0.0,0.0,VN,IDS 1
11327,0.0,0.0,VN,IDS 1
11329,0.0,0.0,VN,IDS 1
11331,0.0,0.0,VN,IDS 1
8349,0.0,4.0,FN,IDS 1
8350,0.0,4.0,FN,IDS 1
10934,0.0,0.0,VN,IDS 1
10935,0.0,0.0,VN,IDS 1
10937,0.0,0.0,VN,IDS 1
10941,0.0,0.0,VN,IDS 1
8353,0.0,4.0,FN,IDS 1
10944,0.0,0.0,VN,IDS 1
8354,0.0,4.0,FN,IDS 1
8357,0.0,4.0,FN,IDS 1
8358,0.0,4.0,FN,IDS 1
10945,0.0,0.0,VN,IDS 1
8359,0.0,4.0,FN,IDS 1
10946,0.0,0.0,VN,IDS 1
8360,0.0,4.0,FN,IDS 1
8361,0.0,4.0,FN,IDS 1
8362,0.0,4.0,FN,IDS 1
8363,0.0,4.0,FN,IDS 1
8364,0.0,4.0,FN,IDS 1
8483,0.0,4.0,FN,IDS 1
8485,0.0,4.0,FN,IDS 1
8583,0.0,4.0,FN,IDS 1
8584,0.0,4.0,FN,IDS 1
8585,0.0,4.0,FN,IDS 1
8586,0.0,4.0,FN,IDS 1
8587,0.0,4.0,FN,IDS 1
8588,0.0,4.0,FN,IDS 1
8590,0.0,4.0,FN,IDS 1
8591,0.0,4.0,FN,IDS 1
8592,0.0,4.0,FN,IDS 1
8594,0.0,4.0,FN,IDS 1
8595,0.0,4.0,FN,IDS 1
8596,0.0,4.0,FN,IDS 1
8598,0.0,4.0,FN,IDS 1
8599,0.0,4.0,FN,IDS 1
8600,0.0,4.0,FN,IDS 1
8601,0.0,4.0,FN,IDS 1
8602,0.0,4.0,FN,IDS 1
8603,0.0,4.0,FN,IDS 1
8721,0.0,4.0,FN,IDS 1
8722,0.0,4.0,FN,IDS 1
8723,0.0,4.0,FN,IDS 1
8725,0.0,4.0,FN,IDS 1
8726,0.0,4.0,FN,IDS 1
8727,0.0,4.0,FN,IDS 1
8728,0.0,4.0,FN,IDS 1
8729,0.0,4.0,FN,IDS 1
8730,0.0,4.0,FN,IDS 1
8731,0.0,4.0,FN,IDS 1
8732,0.0,4.0,FN,IDS 1
8733,0.0,4.0,FN,IDS 1
8734,0.0,4.0,FN,IDS 1
8735,0.0,4.0,FN,IDS 1
8737,0.0,4.0,FN,IDS 1
8738,0.0,4.0,FN,IDS 1
8739,0.0,4.0,FN,IDS 1
8741,0.0,4.0,FN,IDS 1
8742,0.0,4.0,FN,IDS 1
8743,0.0,4.0,FN,IDS 1
8744,0.0,4.0,FN,IDS 1
8745,0.0,4.0,FN,IDS 1
8746,0.0,4.0,FN,IDS 1
8748,0.0,4.0,FN,IDS 1
8749,0.0,4.0,FN,IDS 1
8750,0.0,4.0,FN,IDS 1
8784,0.0,4.0,FN,IDS 1
8786,0.0,4.0,FN,IDS 1
8787,0.0,4.0,FN,IDS 1
8791,0.0,4.0,FN,IDS 1
8793,0.0,4.0,FN,IDS 1
8794,0.0,4.0,FN,IDS 1
8795,0.0,4.0,FN,IDS 1
8798,0.0,4.0,FN,IDS 1
8799,0.0,4.0,FN,IDS 1
8803,0.0,4.0,FN,IDS 1
9002,0.0,4.0,FN,IDS 1
9003,0.0,4.0,FN,IDS 1
9004,0.0,4.0,FN,IDS 1
9005,0.0,4.0,FN,IDS 1
9007,0.0,4.0,FN,IDS 1
9008,0.0,4.0,FN,IDS 1
9009,0.0,4.0,FN,IDS 1
9010,0.0,4.0,FN,IDS 1
9064,0.0,4.0,FN,IDS 1
9065,0.0,4.0,FN,IDS 1
9066,0.0,4.0,FN,IDS 1
9068,0.0,4.0,FN,IDS 1
9071,0.0,4.0,FN,IDS 1
9072,0.0,4.0,FN,IDS 1
9073,0.0,4.0,FN,IDS 1
9074,0.0,4.0,FN,IDS 1
9075,0.0,4.0,FN,IDS 1
9076,0.0,4.0,FN,IDS 1
9078,0.0,4.0,FN,IDS 1
9080,0.0,4.0,FN,IDS 1
9433,0.0,4.0,FN,IDS 1
9434,0.0,4.0,FN,IDS 1
9435,0.0,4.0,FN,IDS 1
9436,0.0,4.0,FN,IDS 1
9437,0.0,4.0,FN,IDS 1
9440,0.0,4.0,FN,IDS 1
9441,0.0,4.0,FN,IDS 1
9442,0.0,4.0,FN,IDS 1
9443,0.0,4.0,FN,IDS 1
9444,0.0,4.0,FN,IDS 1
9446,0.0,4.0,FN,IDS 1
9447,0.0,4.0,FN,IDS 1
9449,0.0,4.0,FN,IDS 1
9451,0.0,4.0,FN,IDS 1
9453,0.0,4.0,FN,IDS 1
9455,0.0,4.0,FN,IDS 1
9457,0.0,4.0,FN,IDS 1
9459,0.0,4.0,FN,IDS 1
9460,0.0,4.0,FN,IDS 1
9463,0.0,4.0,FN,IDS 1
9494,0.0,4.0,FN,IDS 1
9495,0.0,4.0,FN,IDS 1
9496,0.0,4.0,FN,IDS 1
9498,0.0,4.0,FN,IDS 1
9499,0.0,4.0,FN,IDS 1
9500,0.0,4.0,FN,IDS 1
9502,0.0,4.0,FN,IDS 1
9503,0.0,4.0,FN,IDS 1
9506,0.0,4.0,FN,IDS 1
9507,0.0,4.0,FN,IDS 1
9509,0.0,4.0,FN,IDS 1
9510,0.0,4.0,FN,IDS 1
9511,0.0,4.0,FN,IDS 1
9514,0.0,4.0,FN,IDS 1
9515,0.0,4.0,FN,IDS 1
9516,0.0,4.0,FN,IDS 1
9517,0.0,4.0,FN,IDS 1
9518,0.0,4.0,FN,IDS 1
9520,0.0,4.0,FN,IDS 1
9521,0.0,4.0,FN,IDS 1
9522,0.0,4.0,FN,IDS 1
9526,0.0,4.0,FN,IDS 1
9527,0.0,4.0,FN,IDS 1
9559,0.0,4.0,FN,IDS 1
9561,0.0,4.0,FN,IDS 1
9562,0.0,4.0,FN,IDS 1
9563,0.0,4.0,FN,IDS 1
9569,0.0,4.0,FN,IDS 1
9570,0.0,4.0,FN,IDS 1
9571,0.0,4.0,FN,IDS 1
9572,0.0,4.0,FN,IDS 1
9573,0.0,4.0,FN,IDS 1
9574,0.0,4.0,FN,IDS 1
9575,0.0,4.0,FN,IDS 1
9577,0.0,4.0,FN,IDS 1
9578,0.0,4.0,FN,IDS 1
9579,0.0,4.0,FN,IDS 1
9585,0.0,4.0,FN,IDS 1
9587,0.0,4.0,FN,IDS 1
9588,0.0,4.0,FN,IDS 1
9589,0.0,4.0,FN,IDS 1
9590,0.0,4.0,FN,IDS 1
9591,0.0,4.0,FN,IDS 1
9593,0.0,4.0,FN,IDS 1
9594,0.0,4.0,FN,IDS 1
9598,0.0,4.0,FN,IDS 1
9599,0.0,4.0,FN,IDS 1
9600,0.0,4.0,FN,IDS 1
9601,0.0,4.0,FN,IDS 1
9603,0.0,4.0,FN,IDS 1
9604,0.0,4.0,FN,IDS 1
9605,0.0,4.0,FN,IDS 1
9607,0.0,4.0,FN,IDS 1
9608,0.0,4.0,FN,IDS 1
9609,0.0,4.0,FN,IDS 1
9610,0.0,4.0,FN,IDS 1
9611,0.0,4.0,FN,IDS 1
9612,0.0,4.0,FN,IDS 1
9613,0.0,4.0,FN,IDS 1
9616,0.0,4.0,FN,IDS 1
9617,0.0,4.0,FN,IDS 1
9618,0.0,4.0,FN,IDS 1
9619,1.0,4.0,FN,IDS 1
9620,0.0,4.0,FN,IDS 1
9622,0.0,4.0,FN,IDS 1
9654,0.0,4.0,FN,IDS 1
9655,0.0,4.0,FN,IDS 1
9658,0.0,4.0,FN,IDS 1
9659,0.0,4.0,FN,IDS 1
9660,0.0,4.0,FN,IDS 1
9661,0.0,4.0,FN,IDS 1
9662,0.0,4.0,FN,IDS 1
9663,0.0,4.0,FN,IDS 1
9664,0.0,4.0,FN,IDS 1
9665,0.0,4.0,FN,IDS 1
9666,0.0,4.0,FN,IDS 1
9667,0.0,4.0,FN,IDS 1
9669,0.0,4.0,FN,IDS 1
9671,0.0,4.0,FN,IDS 1
9672,0.0,4.0,FN,IDS 1
9674,0.0,4.0,FN,IDS 1
9675,0.0,4.0,FN,IDS 1
9676,0.0,4.0,FN,IDS 1
9677,0.0,4.0,FN,IDS 1
9678,0.0,4.0,FN,IDS 1
9680,0.0,4.0,FN,IDS 1
9681,0.0,4.0,FN,IDS 1
9710,0.0,4.0,FN,IDS 1
9711,0.0,4.0,FN,IDS 1
9712,0.0,4.0,FN,IDS 1
9713,0.0,4.0,FN,IDS 1
9715,0.0,4.0,FN,IDS 1
9717,0.0,4.0,FN,IDS 1
11500,0.0,0.0,VN,IDS 1
11501,0.0,0.0,VN,IDS 1
11502,0.0,0.0,VN,IDS 1
11503,0.0,0.0,VN,IDS 1
11506,0.0,0.0,VN,IDS 1
11507,0.0,0.0,VN,IDS 1
11508,0.0,0.0,VN,IDS 1
11509,0.0,0.0,VN,IDS 1
11512,0.0,0.0,VN,IDS 1
11513,0.0,0.0,VN,IDS 1
11515,0.0,0.0,VN,IDS 1
11517,0.0,0.0,VN,IDS 1
11518,0.0,0.0,VN,IDS 1
11519,0.0,0.0,VN,IDS 1
11520,0.0,0.0,VN,IDS 1
11521,0.0,0.0,VN,IDS 1
11522,0.0,0.0,VN,IDS 1
11525,0.0,0.0,VN,IDS 1
11527,0.0,0.0,VN,IDS 1
11529,0.0,0.0,VN,IDS 1
11531,0.0,0.0,VN,IDS 1
11610,0.0,0.0,VN,IDS 1
11611,0.0,0.0,VN,IDS 1
11612,0.0,0.0,VN,IDS 1
11613,0.0,0.0,VN,IDS 1
11616,0.0,0.0,VN,IDS 1
11617,0.0,0.0,VN,IDS 1
11618,0.0,0.0,VN,IDS 1
11620,0.0,0.0,VN,IDS 1
11621,0.0,0.0,VN,IDS 1
11623,0.0,0.0,VN,IDS 1
11626,1.0,0.0,FP,IDS 1
11628,0.0,0.0,VN,IDS 1
11630,0.0,0.0,VN,IDS 1
11631,0.0,0.0,VN,IDS 1
11632,0.0,0.0,VN,IDS 1
11634,0.0,0.0,VN,IDS 1
11636,0.0,0.0,VN,IDS 1
11637,0.0,0.0,VN,IDS 1
11638,0.0,0.0,VN,IDS 1
11639,0.0,0.0,VN,IDS 1
11640,0.0,0.0,VN,IDS 1
11643,0.0,0.0,VN,IDS 1
11644,0.0,0.0,VN,IDS 1
11645,0.0,0.0,VN,IDS 1
11646,0.0,0.0,VN,IDS 1
11647,0.0,0.0,VN,IDS 1
11648,0.0,0.0,VN,IDS 1
11684,0.0,0.0,VN,IDS 1
11685,1.0,0.0,FP,IDS 1
11687,0.0,0.0,VN,IDS 1
11808,0.0,0.0,VN,IDS 1
11809,0.0,0.0,VN,IDS 1
11811,0.0,0.0,VN,IDS 1
11812,0.0,0.0,VN,IDS 1
11813,0.0,0.0,VN,IDS 1
11814,0.0,0.0,VN,IDS 1
11816,0.0,0.0,VN,IDS 1
11908,0.0,0.0,VN,IDS 1
11909,0.0,0.0,VN,IDS 1
11910,0.0,0.0,VN,IDS 1
11912,0.0,0.0,VN,IDS 1
11954,0.0,0.0,VN,IDS 1
11957,0.0,0.0,VN,IDS 1
11958,0.0,0.0,VN,IDS 1
11959,0.0,0.0,VN,IDS 1
11960,0.0,0.0,VN,IDS 1
11961,1.0,0.0,FP,IDS 1
11964,0.0,0.0,VN,IDS 1
11965,0.0,0.0,VN,IDS 1
11966,0.0,0.0,VN,IDS 1
11969,0.0,0.0,VN,IDS 1
11970,0.0,0.0,VN,IDS 1
11971,0.0,0.0,VN,IDS 1
12003,0.0,0.0,VN,IDS 1
12006,0.0,0.0,VN,IDS 1
12007,0.0,0.0,VN,IDS 1
12010,0.0,0.0,VN,IDS 1
12011,0.0,0.0,VN,IDS 1
12013,0.0,0.0,VN,IDS 1
12016,0.0,0.0,VN,IDS 1
12017,0.0,0.0,VN,IDS 1
12018,0.0,0.0,VN,IDS 1
12019,0.0,0.0,VN,IDS 1
12021,0.0,0.0,VN,IDS 1
12024,0.0,0.0,VN,IDS 1
12026,0.0,0.0,VN,IDS 1
12027,0.0,0.0,VN,IDS 1
12030,0.0,0.0,VN,IDS 1
12032,0.0,0.0,VN,IDS 1
12033,0.0,0.0,VN,IDS 1
12034,0.0,0.0,VN,IDS 1
12035,0.0,0.0,VN,IDS 1
12036,0.0,0.0,VN,IDS 1
12037,0.0,0.0,VN,IDS 1
12038,0.0,0.0,VN,IDS 1
12039,0.0,0.0,VN,IDS 1
12041,0.0,0.0,VN,IDS 1
12042,0.0,0.0,VN,IDS 1
12043,0.0,0.0,VN,IDS 1
12044,0.0,0.0,VN,IDS 1
12045,0.0,0.0,VN,IDS 1
12046,0.0,0.0,VN,IDS 1
12049,0.0,0.0,VN,IDS 1
12051,0.0,0.0,VN,IDS 1
12052,0.0,0.0,VN,IDS 1
12053,0.0,0.0,VN,IDS 1
12054,0.0,0.0,VN,IDS 1
12055,0.0,0.0,VN,IDS 1
12057,0.0,0.0,VN,IDS 1
12060,0.0,0.0,VN,IDS 1
6916,0.0,3.0,FN,IDS 1
6917,0.0,3.0,FN,IDS 1
6919,0.0,3.0,FN,IDS 1
6921,0.0,3.0,FN,IDS 1
6922,1.0,3.0,FN,IDS 1
6923,1.0,3.0,FN,IDS 1
6925,1.0,3.0,FN,IDS 1
6928,0.0,3.0,FN,IDS 1
6930,5.0,3.0,FN,IDS 1
6931,1.0,3.0,FN,IDS 1
6934,0.0,3.0,FN,IDS 1
6936,0.0,3.0,FN,IDS 1
6944,0.0,3.0,FN,IDS 1
6947,0.0,3.0,FN,IDS 1
6949,5.0,3.0,FN,IDS 1
6956,0.0,3.0,FN,IDS 1
6957,0.0,3.0,FN,IDS 1
6960,1.0,3.0,FN,IDS 1
6966,0.0,3.0,FN,IDS 1
7325,0.0,3.0,FN,IDS 1
7326,1.0,3.0,FN,IDS 1
7327,1.0,3.0,FN,IDS 1
7334,1.0,3.0,FN,IDS 1
7335,1.0,3.0,FN,IDS 1
7619,0.0,4.0,FN,IDS 1
7620,1.0,4.0,FN,IDS 1
7621,0.0,4.0,FN,IDS 1
7622,0.0,4.0,FN,IDS 1
8980,0.0,4.0,FN,IDS 1
8981,0.0,4.0,FN,IDS 1
8982,0.0,4.0,FN,IDS 1
8984,0.0,4.0,FN,IDS 1
8985,0.0,4.0,FN,IDS 1
8986,0.0,4.0,FN,IDS 1
8987,0.0,4.0,FN,IDS 1
8988,0.0,4.0,FN,IDS 1
8989,0.0,4.0,FN,IDS 1
8990,0.0,4.0,FN,IDS 1
8991,0.0,4.0,FN,IDS 1
8992,0.0,4.0,FN,IDS 1
8996,0.0,4.0,FN,IDS 1
8997,0.0,4.0,FN,IDS 1
9000,0.0,4.0,FN,IDS 1
9001,0.0,4.0,FN,IDS 1
11914,0.0,0.0,VN,IDS 1
11916,0.0,0.0,VN,IDS 1
11917,0.0,0.0,VN,IDS 1
11918,0.0,0.0,VN,IDS 1
11919,0.0,0.0,VN,IDS 1
11920,0.0,0.0,VN,IDS 1
11922,0.0,0.0,VN,IDS 1
11924,0.0,0.0,VN,IDS 1
11926,0.0,0.0,VN,IDS 1
11927,0.0,0.0,VN,IDS 1
11928,0.0,0.0,VN,IDS 1
11932,0.0,0.0,VN,IDS 1
11934,0.0,0.0,VN,IDS 1
11936,0.0,0.0,VN,IDS 1
11937,0.0,0.0,VN,IDS 1
11939,0.0,0.0,VN,IDS 1
11940,0.0,0.0,VN,IDS 1
11941,0.0,0.0,VN,IDS 1
11942,0.0,0.0,VN,IDS 1
11946,0.0,0.0,VN,IDS 1
11947,0.0,0.0,VN,IDS 1
9719,0.0,4.0,FN,IDS 1
9720,0.0,4.0,FN,IDS 1
9721,0.0,4.0,FN,IDS 1
9722,0.0,4.0,FN,IDS 1
9723,0.0,4.0,FN,IDS 1
9724,0.0,4.0,FN,IDS 1
9725,0.0,4.0,FN,IDS 1
9726,0.0,4.0,FN,IDS 1
9727,0.0,4.0,FN,IDS 1
9728,0.0,4.0,FN,IDS 1
9729,0.0,4.0,FN,IDS 1
9730,0.0,4.0,FN,IDS 1
9732,0.0,4.0,FN,IDS 1
9734,0.0,4.0,FN,IDS 1
9735,0.0,4.0,FN,IDS 1
9736,0.0,4.0,FN,IDS 1
9737,0.0,4.0,FN,IDS 1
9738,0.0,4.0,FN,IDS 1
9809,0.0,4.0,FN,IDS 1
9810,0.0,4.0,FN,IDS 1
9811,0.0,4.0,FN,IDS 1
9812,0.0,4.0,FN,IDS 1
9813,0.0,4.0,FN,IDS 1
9814,0.0,4.0,FN,IDS 1
9968,0.0,4.0,FN,IDS 1
9971,0.0,4.0,FN,IDS 1
9973,0.0,4.0,FN,IDS 1
10005,0.0,0.0,VN,IDS 1
10009,0.0,0.0,VN,IDS 1
10010,0.0,0.0,VN,IDS 1
10013,0.0,0.0,VN,IDS 1
10017,0.0,0.0,VN,IDS 1
10018,0.0,0.0,VN,IDS 1
10020,0.0,0.0,VN,IDS 1
10021,0.0,0.0,VN,IDS 1
10022,0.0,0.0,VN,IDS 1
10023,0.0,0.0,VN,IDS 1
10026,0.0,0.0,VN,IDS 1
10027,0.0,0.0,VN,IDS 1
10028,0.0,0.0,VN,IDS 1
10029,0.0,0.0,VN,IDS 1
10030,0.0,0.0,VN,IDS 1
10031,0.0,0.0,VN,IDS 1
10032,0.0,0.0,VN,IDS 1
10033,0.0,0.0,VN,IDS 1
10034,0.0,0.0,VN,IDS 1
10035,0.0,0.0,VN,IDS 1
10036,0.0,0.0,VN,IDS 1
10037,0.0,0.0,VN,IDS 1
10079,0.0,0.0,VN,IDS 1
10081,1.0,0.0,FP,IDS 1
10083,0.0,0.0,VN,IDS 1
10084,0.0,0.0,VN,IDS 1
10085,0.0,0.0,VN,IDS 1
10086,0.0,0.0,VN,IDS 1
10089,0.0,0.0,VN,IDS 1
10090,0.0,0.0,VN,IDS 1
10091,0.0,0.0,VN,IDS 1
10093,0.0,0.0,VN,IDS 1
10095,0.0,0.0,VN,IDS 1
10096,1.0,0.0,FP,IDS 1
10097,0.0,0.0,VN,IDS 1
10098,0.0,0.0,VN,IDS 1
10099,1.0,0.0,FP,IDS 1
10100,0.0,0.0,VN,IDS 1
10101,0.0,0.0,VN,IDS 1
10102,0.0,0.0,VN,IDS 1
10103,0.0,0.0,VN,IDS 1
10105,0.0,0.0,VN,IDS 1
10107,0.0,0.0,VN,IDS 1
10246,0.0,0.0,VN,IDS 1
10247,0.0,0.0,VN,IDS 1
10248,0.0,0.0,VN,IDS 1
10249,0.0,0.0,VN,IDS 1
10486,0.0,0.0,VN,IDS 1
10487,0.0,0.0,VN,IDS 1
10489,0.0,0.0,VN,IDS 1
10491,0.0,0.0,VN,IDS 1
10492,0.0,0.0,VN,IDS 1
10494,0.0,0.0,VN,IDS 1
10498,0.0,0.0,VN,IDS 1
10500,0.0,0.0,VN,IDS 1
10501,0.0,0.0,VN,IDS 1
10502,0.0,0.0,VN,IDS 1
10503,0.0,0.0,VN,IDS 1
10504,0.0,0.0,VN,IDS 1
10505,0.0,0.0,VN,IDS 1
10506,0.0,0.0,VN,IDS 1
10508,0.0,0.0,VN,IDS 1
10510,0.0,0.0,VN,IDS 1
10511,0.0,0.0,VN,IDS 1
10625,0.0,0.0,VN,IDS 1
10626,0.0,0.0,VN,IDS 1
7336,1.0,3.0,FN,IDS 1
7337,1.0,3.0,FN,IDS 1
7342,1.0,3.0,FN,IDS 1
7346,1.0,3.0,FN,IDS 1
7351,1.0,3.0,FN,IDS 1
7354,0.0,3.0,FN,IDS 1
7356,1.0,3.0,FN,IDS 1
7358,0.0,3.0,FN,IDS 1
7360,1.0,3.0,FN,IDS 1
7361,1.0,3.0,FN,IDS 1
7364,1.0,3.0,FN,IDS 1
10627,0.0,0.0,VN,IDS 1
10628,0.0,0.0,VN,IDS 1
7373,1.0,3.0,FN,IDS 1
7374,0.0,3.0,FN,IDS 1
7377,0.0,3.0,FN,IDS 1
7527,0.0,4.0,FN,IDS 1
7528,0.0,4.0,FN,IDS 1
7529,0.0,4.0,FN,IDS 1
7533,0.0,4.0,FN,IDS 1
7535,0.0,4.0,FN,IDS 1
7536,0.0,4.0,FN,IDS 1
7537,0.0,4.0,FN,IDS 1
7541,0.0,4.0,FN,IDS 1
7542,0.0,4.0,FN,IDS 1
7544,0.0,4.0,FN,IDS 1
7546,0.0,4.0,FN,IDS 1
7547,0.0,4.0,FN,IDS 1
7548,0.0,4.0,FN,IDS 1
7549,0.0,4.0,FN,IDS 1
7550,0.0,4.0,FN,IDS 1
7552,0.0,4.0,FN,IDS 1
7553,0.0,4.0,FN,IDS 1
7554,0.0,4.0,FN,IDS 1
7556,0.0,4.0,FN,IDS 1
7557,0.0,4.0,FN,IDS 1
7558,0.0,4.0,FN,IDS 1
7561,0.0,4.0,FN,IDS 1
7563,0.0,4.0,FN,IDS 1
7624,0.0,4.0,FN,IDS 1
7626,0.0,4.0,FN,IDS 1
7627,0.0,4.0,FN,IDS 1
7629,0.0,4.0,FN,IDS 1
7630,0.0,4.0,FN,IDS 1
7631,0.0,4.0,FN,IDS 1
7633,0.0,4.0,FN,IDS 1
7634,0.0,4.0,FN,IDS 1
7635,0.0,4.0,FN,IDS 1
7636,0.0,4.0,FN,IDS 1
7637,0.0,4.0,FN,IDS 1
7639,0.0,4.0,FN,IDS 1
7640,0.0,4.0,FN,IDS 1
7642,0.0,4.0,FN,IDS 1
7644,0.0,4.0,FN,IDS 1
7647,0.0,4.0,FN,IDS 1
7648,0.0,4.0,FN,IDS 1
7649,0.0,4.0,FN,IDS 1
7650,0.0,4.0,FN,IDS 1
7651,0.0,4.0,FN,IDS 1
7652,0.0,4.0,FN,IDS 1
7653,0.0,4.0,FN,IDS 1
7654,0.0,4.0,FN,IDS 1
7681,0.0,4.0,FN,IDS 1
7682,0.0,4.0,FN,IDS 1
7686,0.0,4.0,FN,IDS 1
7687,0.0,4.0,FN,IDS 1
7688,0.0,4.0,FN,IDS 1
11135,0.0,0.0,VN,IDS 1
7689,0.0,4.0,FN,IDS 1
7690,0.0,4.0,FN,IDS 1
7691,0.0,4.0,FN,IDS 1
7692,0.0,4.0,FN,IDS 1
7693,0.0,4.0,FN,IDS 1
7694,0.0,4.0,FN,IDS 1
7695,0.0,4.0,FN,IDS 1
7697,0.0,4.0,FN,IDS 1
7699,0.0,4.0,FN,IDS 1
7700,0.0,4.0,FN,IDS 1
11136,0.0,0.0,VN,IDS 1
11138,0.0,0.0,VN,IDS 1
11139,1.0,0.0,FP,IDS 1
8629,0.0,4.0,FN,IDS 1
8630,0.0,4.0,FN,IDS 1
8675,0.0,4.0,FN,IDS 1
8676,0.0,4.0,FN,IDS 1
8677,0.0,4.0,FN,IDS 1
8678,0.0,4.0,FN,IDS 1
8679,0.0,4.0,FN,IDS 1
8680,0.0,4.0,FN,IDS 1
8681,0.0,4.0,FN,IDS 1
8682,0.0,4.0,FN,IDS 1
8683,0.0,4.0,FN,IDS 1
8684,0.0,4.0,FN,IDS 1
8685,0.0,4.0,FN,IDS 1
8688,0.0,4.0,FN,IDS 1
8689,0.0,4.0,FN,IDS 1
8690,0.0,4.0,FN,IDS 1
8692,0.0,4.0,FN,IDS 1
8694,0.0,4.0,FN,IDS 1
8695,0.0,4.0,FN,IDS 1
8696,0.0,4.0,FN,IDS 1
8697,0.0,4.0,FN,IDS 1
8698,0.0,4.0,FN,IDS 1
8699,0.0,4.0,FN,IDS 1
8700,0.0,4.0,FN,IDS 1
9291,0.0,4.0,FN,IDS 1
9292,0.0,4.0,FN,IDS 1
9293,0.0,4.0,FN,IDS 1
9294,0.0,4.0,FN,IDS 1
9297,0.0,4.0,FN,IDS 1
9298,0.0,4.0,FN,IDS 1
9352,0.0,4.0,FN,IDS 1
9353,0.0,4.0,FN,IDS 1
9354,0.0,4.0,FN,IDS 1
9355,0.0,4.0,FN,IDS 1
9357,0.0,4.0,FN,IDS 1
9358,0.0,4.0,FN,IDS 1
9359,0.0,4.0,FN,IDS 1
9360,0.0,4.0,FN,IDS 1
9361,0.0,4.0,FN,IDS 1
9362,0.0,4.0,FN,IDS 1
9363,0.0,4.0,FN,IDS 1
9364,0.0,4.0,FN,IDS 1
9367,0.0,4.0,FN,IDS 1
9368,0.0,4.0,FN,IDS 1
9370,0.0,4.0,FN,IDS 1
9371,0.0,4.0,FN,IDS 1
9372,0.0,4.0,FN,IDS 1
9373,0.0,4.0,FN,IDS 1
9374,0.0,4.0,FN,IDS 1
9375,0.0,4.0,FN,IDS 1
9376,0.0,4.0,FN,IDS 1
9377,0.0,4.0,FN,IDS 1
9379,0.0,4.0,FN,IDS 1
9381,0.0,4.0,FN,IDS 1
9384,0.0,4.0,FN,IDS 1
9385,0.0,4.0,FN,IDS 1
9386,0.0,4.0,FN,IDS 1
9387,0.0,4.0,FN,IDS 1
9389,0.0,4.0,FN,IDS 1
9391,0.0,4.0,FN,IDS 1
9392,0.0,4.0,FN,IDS 1
9393,0.0,4.0,FN,IDS 1
9394,0.0,4.0,FN,IDS 1
9396,0.0,4.0,FN,IDS 1
9397,0.0,4.0,FN,IDS 1
9398,0.0,4.0,FN,IDS 1
9399,0.0,4.0,FN,IDS 1
9401,0.0,4.0,FN,IDS 1
9402,0.0,4.0,FN,IDS 1
9403,0.0,4.0,FN,IDS 1
9404,0.0,4.0,FN,IDS 1
9405,0.0,4.0,FN,IDS 1
9528,0.0,4.0,FN,IDS 1
9532,0.0,4.0,FN,IDS 1
9533,0.0,4.0,FN,IDS 1
9534,0.0,4.0,FN,IDS 1
9535,0.0,4.0,FN,IDS 1
9536,0.0,4.0,FN,IDS 1
9537,0.0,4.0,FN,IDS 1
9538,0.0,4.0,FN,IDS 1
9539,0.0,4.0,FN,IDS 1
9540,0.0,4.0,FN,IDS 1
9543,0.0,4.0,FN,IDS 1
9544,0.0,4.0,FN,IDS 1
9545,0.0,4.0,FN,IDS 1
9546,0.0,4.0,FN,IDS 1
9547,0.0,4.0,FN,IDS 1
9548,0.0,4.0,FN,IDS 1
9549,0.0,4.0,FN,IDS 1
9550,0.0,4.0,FN,IDS 1
9551,0.0,4.0,FN,IDS 1
9554,0.0,4.0,FN,IDS 1
9556,0.0,4.0,FN,IDS 1
9557,0.0,4.0,FN,IDS 1
9558,0.0,4.0,FN,IDS 1
9861,0.0,4.0,FN,IDS 1
9862,0.0,4.0,FN,IDS 1
11140,0.0,0.0,VN,IDS 1
11141,0.0,0.0,VN,IDS 1
11142,0.0,0.0,VN,IDS 1
11144,0.0,0.0,VN,IDS 1
11145,0.0,0.0,VN,IDS 1
11146,0.0,0.0,VN,IDS 1
11149,0.0,0.0,VN,IDS 1
11150,0.0,0.0,VN,IDS 1
11151,0.0,0.0,VN,IDS 1
11152,0.0,0.0,VN,IDS 1
11153,0.0,0.0,VN,IDS 1
11154,0.0,0.0,VN,IDS 1
11155,0.0,0.0,VN,IDS 1
11156,0.0,0.0,VN,IDS 1
11157,0.0,0.0,VN,IDS 1
11158,0.0,0.0,VN,IDS 1
11159,0.0,0.0,VN,IDS 1
11160,0.0,0.0,VN,IDS 1
11161,0.0,0.0,VN,IDS 1
11162,0.0,0.0,VN,IDS 1
11165,0.0,0.0,VN,IDS 1
11167,0.0,0.0,VN,IDS 1
11168,0.0,0.0,VN,IDS 1
11169,0.0,0.0,VN,IDS 1
11170,0.0,0.0,VN,IDS 1
11172,0.0,0.0,VN,IDS 1
11173,0.0,0.0,VN,IDS 1
11174,0.0,0.0,VN,IDS 1
11175,0.0,0.0,VN,IDS 1
11179,0.0,0.0,VN,IDS 1
11183,0.0,0.0,VN,IDS 1
11184,0.0,0.0,VN,IDS 1
11185,0.0,0.0,VN,IDS 1
11186,1.0,0.0,FP,IDS 1
11189,0.0,0.0,VN,IDS 1
11192,0.0,0.0,VN,IDS 1
11194,0.0,0.0,VN,IDS 1
11195,0.0,0.0,VN,IDS 1
11196,0.0,0.0,VN,IDS 1
11199,0.0,0.0,VN,IDS 1
11200,0.0,0.0,VN,IDS 1
11269,0.0,0.0,VN,IDS 1
11271,0.0,0.0,VN,IDS 1
11273,0.0,0.0,VN,IDS 1
11274,0.0,0.0,VN,IDS 1
11277,0.0,0.0,VN,IDS 1
11278,0.0,0.0,VN,IDS 1
11279,0.0,0.0,VN,IDS 1
11281,0.0,0.0,VN,IDS 1
11282,0.0,0.0,VN,IDS 1
11284,0.0,0.0,VN,IDS 1
11286,0.0,0.0,VN,IDS 1
11287,0.0,0.0,VN,IDS 1
11292,0.0,0.0,VN,IDS 1
11293,0.0,0.0,VN,IDS 1
11294,0.0,0.0,VN,IDS 1
11295,0.0,0.0,VN,IDS 1
11296,0.0,0.0,VN,IDS 1
11336,0.0,0.0,VN,IDS 1
11337,0.0,0.0,VN,IDS 1
11338,0.0,0.0,VN,IDS 1
8456,0.0,4.0,FN,IDS 1
8457,0.0,4.0,FN,IDS 1
11339,0.0,0.0,VN,IDS 1
8458,0.0,4.0,FN,IDS 1
8459,0.0,4.0,FN,IDS 1
11340,0.0,0.0,VN,IDS 1
11473,0.0,0.0,VN,IDS 1
11474,0.0,0.0,VN,IDS 1
11475,0.0,0.0,VN,IDS 1
8460,0.0,4.0,FN,IDS 1
11476,0.0,0.0,VN,IDS 1
11478,0.0,0.0,VN,IDS 1
11480,0.0,0.0,VN,IDS 1
11481,0.0,0.0,VN,IDS 1
11484,0.0,0.0,VN,IDS 1
8462,0.0,4.0,FN,IDS 1
11485,0.0,0.0,VN,IDS 1
8463,0.0,4.0,FN,IDS 1
8467,0.0,4.0,FN,IDS 1
11486,0.0,0.0,VN,IDS 1
8468,0.0,4.0,FN,IDS 1
11490,0.0,0.0,VN,IDS 1
8469,0.0,4.0,FN,IDS 1
8470,0.0,4.0,FN,IDS 1
11491,0.0,0.0,VN,IDS 1
11492,0.0,0.0,VN,IDS 1
8471,0.0,4.0,FN,IDS 1
11494,0.0,0.0,VN,IDS 1
8472,0.0,4.0,FN,IDS 1
11497,0.0,0.0,VN,IDS 1
8473,0.0,4.0,FN,IDS 1
8474,0.0,4.0,FN,IDS 1
11499,0.0,0.0,VN,IDS 1
8476,0.0,4.0,FN,IDS 1
8477,0.0,4.0,FN,IDS 1
8478,0.0,4.0,FN,IDS 1
8479,0.0,4.0,FN,IDS 1
8480,0.0,4.0,FN,IDS 1
8605,0.0,4.0,FN,IDS 1
8606,0.0,4.0,FN,IDS 1
8607,0.0,4.0,FN,IDS 1
8608,0.0,4.0,FN,IDS 1
8609,0.0,4.0,FN,IDS 1
8610,0.0,4.0,FN,IDS 1
8611,0.0,4.0,FN,IDS 1
8613,0.0,4.0,FN,IDS 1
8614,0.0,4.0,FN,IDS 1
8615,0.0,4.0,FN,IDS 1
8617,0.0,4.0,FN,IDS 1
8618,0.0,4.0,FN,IDS 1
8619,0.0,4.0,FN,IDS 1
8621,0.0,4.0,FN,IDS 1
8622,0.0,4.0,FN,IDS 1
8623,0.0,4.0,FN,IDS 1
8624,0.0,4.0,FN,IDS 1
8625,0.0,4.0,FN,IDS 1
8628,0.0,4.0,FN,IDS 1
11532,0.0,0.0,VN,IDS 1
11533,0.0,0.0,VN,IDS 1
11534,0.0,0.0,VN,IDS 1
11535,0.0,0.0,VN,IDS 1
11537,0.0,0.0,VN,IDS 1
11539,0.0,0.0,VN,IDS 1
11540,0.0,0.0,VN,IDS 1
11541,0.0,0.0,VN,IDS 1
11544,0.0,0.0,VN,IDS 1
11545,0.0,0.0,VN,IDS 1
11546,0.0,0.0,VN,IDS 1
11547,0.0,0.0,VN,IDS 1
11548,0.0,0.0,VN,IDS 1
11578,1.0,0.0,FP,IDS 1
11580,0.0,0.0,VN,IDS 1
11581,0.0,0.0,VN,IDS 1
11582,0.0,0.0,VN,IDS 1
11583,0.0,0.0,VN,IDS 1
11584,0.0,0.0,VN,IDS 1
11586,0.0,0.0,VN,IDS 1
11590,0.0,0.0,VN,IDS 1
11591,0.0,0.0,VN,IDS 1
11592,0.0,0.0,VN,IDS 1
11595,0.0,0.0,VN,IDS 1
11596,0.0,0.0,VN,IDS 1
11597,1.0,0.0,FP,IDS 1
11602,0.0,0.0,VN,IDS 1
11603,0.0,0.0,VN,IDS 1
11606,0.0,0.0,VN,IDS 1
11607,0.0,0.0,VN,IDS 1
11689,0.0,0.0,VN,IDS 1
11690,0.0,0.0,VN,IDS 1
11691,0.0,0.0,VN,IDS 1
11692,0.0,0.0,VN,IDS 1
11693,0.0,0.0,VN,IDS 1
11694,0.0,0.0,VN,IDS 1
11695,0.0,0.0,VN,IDS 1
11697,0.0,0.0,VN,IDS 1
11701,0.0,0.0,VN,IDS 1
11702,0.0,0.0,VN,IDS 1
11705,0.0,0.0,VN,IDS 1
11706,1.0,0.0,FP,IDS 1
11707,0.0,0.0,VN,IDS 1
11708,0.0,0.0,VN,IDS 1
11709,0.0,0.0,VN,IDS 1
11710,0.0,0.0,VN,IDS 1
11711,0.0,0.0,VN,IDS 1
11712,0.0,0.0,VN,IDS 1
11782,0.0,0.0,VN,IDS 1
11784,0.0,0.0,VN,IDS 1
11785,0.0,0.0,VN,IDS 1
11786,0.0,0.0,VN,IDS 1
11789,0.0,0.0,VN,IDS 1
11790,0.0,0.0,VN,IDS 1
11791,0.0,0.0,VN,IDS 1
11792,0.0,0.0,VN,IDS 1
11794,0.0,0.0,VN,IDS 1
11796,0.0,0.0,VN,IDS 1
11798,0.0,0.0,VN,IDS 1
11799,0.0,0.0,VN,IDS 1
11802,0.0,0.0,VN,IDS 1
11803,0.0,0.0,VN,IDS 1
11804,0.0,0.0,VN,IDS 1
11976,0.0,0.0,VN,IDS 1
11977,0.0,0.0,VN,IDS 1
11979,0.0,0.0,VN,IDS 1
11980,0.0,0.0,VN,IDS 1
11981,0.0,0.0,VN,IDS 1
11983,0.0,0.0,VN,IDS 1
11984,0.0,0.0,VN,IDS 1
11986,1.0,0.0,FP,IDS 1
11987,0.0,0.0,VN,IDS 1
11990,0.0,0.0,VN,IDS 1
11991,0.0,0.0,VN,IDS 1
11992,0.0,0.0,VN,IDS 1
11994,0.0,0.0,VN,IDS 1
11995,0.0,0.0,VN,IDS 1
11996,0.0,0.0,VN,IDS 1
11997,0.0,0.0,VN,IDS 1
11998,0.0,0.0,VN,IDS 1
11999,0.0,0.0,VN,IDS 1
12000,0.0,0.0,VN,IDS 1
12001,0.0,0.0,VN,IDS 1
12002,0.0,0.0,VN,IDS 1
7086,5.0,3.0,FN,IDS 1
7087,1.0,3.0,FN,IDS 1
7088,5.0,3.0,FN,IDS 1
7090,1.0,3.0,FN,IDS 1
7091,1.0,3.0,FN,IDS 1
7092,1.0,3.0,FN,IDS 1
7093,1.0,3.0,FN,IDS 1
7095,1.0,3.0,FN,IDS 1
7097,0.0,3.0,FN,IDS 1
7098,1.0,3.0,FN,IDS 1
7099,1.0,3.0,FN,IDS 1
7100,1.0,3.0,FN,IDS 1
7101,0.0,3.0,FN,IDS 1
7102,1.0,3.0,FN,IDS 1
7104,0.0,3.0,FN,IDS 1
7108,0.0,3.0,FN,IDS 1
7109,1.0,3.0,FN,IDS 1
7110,1.0,3.0,FN,IDS 1
7111,0.0,3.0,FN,IDS 1
7213,5.0,3.0,FN,IDS 1
7216,0.0,3.0,FN,IDS 1
7218,0.0,3.0,FN,IDS 1
7219,1.0,3.0,FN,IDS 1
7222,1.0,3.0,FN,IDS 1
7226,1.0,3.0,FN,IDS 1
7229,1.0,3.0,FN,IDS 1
7230,5.0,3.0,FN,IDS 1
7231,1.0,3.0,FN,IDS 1
7232,1.0,3.0,FN,IDS 1
7233,1.0,3.0,FN,IDS 1
7234,1.0,3.0,FN,IDS 1
7235,0.0,3.0,FN,IDS 1
7238,0.0,3.0,FN,IDS 1
7243,1.0,3.0,FN,IDS 1
7244,1.0,3.0,FN,IDS 1
7245,1.0,3.0,FN,IDS 1
7250,0.0,3.0,FN,IDS 1
7253,0.0,3.0,FN,IDS 1
7256,0.0,3.0,FN,IDS 1
7260,1.0,3.0,FN,IDS 1
7322,1.0,3.0,FN,IDS 1
7323,1.0,3.0,FN,IDS 1
7565,0.0,4.0,FN,IDS 1
7567,0.0,4.0,FN,IDS 1
7568,0.0,4.0,FN,IDS 1
7570,0.0,4.0,FN,IDS 1
7571,0.0,4.0,FN,IDS 1
7572,0.0,4.0,FN,IDS 1
7573,0.0,4.0,FN,IDS 1
7575,0.0,4.0,FN,IDS 1
7576,0.0,4.0,FN,IDS 1
7577,0.0,4.0,FN,IDS 1
7578,0.0,4.0,FN,IDS 1
7579,0.0,4.0,FN,IDS 1
7583,0.0,4.0,FN,IDS 1
7584,0.0,4.0,FN,IDS 1
7585,0.0,4.0,FN,IDS 1
7586,0.0,4.0,FN,IDS 1
7587,0.0,4.0,FN,IDS 1
7588,0.0,4.0,FN,IDS 1
7591,0.0,4.0,FN,IDS 1
7592,0.0,4.0,FN,IDS 1
7593,0.0,4.0,FN,IDS 1
7595,0.0,4.0,FN,IDS 1
7596,0.0,4.0,FN,IDS 1
7597,0.0,4.0,FN,IDS 1
7598,0.0,4.0,FN,IDS 1
7599,0.0,4.0,FN,IDS 1
7600,0.0,4.0,FN,IDS 1
7601,0.0,4.0,FN,IDS 1
7602,0.0,4.0,FN,IDS 1
7603,0.0,4.0,FN,IDS 1
7604,0.0,4.0,FN,IDS 1
7605,0.0,4.0,FN,IDS 1
7606,0.0,4.0,FN,IDS 1
7607,0.0,4.0,FN,IDS 1
7608,0.0,4.0,FN,IDS 1
7610,0.0,4.0,FN,IDS 1
7611,0.0,4.0,FN,IDS 1
7612,0.0,4.0,FN,IDS 1
7614,0.0,4.0,FN,IDS 1
7615,0.0,4.0,FN,IDS 1
7616,0.0,4.0,FN,IDS 1
7618,0.0,4.0,FN,IDS 1
7792,0.0,4.0,FN,IDS 1
7793,0.0,4.0,FN,IDS 1
7794,0.0,4.0,FN,IDS 1
7795,0.0,4.0,FN,IDS 1
7797,0.0,4.0,FN,IDS 1
7798,0.0,4.0,FN,IDS 1
7799,0.0,4.0,FN,IDS 1
7801,0.0,4.0,FN,IDS 1
7804,0.0,4.0,FN,IDS 1
7857,0.0,4.0,FN,IDS 1
7858,0.0,4.0,FN,IDS 1
7860,0.0,4.0,FN,IDS 1
7861,0.0,4.0,FN,IDS 1
7862,0.0,4.0,FN,IDS 1
7864,0.0,4.0,FN,IDS 1
7865,0.0,4.0,FN,IDS 1
7866,0.0,4.0,FN,IDS 1
7869,0.0,4.0,FN,IDS 1
7870,0.0,4.0,FN,IDS 1
7871,0.0,4.0,FN,IDS 1
7872,0.0,4.0,FN,IDS 1
7873,0.0,4.0,FN,IDS 1
7948,0.0,4.0,FN,IDS 1
7949,0.0,4.0,FN,IDS 1
8014,0.0,4.0,FN,IDS 1
8015,0.0,4.0,FN,IDS 1
8016,0.0,4.0,FN,IDS 1
8018,0.0,4.0,FN,IDS 1
8019,0.0,4.0,FN,IDS 1
8020,0.0,4.0,FN,IDS 1
8021,0.0,4.0,FN,IDS 1
8022,0.0,4.0,FN,IDS 1
8023,0.0,4.0,FN,IDS 1
8024,0.0,4.0,FN,IDS 1
8025,0.0,4.0,FN,IDS 1
8026,0.0,4.0,FN,IDS 1
8027,0.0,4.0,FN,IDS 1
8028,0.0,4.0,FN,IDS 1
8029,0.0,4.0,FN,IDS 1
8030,0.0,4.0,FN,IDS 1
8031,0.0,4.0,FN,IDS 1
8032,0.0,4.0,FN,IDS 1
8033,0.0,4.0,FN,IDS 1
8035,0.0,4.0,FN,IDS 1
8036,0.0,4.0,FN,IDS 1
8037,0.0,4.0,FN,IDS 1
8365,0.0,4.0,FN,IDS 1
8366,0.0,4.0,FN,IDS 1
8368,0.0,4.0,FN,IDS 1
8369,0.0,4.0,FN,IDS 1
8370,0.0,4.0,FN,IDS 1
8372,0.0,4.0,FN,IDS 1
8373,0.0,4.0,FN,IDS 1
8374,0.0,4.0,FN,IDS 1
8375,0.0,4.0,FN,IDS 1
8376,0.0,4.0,FN,IDS 1
8380,0.0,4.0,FN,IDS 1
8381,0.0,4.0,FN,IDS 1
8383,0.0,4.0,FN,IDS 1
8385,0.0,4.0,FN,IDS 1
8386,0.0,4.0,FN,IDS 1
8387,0.0,4.0,FN,IDS 1
8388,0.0,4.0,FN,IDS 1
8389,0.0,4.0,FN,IDS 1
8701,0.0,4.0,FN,IDS 1
8702,0.0,4.0,FN,IDS 1
8703,0.0,4.0,FN,IDS 1
8704,0.0,4.0,FN,IDS 1
8705,0.0,4.0,FN,IDS 1
8706,0.0,4.0,FN,IDS 1
8707,0.0,4.0,FN,IDS 1
8708,0.0,4.0,FN,IDS 1
8709,0.0,4.0,FN,IDS 1
8710,0.0,4.0,FN,IDS 1
8711,0.0,4.0,FN,IDS 1
8712,0.0,4.0,FN,IDS 1
8713,0.0,4.0,FN,IDS 1
8714,0.0,4.0,FN,IDS 1
8715,0.0,4.0,FN,IDS 1
8716,0.0,4.0,FN,IDS 1
8717,0.0,4.0,FN,IDS 1
8718,0.0,4.0,FN,IDS 1
8719,0.0,4.0,FN,IDS 1
8720,0.0,4.0,FN,IDS 1
8839,0.0,4.0,FN,IDS 1
8840,0.0,4.0,FN,IDS 1
8842,0.0,4.0,FN,IDS 1
8843,0.0,4.0,FN,IDS 1
8845,0.0,4.0,FN,IDS 1
8847,0.0,4.0,FN,IDS 1
8848,0.0,4.0,FN,IDS 1
8852,0.0,4.0,FN,IDS 1
8853,0.0,4.0,FN,IDS 1
8854,0.0,4.0,FN,IDS 1
8855,0.0,4.0,FN,IDS 1
8856,0.0,4.0,FN,IDS 1
8857,0.0,4.0,FN,IDS 1
9174,0.0,4.0,FN,IDS 1
9175,0.0,4.0,FN,IDS 1
9177,0.0,4.0,FN,IDS 1
9178,0.0,4.0,FN,IDS 1
9179,0.0,4.0,FN,IDS 1
9238,0.0,4.0,FN,IDS 1
9239,0.0,4.0,FN,IDS 1
9240,0.0,4.0,FN,IDS 1
9242,0.0,4.0,FN,IDS 1
9243,0.0,4.0,FN,IDS 1
9245,0.0,4.0,FN,IDS 1
9248,0.0,4.0,FN,IDS 1
9249,0.0,4.0,FN,IDS 1
9251,0.0,4.0,FN,IDS 1
9253,0.0,4.0,FN,IDS 1
9254,0.0,4.0,FN,IDS 1
9257,0.0,4.0,FN,IDS 1
9258,0.0,4.0,FN,IDS 1
9260,0.0,4.0,FN,IDS 1
9261,0.0,4.0,FN,IDS 1
9264,0.0,4.0,FN,IDS 1
9267,0.0,4.0,FN,IDS 1
9268,0.0,4.0,FN,IDS 1
9269,0.0,4.0,FN,IDS 1
9270,0.0,4.0,FN,IDS 1
9272,0.0,4.0,FN,IDS 1
9274,0.0,4.0,FN,IDS 1
9275,0.0,4.0,FN,IDS 1
9276,0.0,4.0,FN,IDS 1
9278,0.0,4.0,FN,IDS 1
9279,0.0,4.0,FN,IDS 1
9280,0.0,4.0,FN,IDS 1
9281,0.0,4.0,FN,IDS 1
9282,0.0,4.0,FN,IDS 1
9283,0.0,4.0,FN,IDS 1
9284,0.0,4.0,FN,IDS 1
9285,0.0,4.0,FN,IDS 1
9286,0.0,4.0,FN,IDS 1
9287,0.0,4.0,FN,IDS 1
9288,0.0,4.0,FN,IDS 1
9289,0.0,4.0,FN,IDS 1
10108,0.0,0.0,VN,IDS 1
10109,0.0,0.0,VN,IDS 1
10110,0.0,0.0,VN,IDS 1
10111,0.0,0.0,VN,IDS 1
10112,0.0,0.0,VN,IDS 1
10113,0.0,0.0,VN,IDS 1
10114,0.0,0.0,VN,IDS 1
10115,0.0,0.0,VN,IDS 1
10116,0.0,0.0,VN,IDS 1
10117,0.0,0.0,VN,IDS 1
10118,0.0,0.0,VN,IDS 1
10120,0.0,0.0,VN,IDS 1
10121,0.0,0.0,VN,IDS 1
10122,0.0,0.0,VN,IDS 1
10123,0.0,0.0,VN,IDS 1
10126,0.0,0.0,VN,IDS 1
10127,0.0,0.0,VN,IDS 1
10129,0.0,0.0,VN,IDS 1
10131,0.0,0.0,VN,IDS 1
10132,0.0,0.0,VN,IDS 1
10133,0.0,0.0,VN,IDS 1
10134,0.0,0.0,VN,IDS 1
10135,0.0,0.0,VN,IDS 1
10136,1.0,0.0,FP,IDS 1
10138,0.0,0.0,VN,IDS 1
10139,0.0,0.0,VN,IDS 1
10215,0.0,0.0,VN,IDS 1
10217,0.0,0.0,VN,IDS 1
10218,0.0,0.0,VN,IDS 1
10220,0.0,0.0,VN,IDS 1
10221,0.0,0.0,VN,IDS 1
10226,0.0,0.0,VN,IDS 1
10227,0.0,0.0,VN,IDS 1
10229,0.0,0.0,VN,IDS 1
10230,0.0,0.0,VN,IDS 1
10231,0.0,0.0,VN,IDS 1
10233,0.0,0.0,VN,IDS 1
10234,0.0,0.0,VN,IDS 1
10235,0.0,0.0,VN,IDS 1
10238,0.0,0.0,VN,IDS 1
10240,0.0,0.0,VN,IDS 1
10241,0.0,0.0,VN,IDS 1
10242,0.0,0.0,VN,IDS 1
10243,0.0,0.0,VN,IDS 1
10244,0.0,0.0,VN,IDS 1
10312,1.0,0.0,FP,IDS 1
10313,0.0,0.0,VN,IDS 1
10314,0.0,0.0,VN,IDS 1
12061,0.0,0.0,VN,IDS 1
12062,1.0,0.0,FP,IDS 1
12064,0.0,0.0,VN,IDS 1
12066,0.0,0.0,VN,IDS 1
12067,1.0,0.0,FP,IDS 1
12070,0.0,0.0,VN,IDS 1
12071,0.0,0.0,VN,IDS 1
12072,0.0,0.0,VN,IDS 1
12073,0.0,0.0,VN,IDS 1
12080,0.0,0.0,VN,IDS 1
12081,0.0,0.0,VN,IDS 1
12082,0.0,0.0,VN,IDS 1
12083,0.0,0.0,VN,IDS 1
12328,0.0,0.0,VN,IDS 1
12330,0.0,0.0,VN,IDS 1
12334,0.0,0.0,VN,IDS 1
12335,0.0,0.0,VN,IDS 1
12336,0.0,0.0,VN,IDS 1
12337,0.0,0.0,VN,IDS 1
12339,0.0,0.0,VN,IDS 1
12340,0.0,0.0,VN,IDS 1
12344,0.0,0.0,VN,IDS 1
12349,0.0,0.0,VN,IDS 1
12350,0.0,0.0,VN,IDS 1
12351,0.0,0.0,VN,IDS 1
12352,0.0,0.0,VN,IDS 1
12355,0.0,0.0,VN,IDS 1
12356,0.0,0.0,VN,IDS 1
12358,0.0,0.0,VN,IDS 1
12359,0.0,0.0,VN,IDS 1
12360,0.0,0.0,VN,IDS 1
12362,0.0,0.0,VN,IDS 1
12364,0.0,0.0,VN,IDS 1
12365,0.0,0.0,VN,IDS 1
12410,0.0,0.0,VN,IDS 1
12412,0.0,0.0,VN,IDS 1
12415,0.0,0.0,VN,IDS 1
12416,0.0,0.0,VN,IDS 1
12420,0.0,0.0,VN,IDS 1
12421,0.0,0.0,VN,IDS 1
12423,0.0,0.0,VN,IDS 1
12424,0.0,0.0,VN,IDS 1
12425,0.0,0.0,VN,IDS 1
12426,0.0,0.0,VN,IDS 1
12431,0.0,0.0,VN,IDS 1
12433,0.0,0.0,VN,IDS 1
12434,0.0,0.0,VN,IDS 1
12435,0.0,0.0,VN,IDS 1
12438,0.0,0.0,VN,IDS 1
12439,0.0,0.0,VN,IDS 1
12440,0.0,0.0,VN,IDS 1
12443,0.0,0.0,VN,IDS 1
12447,1.0,0.0,FP,IDS 1
12448,0.0,0.0,VN,IDS 1
12452,0.0,0.0,VN,IDS 1
12556,0.0,0.0,VN,IDS 1
12557,0.0,0.0,VN,IDS 1
12559,0.0,0.0,VN,IDS 1
12560,0.0,0.0,VN,IDS 1
12561,0.0,0.0,VN,IDS 1
12565,0.0,0.0,VN,IDS 1
12566,1.0,0.0,FP,IDS 1
12568,0.0,0.0,VN,IDS 1
12571,0.0,0.0,VN,IDS 1
12574,0.0,0.0,VN,IDS 1
12575,0.0,0.0,VN,IDS 1
12577,0.0,0.0,VN,IDS 1
12578,0.0,0.0,VN,IDS 1
12580,0.0,0.0,VN,IDS 1
12582,0.0,0.0,VN,IDS 1
12583,0.0,0.0,VN,IDS 1
12584,0.0,0.0,VN,IDS 1
12585,1.0,0.0,FP,IDS 1
12586,0.0,0.0,VN,IDS 1
12587,1.0,0.0,FP,IDS 1
12588,0.0,0.0,VN,IDS 1
12589,0.0,0.0,VN,IDS 1
12590,0.0,0.0,VN,IDS 1
12650,1.0,0.0,FP,IDS 1
12651,0.0,0.0,VN,IDS 1
12654,0.0,0.0,VN,IDS 1
12655,0.0,0.0,VN,IDS 1
12656,0.0,0.0,VN,IDS 1
12658,0.0,0.0,VN,IDS 1
12660,0.0,0.0,VN,IDS 1
12662,0.0,0.0,VN,IDS 1
12666,0.0,0.0,VN,IDS 1
12667,0.0,0.0,VN,IDS 1
12668,0.0,0.0,VN,IDS 1
12669,0.0,0.0,VN,IDS 1
12671,0.0,0.0,VN,IDS 1
12672,0.0,0.0,VN,IDS 1
12673,0.0,0.0,VN,IDS 1
12674,0.0,0.0,VN,IDS 1
12677,0.0,0.0,VN,IDS 1
12678,0.0,0.0,VN,IDS 1
12679,0.0,0.0,VN,IDS 1
12680,0.0,0.0,VN,IDS 1
12681,0.0,0.0,VN,IDS 1
12776,0.0,0.0,VN,IDS 1
12778,0.0,0.0,VN,IDS 1
12780,0.0,0.0,VN,IDS 1
12781,0.0,0.0,VN,IDS 1
12782,0.0,0.0,VN,IDS 1
12784,0.0,0.0,VN,IDS 1
12785,0.0,0.0,VN,IDS 1
12786,0.0,0.0,VN,IDS 1
12787,0.0,0.0,VN,IDS 1
12788,0.0,0.0,VN,IDS 1
12791,0.0,0.0,VN,IDS 1
12793,0.0,0.0,VN,IDS 1
12794,0.0,0.0,VN,IDS 1
12795,0.0,0.0,VN,IDS 1
12796,0.0,0.0,VN,IDS 1
12797,0.0,0.0,VN,IDS 1
12799,0.0,0.0,VN,IDS 1
12800,0.0,0.0,VN,IDS 1
12801,0.0,0.0,VN,IDS 1
12803,0.0,0.0,VN,IDS 1
12805,0.0,0.0,VN,IDS 1
12841,0.0,0.0,VN,IDS 1
12842,0.0,0.0,VN,IDS 1
12844,0.0,0.0,VN,IDS 1
12846,0.0,0.0,VN,IDS 1
12848,0.0,0.0,VN,IDS 1
6967,0.0,3.0,FN,IDS 1
6969,1.0,3.0,FN,IDS 1
6976,5.0,3.0,FN,IDS 1
6977,1.0,3.0,FN,IDS 1
6978,1.0,3.0,FN,IDS 1
6980,1.0,3.0,FN,IDS 1
6987,5.0,3.0,FN,IDS 1
6989,0.0,3.0,FN,IDS 1
6992,1.0,3.0,FN,IDS 1
6997,1.0,3.0,FN,IDS 1
6998,1.0,3.0,FN,IDS 1
7000,1.0,3.0,FN,IDS 1
7004,0.0,3.0,FN,IDS 1
7006,1.0,3.0,FN,IDS 1
7008,0.0,3.0,FN,IDS 1
7010,0.0,3.0,FN,IDS 1
7012,5.0,3.0,FN,IDS 1
7013,0.0,3.0,FN,IDS 1
7014,1.0,3.0,FN,IDS 1
7020,1.0,3.0,FN,IDS 1
7023,1.0,3.0,FN,IDS 1
7024,1.0,3.0,FN,IDS 1
7026,1.0,3.0,FN,IDS 1
7027,1.0,3.0,FN,IDS 1
7034,1.0,3.0,FN,IDS 1
7036,1.0,3.0,FN,IDS 1
7039,1.0,3.0,FN,IDS 1
7041,1.0,3.0,FN,IDS 1
7042,0.0,3.0,FN,IDS 1
7079,1.0,3.0,FN,IDS 1
7085,1.0,3.0,FN,IDS 1
7701,0.0,4.0,FN,IDS 1
7703,0.0,4.0,FN,IDS 1
7704,0.0,4.0,FN,IDS 1
7706,0.0,4.0,FN,IDS 1
7707,0.0,4.0,FN,IDS 1
7708,0.0,4.0,FN,IDS 1
7709,0.0,4.0,FN,IDS 1
7710,0.0,4.0,FN,IDS 1
7712,0.0,4.0,FN,IDS 1
7713,0.0,4.0,FN,IDS 1
7714,0.0,4.0,FN,IDS 1
7717,0.0,4.0,FN,IDS 1
7718,0.0,4.0,FN,IDS 1
7720,0.0,4.0,FN,IDS 1
7721,0.0,4.0,FN,IDS 1
7722,0.0,4.0,FN,IDS 1
7723,0.0,4.0,FN,IDS 1
7724,0.0,4.0,FN,IDS 1
7725,0.0,4.0,FN,IDS 1
7726,0.0,4.0,FN,IDS 1
7727,0.0,4.0,FN,IDS 1
7728,0.0,4.0,FN,IDS 1
7731,0.0,4.0,FN,IDS 1
7732,0.0,4.0,FN,IDS 1
7733,0.0,4.0,FN,IDS 1
7734,0.0,4.0,FN,IDS 1
7736,0.0,4.0,FN,IDS 1
7738,0.0,4.0,FN,IDS 1
7739,0.0,4.0,FN,IDS 1
7772,0.0,4.0,FN,IDS 1
7775,0.0,4.0,FN,IDS 1
7777,0.0,4.0,FN,IDS 1
7778,0.0,4.0,FN,IDS 1
7779,0.0,4.0,FN,IDS 1
7780,0.0,4.0,FN,IDS 1
7781,0.0,4.0,FN,IDS 1
7784,0.0,4.0,FN,IDS 1
7786,0.0,4.0,FN,IDS 1
7787,0.0,4.0,FN,IDS 1
7788,0.0,4.0,FN,IDS 1
7791,0.0,4.0,FN,IDS 1
7874,0.0,4.0,FN,IDS 1
7876,0.0,4.0,FN,IDS 1
7877,0.0,4.0,FN,IDS 1
7878,0.0,4.0,FN,IDS 1
7879,0.0,4.0,FN,IDS 1
7880,0.0,4.0,FN,IDS 1
7882,0.0,4.0,FN,IDS 1
7886,0.0,4.0,FN,IDS 1
7927,0.0,4.0,FN,IDS 1
7928,0.0,4.0,FN,IDS 1
7929,0.0,4.0,FN,IDS 1
7930,0.0,4.0,FN,IDS 1
7931,0.0,4.0,FN,IDS 1
7932,0.0,4.0,FN,IDS 1
7934,0.0,4.0,FN,IDS 1
7935,0.0,4.0,FN,IDS 1
7936,0.0,4.0,FN,IDS 1
7937,0.0,4.0,FN,IDS 1
7938,0.0,4.0,FN,IDS 1
7939,0.0,4.0,FN,IDS 1
7940,0.0,4.0,FN,IDS 1
7942,0.0,4.0,FN,IDS 1
7943,0.0,4.0,FN,IDS 1
7944,0.0,4.0,FN,IDS 1
7945,0.0,4.0,FN,IDS 1
7946,0.0,4.0,FN,IDS 1
7947,0.0,4.0,FN,IDS 1
8390,0.0,4.0,FN,IDS 1
8391,0.0,4.0,FN,IDS 1
8392,0.0,4.0,FN,IDS 1
8395,0.0,4.0,FN,IDS 1
8397,0.0,4.0,FN,IDS 1
8399,0.0,4.0,FN,IDS 1
8400,0.0,4.0,FN,IDS 1
8403,0.0,4.0,FN,IDS 1
8404,0.0,4.0,FN,IDS 1
8405,0.0,4.0,FN,IDS 1
8408,0.0,4.0,FN,IDS 1
8409,0.0,4.0,FN,IDS 1
8410,0.0,4.0,FN,IDS 1
8411,0.0,4.0,FN,IDS 1
8412,0.0,4.0,FN,IDS 1
8413,0.0,4.0,FN,IDS 1
8414,0.0,4.0,FN,IDS 1
8415,0.0,4.0,FN,IDS 1
8416,0.0,4.0,FN,IDS 1
8417,0.0,4.0,FN,IDS 1
8418,0.0,4.0,FN,IDS 1
8419,0.0,4.0,FN,IDS 1
8420,0.0,4.0,FN,IDS 1
8421,0.0,4.0,FN,IDS 1
8422,0.0,4.0,FN,IDS 1
8424,0.0,4.0,FN,IDS 1
8425,0.0,4.0,FN,IDS 1
8455,0.0,4.0,FN,IDS 1
8858,0.0,4.0,FN,IDS 1
8859,0.0,4.0,FN,IDS 1
8860,0.0,4.0,FN,IDS 1
8861,0.0,4.0,FN,IDS 1
8862,0.0,4.0,FN,IDS 1
8863,0.0,4.0,FN,IDS 1
8865,0.0,4.0,FN,IDS 1
8866,0.0,4.0,FN,IDS 1
8867,0.0,4.0,FN,IDS 1
8868,0.0,4.0,FN,IDS 1
8870,0.0,4.0,FN,IDS 1
8871,0.0,4.0,FN,IDS 1
8875,0.0,4.0,FN,IDS 1
8878,0.0,4.0,FN,IDS 1
8879,0.0,4.0,FN,IDS 1
8880,0.0,4.0,FN,IDS 1
8882,0.0,4.0,FN,IDS 1
8884,0.0,4.0,FN,IDS 1
8885,0.0,4.0,FN,IDS 1
8886,0.0,4.0,FN,IDS 1
8887,0.0,4.0,FN,IDS 1
8889,0.0,4.0,FN,IDS 1
8890,0.0,4.0,FN,IDS 1
8892,1.0,4.0,FN,IDS 1
8893,0.0,4.0,FN,IDS 1
8894,0.0,4.0,FN,IDS 1
8895,0.0,4.0,FN,IDS 1
8896,0.0,4.0,FN,IDS 1
8897,0.0,4.0,FN,IDS 1
9126,0.0,4.0,FN,IDS 1
9127,0.0,4.0,FN,IDS 1
9129,0.0,4.0,FN,IDS 1
9131,0.0,4.0,FN,IDS 1
9132,0.0,4.0,FN,IDS 1
9134,0.0,4.0,FN,IDS 1
9135,0.0,4.0,FN,IDS 1
9136,0.0,4.0,FN,IDS 1
9137,0.0,4.0,FN,IDS 1
9138,0.0,4.0,FN,IDS 1
9139,0.0,4.0,FN,IDS 1
9140,0.0,4.0,FN,IDS 1
9142,0.0,4.0,FN,IDS 1
9143,0.0,4.0,FN,IDS 1
9144,0.0,4.0,FN,IDS 1
9145,0.0,4.0,FN,IDS 1
9146,0.0,4.0,FN,IDS 1
9148,0.0,4.0,FN,IDS 1
9150,0.0,4.0,FN,IDS 1
9152,0.0,4.0,FN,IDS 1
9153,0.0,4.0,FN,IDS 1
9154,0.0,4.0,FN,IDS 1
9155,0.0,4.0,FN,IDS 1
9156,0.0,4.0,FN,IDS 1
9157,0.0,4.0,FN,IDS 1
9158,0.0,4.0,FN,IDS 1
9160,0.0,4.0,FN,IDS 1
9161,0.0,4.0,FN,IDS 1
9162,0.0,4.0,FN,IDS 1
9164,0.0,4.0,FN,IDS 1
9165,0.0,4.0,FN,IDS 1
9166,0.0,4.0,FN,IDS 1
9167,0.0,4.0,FN,IDS 1
9170,0.0,4.0,FN,IDS 1
9171,0.0,4.0,FN,IDS 1
9172,0.0,4.0,FN,IDS 1
9173,0.0,4.0,FN,IDS 1
9920,0.0,4.0,FN,IDS 1
9921,5.0,4.0,FN,IDS 1
9922,0.0,4.0,FN,IDS 1
9923,0.0,4.0,FN,IDS 1
9924,0.0,4.0,FN,IDS 1
9925,0.0,4.0,FN,IDS 1
9926,0.0,4.0,FN,IDS 1
9929,0.0,4.0,FN,IDS 1
9931,0.0,4.0,FN,IDS 1
9932,0.0,4.0,FN,IDS 1
9933,0.0,4.0,FN,IDS 1
9934,0.0,4.0,FN,IDS 1
9935,0.0,4.0,FN,IDS 1
9937,0.0,4.0,FN,IDS 1
9938,0.0,4.0,FN,IDS 1
9939,0.0,4.0,FN,IDS 1
9940,0.0,4.0,FN,IDS 1
9941,0.0,4.0,FN,IDS 1
9942,0.0,4.0,FN,IDS 1
9943,0.0,4.0,FN,IDS 1
9944,0.0,4.0,FN,IDS 1
9974,0.0,4.0,FN,IDS 1
9975,0.0,4.0,FN,IDS 1
9976,0.0,4.0,FN,IDS 1
9977,0.0,4.0,FN,IDS 1
9978,0.0,4.0,FN,IDS 1
9980,0.0,4.0,FN,IDS 1
9982,0.0,4.0,FN,IDS 1
9984,0.0,4.0,FN,IDS 1
9985,0.0,4.0,FN,IDS 1
9986,0.0,4.0,FN,IDS 1
9987,0.0,4.0,FN,IDS 1
9989,0.0,4.0,FN,IDS 1
9990,0.0,4.0,FN,IDS 1
9991,0.0,4.0,FN,IDS 1
9995,0.0,4.0,FN,IDS 1
9996,0.0,4.0,FN,IDS 1
9997,0.0,4.0,FN,IDS 1
9998,0.0,0.0,VN,IDS 1
9999,0.0,0.0,VN,IDS 1
10001,0.0,0.0,VN,IDS 1
10003,0.0,0.0,VN,IDS 1
10140,0.0,0.0,VN,IDS 1
10144,0.0,0.0,VN,IDS 1
10146,0.0,0.0,VN,IDS 1
10147,0.0,0.0,VN,IDS 1
10152,0.0,0.0,VN,IDS 1
10153,0.0,0.0,VN,IDS 1
10154,0.0,0.0,VN,IDS 1
10156,0.0,0.0,VN,IDS 1
10157,0.0,0.0,VN,IDS 1
10158,0.0,0.0,VN,IDS 1
10159,0.0,0.0,VN,IDS 1
10160,0.0,0.0,VN,IDS 1
10161,0.0,0.0,VN,IDS 1
10163,0.0,0.0,VN,IDS 1
10165,0.0,0.0,VN,IDS 1
10166,0.0,0.0,VN,IDS 1
10168,0.0,0.0,VN,IDS 1
10169,0.0,0.0,VN,IDS 1
10171,0.0,0.0,VN,IDS 1
10207,0.0,0.0,VN,IDS 1
10208,0.0,0.0,VN,IDS 1
10210,0.0,0.0,VN,IDS 1
10212,0.0,0.0,VN,IDS 1
10213,0.0,0.0,VN,IDS 1
10473,0.0,0.0,VN,IDS 1
10474,0.0,0.0,VN,IDS 1
10475,0.0,0.0,VN,IDS 1
10477,0.0,0.0,VN,IDS 1
10514,0.0,0.0,VN,IDS 1
10516,0.0,0.0,VN,IDS 1
10517,0.0,0.0,VN,IDS 1
10518,0.0,0.0,VN,IDS 1
10519,0.0,0.0,VN,IDS 1
10520,0.0,0.0,VN,IDS 1
10522,0.0,0.0,VN,IDS 1
10523,0.0,0.0,VN,IDS 1
10524,0.0,0.0,VN,IDS 1
10525,0.0,0.0,VN,IDS 1
10526,0.0,0.0,VN,IDS 1
10527,0.0,0.0,VN,IDS 1
10528,0.0,0.0,VN,IDS 1
10529,0.0,0.0,VN,IDS 1
10531,0.0,0.0,VN,IDS 1
10533,0.0,0.0,VN,IDS 1
10534,0.0,0.0,VN,IDS 1
10535,0.0,0.0,VN,IDS 1
10536,0.0,0.0,VN,IDS 1
10538,0.0,0.0,VN,IDS 1
10539,0.0,0.0,VN,IDS 1
10542,0.0,0.0,VN,IDS 1
10663,0.0,0.0,VN,IDS 1
10664,0.0,0.0,VN,IDS 1
10724,0.0,0.0,VN,IDS 1
10757,0.0,0.0,VN,IDS 1
10758,0.0,0.0,VN,IDS 1
10760,0.0,0.0,VN,IDS 1
10764,0.0,0.0,VN,IDS 1
10765,0.0,0.0,VN,IDS 1
10766,0.0,0.0,VN,IDS 1
10767,0.0,0.0,VN,IDS 1
10769,0.0,0.0,VN,IDS 1
10770,0.0,0.0,VN,IDS 1
10771,0.0,0.0,VN,IDS 1
10772,1.0,0.0,FP,IDS 1
10773,1.0,0.0,FP,IDS 1
10774,0.0,0.0,VN,IDS 1
10775,0.0,0.0,VN,IDS 1
10776,0.0,0.0,VN,IDS 1
10777,0.0,0.0,VN,IDS 1
10779,0.0,0.0,VN,IDS 1
10781,0.0,0.0,VN,IDS 1
10782,0.0,0.0,VN,IDS 1
10785,0.0,0.0,VN,IDS 1
10789,0.0,0.0,VN,IDS 1
10822,0.0,0.0,VN,IDS 1
10823,0.0,0.0,VN,IDS 1
10825,0.0,0.0,VN,IDS 1
10826,0.0,0.0,VN,IDS 1
10827,0.0,0.0,VN,IDS 1
10833,0.0,0.0,VN,IDS 1
10835,0.0,0.0,VN,IDS 1
10838,1.0,0.0,FP,IDS 1
10840,0.0,0.0,VN,IDS 1
10841,0.0,0.0,VN,IDS 1
10842,0.0,0.0,VN,IDS 1
10844,0.0,0.0,VN,IDS 1
10845,0.0,0.0,VN,IDS 1
10853,0.0,0.0,VN,IDS 1
10854,0.0,0.0,VN,IDS 1
10855,0.0,0.0,VN,IDS 1
10856,0.0,0.0,VN,IDS 1
10857,0.0,0.0,VN,IDS 1
10859,0.0,0.0,VN,IDS 1
10861,0.0,0.0,VN,IDS 1
10862,0.0,0.0,VN,IDS 1
10864,0.0,0.0,VN,IDS 1
10865,0.0,0.0,VN,IDS 1
10866,0.0,0.0,VN,IDS 1
10867,0.0,0.0,VN,IDS 1
10868,0.0,0.0,VN,IDS 1
10869,0.0,0.0,VN,IDS 1
10870,0.0,0.0,VN,IDS 1
10871,0.0,0.0,VN,IDS 1
10873,0.0,0.0,VN,IDS 1
10875,0.0,0.0,VN,IDS 1
10876,0.0,0.0,VN,IDS 1
10878,0.0,0.0,VN,IDS 1
10882,0.0,0.0,VN,IDS 1
10883,0.0,0.0,VN,IDS 1
10884,1.0,0.0,FP,IDS 1
10886,0.0,0.0,VN,IDS 1
10887,0.0,0.0,VN,IDS 1
10888,0.0,0.0,VN,IDS 1
10890,0.0,0.0,VN,IDS 1
10894,0.0,0.0,VN,IDS 1
10895,0.0,0.0,VN,IDS 1
10896,0.0,0.0,VN,IDS 1
10898,0.0,0.0,VN,IDS 1
10899,0.0,0.0,VN,IDS 1
10902,0.0,0.0,VN,IDS 1
10905,0.0,0.0,VN,IDS 1
10906,0.0,0.0,VN,IDS 1
10907,0.0,0.0,VN,IDS 1
10908,0.0,0.0,VN,IDS 1
10911,0.0,0.0,VN,IDS 1
10912,0.0,0.0,VN,IDS 1
10913,0.0,0.0,VN,IDS 1
10916,0.0,0.0,VN,IDS 1
10918,0.0,0.0,VN,IDS 1
10920,0.0,0.0,VN,IDS 1
10921,0.0,0.0,VN,IDS 1
10922,0.0,0.0,VN,IDS 1
10923,0.0,0.0,VN,IDS 1
10924,0.0,0.0,VN,IDS 1
10925,0.0,0.0,VN,IDS 1
10926,0.0,0.0,VN,IDS 1
10927,0.0,0.0,VN,IDS 1
10928,0.0,0.0,VN,IDS 1
10929,0.0,0.0,VN,IDS 1
10930,0.0,0.0,VN,IDS 1
9863,0.0,4.0,FN,IDS 1
9864,0.0,4.0,FN,IDS 1
9865,0.0,4.0,FN,IDS 1
9866,0.0,4.0,FN,IDS 1
9867,0.0,4.0,FN,IDS 1
9868,0.0,4.0,FN,IDS 1
9869,0.0,4.0,FN,IDS 1
9870,0.0,4.0,FN,IDS 1
9871,0.0,4.0,FN,IDS 1
9872,0.0,4.0,FN,IDS 1
9873,0.0,4.0,FN,IDS 1
9874,0.0,4.0,FN,IDS 1
9876,0.0,4.0,FN,IDS 1
9877,0.0,4.0,FN,IDS 1
9878,0.0,4.0,FN,IDS 1
9879,1.0,4.0,FN,IDS 1
9881,0.0,4.0,FN,IDS 1
9882,0.0,4.0,FN,IDS 1
9883,0.0,4.0,FN,IDS 1
9915,0.0,4.0,FN,IDS 1
9918,0.0,4.0,FN,IDS 1
10316,0.0,0.0,VN,IDS 1
10318,0.0,0.0,VN,IDS 1
10319,0.0,0.0,VN,IDS 1
10320,0.0,0.0,VN,IDS 1
10321,0.0,0.0,VN,IDS 1
10323,0.0,0.0,VN,IDS 1
10324,0.0,0.0,VN,IDS 1
10325,0.0,0.0,VN,IDS 1
10326,0.0,0.0,VN,IDS 1
10328,0.0,0.0,VN,IDS 1
10329,1.0,0.0,FP,IDS 1
10333,0.0,0.0,VN,IDS 1
10339,0.0,0.0,VN,IDS 1
10340,0.0,0.0,VN,IDS 1
10343,0.0,0.0,VN,IDS 1
10344,0.0,0.0,VN,IDS 1
10346,0.0,0.0,VN,IDS 1
10348,0.0,0.0,VN,IDS 1
10388,0.0,0.0,VN,IDS 1
10389,0.0,0.0,VN,IDS 1
10390,0.0,0.0,VN,IDS 1
10391,0.0,0.0,VN,IDS 1
10392,0.0,0.0,VN,IDS 1
10393,0.0,0.0,VN,IDS 1
10394,0.0,0.0,VN,IDS 1
10396,0.0,0.0,VN,IDS 1
10397,0.0,0.0,VN,IDS 1
10398,0.0,0.0,VN,IDS 1
10399,0.0,0.0,VN,IDS 1
10401,0.0,0.0,VN,IDS 1
10402,0.0,0.0,VN,IDS 1
10403,0.0,0.0,VN,IDS 1
10404,0.0,0.0,VN,IDS 1
10405,0.0,0.0,VN,IDS 1
10406,0.0,0.0,VN,IDS 1
10408,0.0,0.0,VN,IDS 1
10931,0.0,0.0,VN,IDS 1
11201,0.0,0.0,VN,IDS 1
11204,0.0,0.0,VN,IDS 1
11205,0.0,0.0,VN,IDS 1
11207,0.0,0.0,VN,IDS 1
11208,0.0,0.0,VN,IDS 1
11209,0.0,0.0,VN,IDS 1
11210,0.0,0.0,VN,IDS 1
11214,0.0,0.0,VN,IDS 1
11219,0.0,0.0,VN,IDS 1
11220,0.0,0.0,VN,IDS 1
11222,0.0,0.0,VN,IDS 1
11223,0.0,0.0,VN,IDS 1
11224,0.0,0.0,VN,IDS 1
11225,0.0,0.0,VN,IDS 1
11229,0.0,0.0,VN,IDS 1
11230,0.0,0.0,VN,IDS 1
11232,0.0,0.0,VN,IDS 1
11233,0.0,0.0,VN,IDS 1
11234,0.0,0.0,VN,IDS 1
11238,0.0,0.0,VN,IDS 1
11239,0.0,0.0,VN,IDS 1
11240,0.0,0.0,VN,IDS 1
11242,0.0,0.0,VN,IDS 1
11244,0.0,0.0,VN,IDS 1
11245,0.0,0.0,VN,IDS 1
11246,0.0,0.0,VN,IDS 1
11248,0.0,0.0,VN,IDS 1
11249,0.0,0.0,VN,IDS 1
11250,0.0,0.0,VN,IDS 1
11251,0.0,0.0,VN,IDS 1
11252,0.0,0.0,VN,IDS 1
11253,0.0,0.0,VN,IDS 1
11254,0.0,0.0,VN,IDS 1
11255,0.0,0.0,VN,IDS 1
11257,0.0,0.0,VN,IDS 1
12756,0.0,0.0,VN,IDS 1
12757,0.0,0.0,VN,IDS 1
12758,0.0,0.0,VN,IDS 1
12759,0.0,0.0,VN,IDS 1
12761,0.0,0.0,VN,IDS 1
12763,0.0,0.0,VN,IDS 1
12764,0.0,0.0,VN,IDS 1
12766,0.0,0.0,VN,IDS 1
12767,0.0,0.0,VN,IDS 1
12768,0.0,0.0,VN,IDS 1
12769,0.0,0.0,VN,IDS 1
12770,0.0,0.0,VN,IDS 1
12775,0.0,0.0,VN,IDS 1
12807,0.0,0.0,VN,IDS 1
12808,0.0,0.0,VN,IDS 1
12809,0.0,0.0,VN,IDS 1
12810,0.0,0.0,VN,IDS 1
12811,0.0,0.0,VN,IDS 1
12812,0.0,0.0,VN,IDS 1
12813,0.0,0.0,VN,IDS 1
12814,0.0,0.0,VN,IDS 1
12815,0.0,0.0,VN,IDS 1
12816,0.0,0.0,VN,IDS 1
12817,0.0,0.0,VN,IDS 1
12820,0.0,0.0,VN,IDS 1
12822,0.0,0.0,VN,IDS 1
12823,0.0,0.0,VN,IDS 1
12824,0.0,0.0,VN,IDS 1
12826,0.0,0.0,VN,IDS 1
12827,0.0,0.0,VN,IDS 1
12830,0.0,0.0,VN,IDS 1
12832,0.0,0.0,VN,IDS 1
12834,0.0,0.0,VN,IDS 1
12835,0.0,0.0,VN,IDS 1
12836,0.0,0.0,VN,IDS 1
12837,0.0,0.0,VN,IDS 1
12838,0.0,0.0,VN,IDS 1
13140,0.0,0.0,VN,IDS 1
13172,0.0,0.0,VN,IDS 1
13173,0.0,0.0,VN,IDS 1
13174,0.0,0.0,VN,IDS 1
12733,0.0,0.0,VN,IDS 1
12735,0.0,0.0,VN,IDS 1
12740,0.0,0.0,VN,IDS 1
12741,0.0,0.0,VN,IDS 1
12742,0.0,0.0,VN,IDS 1
12744,0.0,0.0,VN,IDS 1
12745,0.0,0.0,VN,IDS 1
12965,0.0,0.0,VN,IDS 1
12966,0.0,0.0,VN,IDS 1
12967,0.0,0.0,VN,IDS 1
12968,0.0,0.0,VN,IDS 1
12969,0.0,0.0,VN,IDS 1
12970,0.0,0.0,VN,IDS 1
12971,0.0,0.0,VN,IDS 1
12972,0.0,0.0,VN,IDS 1
12973,0.0,0.0,VN,IDS 1
12974,0.0,0.0,VN,IDS 1
12975,0.0,0.0,VN,IDS 1
12978,0.0,0.0,VN,IDS 1
12980,0.0,0.0,VN,IDS 1
12981,0.0,0.0,VN,IDS 1
12982,0.0,0.0,VN,IDS 1
12983,0.0,0.0,VN,IDS 1
12985,0.0,0.0,VN,IDS 1
12986,1.0,0.0,FP,IDS 1
12988,0.0,0.0,VN,IDS 1
12989,0.0,0.0,VN,IDS 1
12992,0.0,0.0,VN,IDS 1
12993,0.0,0.0,VN,IDS 1
12996,0.0,0.0,VN,IDS 1
12997,0.0,0.0,VN,IDS 1
12998,0.0,0.0,VN,IDS 1
13230,0.0,0.0,VN,IDS 1
13231,0.0,0.0,VN,IDS 1
13232,0.0,0.0,VN,IDS 1
13233,0.0,0.0,VN,IDS 1
13234,0.0,0.0,VN,IDS 1
13235,0.0,0.0,VN,IDS 1
13270,0.0,0.0,VN,IDS 1
13271,0.0,0.0,VN,IDS 1
13272,1.0,0.0,FP,IDS 1
13275,0.0,0.0,VN,IDS 1
13276,0.0,0.0,VN,IDS 1
13278,0.0,0.0,VN,IDS 1
13279,0.0,0.0,VN,IDS 1
13284,0.0,0.0,VN,IDS 1
13285,0.0,0.0,VN,IDS 1
13286,0.0,0.0,VN,IDS 1
13287,0.0,0.0,VN,IDS 1
13288,0.0,0.0,VN,IDS 1
13290,0.0,0.0,VN,IDS 1
13295,0.0,0.0,VN,IDS 1
13296,0.0,0.0,VN,IDS 1
13297,0.0,0.0,VN,IDS 1
13299,1.0,0.0,FP,IDS 1
13302,0.0,0.0,VN,IDS 1
13303,0.0,0.0,VN,IDS 1
13305,0.0,0.0,VN,IDS 1
13306,0.0,0.0,VN,IDS 1
13517,0.0,0.0,VN,IDS 1
13518,0.0,0.0,VN,IDS 1
13520,0.0,0.0,VN,IDS 1
13521,0.0,0.0,VN,IDS 1
13522,0.0,0.0,VN,IDS 1
13523,0.0,0.0,VN,IDS 1
13524,0.0,0.0,VN,IDS 1
13525,0.0,0.0,VN,IDS 1
13526,0.0,0.0,VN,IDS 1
13527,0.0,0.0,VN,IDS 1
13528,0.0,0.0,VN,IDS 1
13530,0.0,0.0,VN,IDS 1
13532,0.0,0.0,VN,IDS 1
13533,0.0,0.0,VN,IDS 1
13535,0.0,0.0,VN,IDS 1
13536,0.0,0.0,VN,IDS 1
13537,0.0,0.0,VN,IDS 1
13538,0.0,0.0,VN,IDS 1
13540,0.0,0.0,VN,IDS 1
13541,0.0,0.0,VN,IDS 1
13542,0.0,0.0,VN,IDS 1
13543,0.0,0.0,VN,IDS 1
13545,0.0,0.0,VN,IDS 1
13546,0.0,0.0,VN,IDS 1
13547,0.0,0.0,VN,IDS 1
13548,0.0,0.0,VN,IDS 1
13549,0.0,0.0,VN,IDS 1
13550,0.0,0.0,VN,IDS 1
13551,0.0,0.0,VN,IDS 1
13553,0.0,0.0,VN,IDS 1
13554,0.0,0.0,VN,IDS 1
13556,0.0,0.0,VN,IDS 1
13562,0.0,0.0,VN,IDS 1
13563,0.0,0.0,VN,IDS 1
13568,0.0,0.0,VN,IDS 1
13571,1.0,0.0,FP,IDS 1
13572,0.0,0.0,VN,IDS 1
13575,0.0,0.0,VN,IDS 1
13576,0.0,0.0,VN,IDS 1
13577,0.0,0.0,VN,IDS 1
13580,0.0,0.0,VN,IDS 1
13581,0.0,0.0,VN,IDS 1
13583,0.0,0.0,VN,IDS 1
13585,0.0,0.0,VN,IDS 1
13588,0.0,0.0,VN,IDS 1
13591,0.0,0.0,VN,IDS 1
13593,0.0,0.0,VN,IDS 1
13595,0.0,0.0,VN,IDS 1
13597,0.0,0.0,VN,IDS 1
13736,0.0,0.0,VN,IDS 1
13737,0.0,0.0,VN,IDS 1
13738,0.0,0.0,VN,IDS 1
13741,0.0,0.0,VN,IDS 1
13742,0.0,0.0,VN,IDS 1
13743,0.0,0.0,VN,IDS 1
13744,1.0,0.0,FP,IDS 1
10409,0.0,0.0,VN,IDS 1
10410,0.0,0.0,VN,IDS 1
10411,0.0,0.0,VN,IDS 1
10412,0.0,0.0,VN,IDS 1
10446,0.0,0.0,VN,IDS 1
10448,0.0,0.0,VN,IDS 1
10450,0.0,0.0,VN,IDS 1
10451,0.0,0.0,VN,IDS 1
10453,0.0,0.0,VN,IDS 1
10455,0.0,0.0,VN,IDS 1
10456,1.0,0.0,FP,IDS 1
10458,0.0,0.0,VN,IDS 1
10460,0.0,0.0,VN,IDS 1
10462,0.0,0.0,VN,IDS 1
10465,0.0,0.0,VN,IDS 1
10466,0.0,0.0,VN,IDS 1
10467,0.0,0.0,VN,IDS 1
10468,0.0,0.0,VN,IDS 1
10469,0.0,0.0,VN,IDS 1
10470,0.0,0.0,VN,IDS 1
10471,0.0,0.0,VN,IDS 1
10665,0.0,0.0,VN,IDS 1
10666,0.0,0.0,VN,IDS 1
10667,0.0,0.0,VN,IDS 1
10668,0.0,0.0,VN,IDS 1
10670,0.0,0.0,VN,IDS 1
10673,0.0,0.0,VN,IDS 1
10676,0.0,0.0,VN,IDS 1
10677,0.0,0.0,VN,IDS 1
10678,0.0,0.0,VN,IDS 1
10679,0.0,0.0,VN,IDS 1
10680,0.0,0.0,VN,IDS 1
10682,0.0,0.0,VN,IDS 1
10683,0.0,0.0,VN,IDS 1
10684,0.0,0.0,VN,IDS 1
10686,0.0,0.0,VN,IDS 1
10687,0.0,0.0,VN,IDS 1
10689,0.0,0.0,VN,IDS 1
10691,0.0,0.0,VN,IDS 1
10692,0.0,0.0,VN,IDS 1
10696,0.0,0.0,VN,IDS 1
10697,0.0,0.0,VN,IDS 1
10699,0.0,0.0,VN,IDS 1
10701,1.0,0.0,FP,IDS 1
10704,1.0,0.0,FP,IDS 1
10705,0.0,0.0,VN,IDS 1
10708,0.0,0.0,VN,IDS 1
10709,0.0,0.0,VN,IDS 1
10710,0.0,0.0,VN,IDS 1
10711,0.0,0.0,VN,IDS 1
10712,0.0,0.0,VN,IDS 1
10713,0.0,0.0,VN,IDS 1
10714,0.0,0.0,VN,IDS 1
10715,0.0,0.0,VN,IDS 1
10716,0.0,0.0,VN,IDS 1
10717,1.0,0.0,FP,IDS 1
10718,0.0,0.0,VN,IDS 1
10720,0.0,0.0,VN,IDS 1
10721,0.0,0.0,VN,IDS 1
10723,0.0,0.0,VN,IDS 1
11260,0.0,0.0,VN,IDS 1
11261,0.0,0.0,VN,IDS 1
11263,0.0,0.0,VN,IDS 1
11265,0.0,0.0,VN,IDS 1
11267,0.0,0.0,VN,IDS 1
11551,0.0,0.0,VN,IDS 1
11552,1.0,0.0,FP,IDS 1
11553,0.0,0.0,VN,IDS 1
11554,0.0,0.0,VN,IDS 1
11555,0.0,0.0,VN,IDS 1
11556,0.0,0.0,VN,IDS 1
11557,0.0,0.0,VN,IDS 1
11558,0.0,0.0,VN,IDS 1
11560,0.0,0.0,VN,IDS 1
11561,0.0,0.0,VN,IDS 1
11562,0.0,0.0,VN,IDS 1
11563,0.0,0.0,VN,IDS 1
11564,0.0,0.0,VN,IDS 1
11565,0.0,0.0,VN,IDS 1
11566,0.0,0.0,VN,IDS 1
11568,0.0,0.0,VN,IDS 1
11569,0.0,0.0,VN,IDS 1
11570,0.0,0.0,VN,IDS 1
11571,0.0,0.0,VN,IDS 1
11572,0.0,0.0,VN,IDS 1
11573,0.0,0.0,VN,IDS 1
11574,0.0,0.0,VN,IDS 1
11575,0.0,0.0,VN,IDS 1
11576,0.0,0.0,VN,IDS 1
11756,0.0,0.0,VN,IDS 1
11757,0.0,0.0,VN,IDS 1
11758,0.0,0.0,VN,IDS 1
11759,0.0,0.0,VN,IDS 1
11761,0.0,0.0,VN,IDS 1
11763,0.0,0.0,VN,IDS 1
11764,0.0,0.0,VN,IDS 1
11765,0.0,0.0,VN,IDS 1
11766,0.0,0.0,VN,IDS 1
11767,0.0,0.0,VN,IDS 1
11768,0.0,0.0,VN,IDS 1
11769,0.0,0.0,VN,IDS 1
11770,0.0,0.0,VN,IDS 1
11867,0.0,0.0,VN,IDS 1
11868,0.0,0.0,VN,IDS 1
11869,0.0,0.0,VN,IDS 1
11870,0.0,0.0,VN,IDS 1
11872,0.0,0.0,VN,IDS 1
11873,0.0,0.0,VN,IDS 1
11874,0.0,0.0,VN,IDS 1
11875,0.0,0.0,VN,IDS 1
11876,0.0,0.0,VN,IDS 1
11879,0.0,0.0,VN,IDS 1
11883,0.0,0.0,VN,IDS 1
11886,0.0,0.0,VN,IDS 1
11887,0.0,0.0,VN,IDS 1
11888,0.0,0.0,VN,IDS 1
11889,0.0,0.0,VN,IDS 1
11890,1.0,0.0,FP,IDS 1
11891,0.0,0.0,VN,IDS 1
11892,0.0,0.0,VN,IDS 1
11893,0.0,0.0,VN,IDS 1
11897,0.0,0.0,VN,IDS 1
11899,0.0,0.0,VN,IDS 1
12103,0.0,0.0,VN,IDS 1
12105,0.0,0.0,VN,IDS 1
12106,0.0,0.0,VN,IDS 1
12108,0.0,0.0,VN,IDS 1
12110,0.0,0.0,VN,IDS 1
12111,0.0,0.0,VN,IDS 1
12112,0.0,0.0,VN,IDS 1
12114,0.0,0.0,VN,IDS 1
12116,0.0,0.0,VN,IDS 1
12118,0.0,0.0,VN,IDS 1
12119,0.0,0.0,VN,IDS 1
12123,0.0,0.0,VN,IDS 1
12126,0.0,0.0,VN,IDS 1
12127,0.0,0.0,VN,IDS 1
12129,1.0,0.0,FP,IDS 1
12130,0.0,0.0,VN,IDS 1
12134,0.0,0.0,VN,IDS 1
12137,0.0,0.0,VN,IDS 1
12138,0.0,0.0,VN,IDS 1
12139,0.0,0.0,VN,IDS 1
12143,0.0,0.0,VN,IDS 1
12144,0.0,0.0,VN,IDS 1
12145,0.0,0.0,VN,IDS 1
12146,0.0,0.0,VN,IDS 1
12148,0.0,0.0,VN,IDS 1
12149,0.0,0.0,VN,IDS 1
12150,0.0,0.0,VN,IDS 1
12152,0.0,0.0,VN,IDS 1
12226,0.0,0.0,VN,IDS 1
12227,0.0,0.0,VN,IDS 1
12322,0.0,0.0,VN,IDS 1
12323,0.0,0.0,VN,IDS 1
12324,0.0,0.0,VN,IDS 1
12325,0.0,0.0,VN,IDS 1
12326,0.0,0.0,VN,IDS 1
12327,0.0,0.0,VN,IDS 1
12592,0.0,0.0,VN,IDS 1
12593,0.0,0.0,VN,IDS 1
12594,0.0,0.0,VN,IDS 1
12595,0.0,0.0,VN,IDS 1
12596,0.0,0.0,VN,IDS 1
12598,0.0,0.0,VN,IDS 1
12599,0.0,0.0,VN,IDS 1
12600,0.0,0.0,VN,IDS 1
12601,0.0,0.0,VN,IDS 1
12602,0.0,0.0,VN,IDS 1
12603,0.0,0.0,VN,IDS 1
12604,0.0,0.0,VN,IDS 1
12606,0.0,0.0,VN,IDS 1
12607,0.0,0.0,VN,IDS 1
12609,0.0,0.0,VN,IDS 1
12611,0.0,0.0,VN,IDS 1
12612,0.0,0.0,VN,IDS 1
12614,0.0,0.0,VN,IDS 1
12616,0.0,0.0,VN,IDS 1
12618,0.0,0.0,VN,IDS 1
12619,0.0,0.0,VN,IDS 1
12620,0.0,0.0,VN,IDS 1
12746,0.0,0.0,VN,IDS 1
12747,0.0,0.0,VN,IDS 1
12749,0.0,0.0,VN,IDS 1
12750,0.0,0.0,VN,IDS 1
12751,0.0,0.0,VN,IDS 1
12752,0.0,0.0,VN,IDS 1
12753,0.0,0.0,VN,IDS 1
12754,0.0,0.0,VN,IDS 1
13599,0.0,0.0,VN,IDS 1
13632,0.0,0.0,VN,IDS 1
13633,0.0,0.0,VN,IDS 1
13634,0.0,0.0,VN,IDS 1
13635,0.0,0.0,VN,IDS 1
13636,1.0,0.0,FP,IDS 1
13637,0.0,0.0,VN,IDS 1
13638,0.0,0.0,VN,IDS 1
13639,0.0,0.0,VN,IDS 1
13640,0.0,0.0,VN,IDS 1
13641,0.0,0.0,VN,IDS 1
13643,0.0,0.0,VN,IDS 1
13644,0.0,0.0,VN,IDS 1
13645,0.0,0.0,VN,IDS 1
13647,0.0,0.0,VN,IDS 1
13648,0.0,0.0,VN,IDS 1
13650,0.0,0.0,VN,IDS 1
13651,0.0,0.0,VN,IDS 1
13652,0.0,0.0,VN,IDS 1
13653,0.0,0.0,VN,IDS 1
13654,0.0,0.0,VN,IDS 1
13655,0.0,0.0,VN,IDS 1
13656,0.0,0.0,VN,IDS 1
13657,0.0,0.0,VN,IDS 1
13658,0.0,0.0,VN,IDS 1
13730,0.0,0.0,VN,IDS 1
13731,0.0,0.0,VN,IDS 1
13732,0.0,0.0,VN,IDS 1
13733,0.0,0.0,VN,IDS 1
13734,0.0,0.0,VN,IDS 1
13735,0.0,0.0,VN,IDS 1
14238,0.0,0.0,VN,IDS 1
14239,0.0,0.0,VN,IDS 1
14240,0.0,0.0,VN,IDS 1
14241,0.0,0.0,VN,IDS 1
14242,0.0,0.0,VN,IDS 1
14243,0.0,0.0,VN,IDS 1
14244,0.0,0.0,VN,IDS 1
14245,0.0,0.0,VN,IDS 1
14246,0.0,0.0,VN,IDS 1
14247,0.0,0.0,VN,IDS 1
14248,0.0,0.0,VN,IDS 1
14250,0.0,0.0,VN,IDS 1
14251,0.0,0.0,VN,IDS 1
14253,0.0,0.0,VN,IDS 1
14254,0.0,0.0,VN,IDS 1
14255,0.0,0.0,VN,IDS 1
14256,0.0,0.0,VN,IDS 1
14259,0.0,0.0,VN,IDS 1
14260,0.0,0.0,VN,IDS 1
14397,0.0,0.0,VN,IDS 1
14399,0.0,0.0,VN,IDS 1
14645,0.0,0.0,VN,IDS 1
14646,0.0,0.0,VN,IDS 1
14647,0.0,0.0,VN,IDS 1
14648,0.0,0.0,VN,IDS 1
14649,0.0,0.0,VN,IDS 1
14759,0.0,0.0,VN,IDS 1
14760,0.0,0.0,VN,IDS 1
14761,0.0,0.0,VN,IDS 1
14762,0.0,0.0,VN,IDS 1
13175,0.0,0.0,VN,IDS 1
13176,0.0,0.0,VN,IDS 1
13177,0.0,0.0,VN,IDS 1
13178,1.0,0.0,FP,IDS 1
13179,0.0,0.0,VN,IDS 1
13180,0.0,0.0,VN,IDS 1
13181,0.0,0.0,VN,IDS 1
13186,0.0,0.0,VN,IDS 1
14796,0.0,0.0,VN,IDS 1
14797,0.0,0.0,VN,IDS 1
14800,0.0,0.0,VN,IDS 1
14801,0.0,0.0,VN,IDS 1
14802,0.0,0.0,VN,IDS 1
14803,0.0,0.0,VN,IDS 1
14804,0.0,0.0,VN,IDS 1
14806,0.0,0.0,VN,IDS 1
14808,0.0,0.0,VN,IDS 1
14811,0.0,0.0,VN,IDS 1
14813,0.0,0.0,VN,IDS 1
14814,0.0,0.0,VN,IDS 1
14817,0.0,0.0,VN,IDS 1
14820,0.0,0.0,VN,IDS 1
14821,0.0,0.0,VN,IDS 1
14853,0.0,0.0,VN,IDS 1
14855,0.0,0.0,VN,IDS 1
14856,0.0,0.0,VN,IDS 1
14858,0.0,0.0,VN,IDS 1
14859,1.0,0.0,FP,IDS 1
14862,0.0,0.0,VN,IDS 1
14863,0.0,0.0,VN,IDS 1
14864,0.0,0.0,VN,IDS 1
14868,0.0,0.0,VN,IDS 1
14869,0.0,0.0,VN,IDS 1
14870,0.0,0.0,VN,IDS 1
14871,0.0,0.0,VN,IDS 1
14872,0.0,0.0,VN,IDS 1
14873,0.0,0.0,VN,IDS 1
14874,0.0,0.0,VN,IDS 1
14876,0.0,0.0,VN,IDS 1
14878,0.0,0.0,VN,IDS 1
14879,0.0,0.0,VN,IDS 1
14880,0.0,0.0,VN,IDS 1
14881,0.0,0.0,VN,IDS 1
14883,0.0,0.0,VN,IDS 1
14959,0.0,0.0,VN,IDS 1
14960,0.0,0.0,VN,IDS 1
14961,0.0,0.0,VN,IDS 1
14964,0.0,0.0,VN,IDS 1
14965,0.0,0.0,VN,IDS 1
14966,0.0,0.0,VN,IDS 1
15251,1.0,1.0,VP,IDS 1
15252,1.0,1.0,VP,IDS 1
15253,1.0,1.0,VP,IDS 1
15255,1.0,1.0,VP,IDS 1
15256,1.0,1.0,VP,IDS 1
15257,1.0,1.0,VP,IDS 1
15258,0.0,1.0,FN,IDS 1
15259,1.0,1.0,VP,IDS 1
15260,1.0,1.0,VP,IDS 1
15266,1.0,1.0,VP,IDS 1
15267,0.0,1.0,FN,IDS 1
15268,1.0,1.0,VP,IDS 1
15316,1.0,1.0,VP,IDS 1
15317,0.0,1.0,FN,IDS 1
15319,1.0,1.0,VP,IDS 1
15321,1.0,1.0,VP,IDS 1
15322,0.0,1.0,FN,IDS 1
15323,1.0,1.0,VP,IDS 1
15324,1.0,1.0,VP,IDS 1
15325,1.0,1.0,VP,IDS 1
15327,1.0,1.0,VP,IDS 1
16554,0.0,1.0,FN,IDS 1
16555,1.0,1.0,VP,IDS 1
16560,0.0,1.0,FN,IDS 1
16561,1.0,1.0,VP,IDS 1
16564,0.0,1.0,FN,IDS 1
16566,1.0,1.0,VP,IDS 1
16567,1.0,1.0,VP,IDS 1
16568,1.0,1.0,VP,IDS 1
16569,1.0,1.0,VP,IDS 1
16570,0.0,1.0,FN,IDS 1
16610,1.0,1.0,VP,IDS 1
16611,1.0,1.0,VP,IDS 1
16614,1.0,1.0,VP,IDS 1
16615,1.0,1.0,VP,IDS 1
16616,1.0,1.0,VP,IDS 1
16617,0.0,1.0,FN,IDS 1
16618,1.0,1.0,VP,IDS 1
16619,1.0,1.0,VP,IDS 1
16622,1.0,1.0,VP,IDS 1
16623,1.0,1.0,VP,IDS 1
16624,0.0,1.0,FN,IDS 1
16625,1.0,1.0,VP,IDS 1
16626,1.0,1.0,VP,IDS 1
16630,1.0,1.0,VP,IDS 1
16678,0.0,1.0,FN,IDS 1
16680,0.0,1.0,FN,IDS 1
16681,0.0,1.0,FN,IDS 1
16682,0.0,1.0,FN,IDS 1
16683,1.0,1.0,VP,IDS 1
16684,1.0,1.0,VP,IDS 1
16686,1.0,1.0,VP,IDS 1
16687,1.0,1.0,VP,IDS 1
16688,0.0,1.0,FN,IDS 1
16689,0.0,1.0,FN,IDS 1
16690,1.0,1.0,VP,IDS 1
16692,0.0,1.0,FN,IDS 1
16693,1.0,1.0,VP,IDS 1
16694,1.0,1.0,VP,IDS 1
16695,1.0,1.0,VP,IDS 1
16696,1.0,1.0,VP,IDS 1
16701,1.0,1.0,VP,IDS 1
16703,1.0,1.0,VP,IDS 1
16704,0.0,1.0,FN,IDS 1
16705,0.0,1.0,FN,IDS 1
16742,1.0,1.0,VP,IDS 1
16743,0.0,1.0,FN,IDS 1
16869,1.0,1.0,VP,IDS 1
16871,0.0,1.0,FN,IDS 1
16872,1.0,1.0,VP,IDS 1
16874,1.0,1.0,VP,IDS 1
16876,1.0,1.0,VP,IDS 1
16877,1.0,1.0,VP,IDS 1
16879,0.0,1.0,FN,IDS 1
16880,1.0,1.0,VP,IDS 1
16882,0.0,1.0,FN,IDS 1
16883,1.0,1.0,VP,IDS 1
16884,1.0,1.0,VP,IDS 1
16885,1.0,1.0,VP,IDS 1
16886,0.0,1.0,FN,IDS 1
16888,1.0,1.0,VP,IDS 1
16889,0.0,1.0,FN,IDS 1
16890,1.0,1.0,VP,IDS 1
16891,1.0,1.0,VP,IDS 1
16893,1.0,1.0,VP,IDS 1
16894,1.0,1.0,VP,IDS 1
17037,1.0,1.0,VP,IDS 1
12925,0.0,0.0,VN,IDS 1
12926,0.0,0.0,VN,IDS 1
12928,0.0,0.0,VN,IDS 1
12929,0.0,0.0,VN,IDS 1
12931,0.0,0.0,VN,IDS 1
12932,0.0,0.0,VN,IDS 1
12933,0.0,0.0,VN,IDS 1
12935,0.0,0.0,VN,IDS 1
12936,0.0,0.0,VN,IDS 1
12937,0.0,0.0,VN,IDS 1
12940,0.0,0.0,VN,IDS 1
12941,0.0,0.0,VN,IDS 1
12945,0.0,0.0,VN,IDS 1
12947,0.0,0.0,VN,IDS 1
12948,0.0,0.0,VN,IDS 1
12949,0.0,0.0,VN,IDS 1
12950,0.0,0.0,VN,IDS 1
12952,0.0,0.0,VN,IDS 1
12953,0.0,0.0,VN,IDS 1
12955,0.0,0.0,VN,IDS 1
12956,0.0,0.0,VN,IDS 1
12957,0.0,0.0,VN,IDS 1
13095,0.0,0.0,VN,IDS 1
13097,0.0,0.0,VN,IDS 1
13098,0.0,0.0,VN,IDS 1
13099,0.0,0.0,VN,IDS 1
13100,0.0,0.0,VN,IDS 1
13101,0.0,0.0,VN,IDS 1
13102,0.0,0.0,VN,IDS 1
13104,0.0,0.0,VN,IDS 1
13105,0.0,0.0,VN,IDS 1
13106,0.0,0.0,VN,IDS 1
13108,0.0,0.0,VN,IDS 1
13109,0.0,0.0,VN,IDS 1
13143,0.0,0.0,VN,IDS 1
13145,0.0,0.0,VN,IDS 1
13146,0.0,0.0,VN,IDS 1
13147,0.0,0.0,VN,IDS 1
13148,0.0,0.0,VN,IDS 1
13150,0.0,0.0,VN,IDS 1
13152,0.0,0.0,VN,IDS 1
17820,2.0,2.0,VP,IDS 1
17821,2.0,2.0,VP,IDS 1
17822,2.0,2.0,VP,IDS 1
17823,2.0,2.0,VP,IDS 1
17824,2.0,2.0,VP,IDS 1
17825,2.0,2.0,VP,IDS 1
17826,2.0,2.0,VP,IDS 1
17827,2.0,2.0,VP,IDS 1
17828,2.0,2.0,VP,IDS 1
17829,2.0,2.0,VP,IDS 1
17830,2.0,2.0,VP,IDS 1
17831,2.0,2.0,VP,IDS 1
17832,2.0,2.0,VP,IDS 1
17833,2.0,2.0,VP,IDS 1
17834,2.0,2.0,VP,IDS 1
17894,2.0,2.0,VP,IDS 1
17895,2.0,2.0,VP,IDS 1
17896,2.0,2.0,VP,IDS 1
17897,2.0,2.0,VP,IDS 1
17898,2.0,2.0,VP,IDS 1
17899,2.0,2.0,VP,IDS 1
17900,2.0,2.0,VP,IDS 1
17901,2.0,2.0,VP,IDS 1
17902,2.0,2.0,VP,IDS 1
17903,2.0,2.0,VP,IDS 1
17905,2.0,2.0,VP,IDS 1
17906,2.0,2.0,VP,IDS 1
17907,2.0,2.0,VP,IDS 1
17909,2.0,2.0,VP,IDS 1
17910,2.0,2.0,VP,IDS 1
17911,2.0,2.0,VP,IDS 1
17912,2.0,2.0,VP,IDS 1
17913,2.0,2.0,VP,IDS 1
17914,2.0,2.0,VP,IDS 1
17916,2.0,2.0,VP,IDS 1
17917,2.0,2.0,VP,IDS 1
17918,2.0,2.0,VP,IDS 1
17998,2.0,2.0,VP,IDS 1
17999,2.0,2.0,VP,IDS 1
18000,2.0,2.0,VP,IDS 1
18001,2.0,2.0,VP,IDS 1
18002,2.0,2.0,VP,IDS 1
18004,2.0,2.0,VP,IDS 1
18005,2.0,2.0,VP,IDS 1
18006,2.0,2.0,VP,IDS 1
18007,2.0,2.0,VP,IDS 1
18008,2.0,2.0,VP,IDS 1
18009,2.0,2.0,VP,IDS 1
18010,2.0,2.0,VP,IDS 1
18011,2.0,2.0,VP,IDS 1
18014,2.0,2.0,VP,IDS 1
18015,2.0,2.0,VP,IDS 1
18016,2.0,2.0,VP,IDS 1
18017,2.0,2.0,VP,IDS 1
18018,2.0,2.0,VP,IDS 1
18019,2.0,2.0,VP,IDS 1
18020,2.0,2.0,VP,IDS 1
18021,2.0,2.0,VP,IDS 1
17218,0.0,1.0,FN,IDS 1
17221,0.0,1.0,FN,IDS 1
17225,0.0,1.0,FN,IDS 1
17226,0.0,1.0,FN,IDS 1
17227,1.0,1.0,VP,IDS 1
17229,0.0,1.0,FN,IDS 1
17232,1.0,1.0,VP,IDS 1
17233,1.0,1.0,VP,IDS 1
17234,1.0,1.0,VP,IDS 1
17235,0.0,1.0,FN,IDS 1
17236,1.0,1.0,VP,IDS 1
17238,1.0,1.0,VP,IDS 1
17239,1.0,1.0,VP,IDS 1
17240,1.0,1.0,VP,IDS 1
12849,0.0,0.0,VN,IDS 1
12851,0.0,0.0,VN,IDS 3
12853,0.0,0.0,VN,IDS 1
12854,0.0,0.0,VN,IDS 1
12856,0.0,0.0,VN,IDS 1
12857,0.0,0.0,VN,IDS 1
12860,0.0,0.0,VN,IDS 1
12861,0.0,0.0,VN,IDS 1
12862,0.0,0.0,VN,IDS 1
12863,0.0,0.0,VN,IDS 1
12865,0.0,0.0,VN,IDS 1
12866,0.0,0.0,VN,IDS 1
12867,0.0,0.0,VN,IDS 1
12868,0.0,0.0,VN,IDS 1
12869,0.0,0.0,VN,IDS 1
12870,0.0,0.0,VN,IDS 1
12872,0.0,0.0,VN,IDS 1
12875,0.0,0.0,VN,IDS 1
12877,0.0,0.0,VN,IDS 1
12878,0.0,0.0,VN,IDS 1
12879,0.0,0.0,VN,IDS 1
12883,0.0,0.0,VN,IDS 1
11771,0.0,0.0,VN,IDS 1
11772,0.0,0.0,VN,IDS 1
11773,0.0,0.0,VN,IDS 1
11774,0.0,0.0,VN,IDS 1
11775,0.0,0.0,VN,IDS 1
11776,0.0,0.0,VN,IDS 1
11777,0.0,0.0,VN,IDS 1
11778,0.0,0.0,VN,IDS 1
11780,0.0,0.0,VN,IDS 1
11781,0.0,0.0,VN,IDS 1
11849,0.0,0.0,VN,IDS 1
11850,0.0,0.0,VN,IDS 1
11851,0.0,0.0,VN,IDS 1
11852,0.0,0.0,VN,IDS 1
12885,0.0,0.0,VN,IDS 1
12886,0.0,0.0,VN,IDS 1
12887,0.0,0.0,VN,IDS 1
12890,0.0,0.0,VN,IDS 1
12891,1.0,0.0,FP,IDS 1
12893,0.0,0.0,VN,IDS 1
12895,0.0,0.0,VN,IDS 1
12898,0.0,0.0,VN,IDS 1
12900,0.0,0.0,VN,IDS 1
12901,0.0,0.0,VN,IDS 1
12907,0.0,0.0,VN,IDS 1
12909,0.0,0.0,VN,IDS 1
12912,0.0,0.0,VN,IDS 1
12913,0.0,0.0,VN,IDS 1
12914,0.0,0.0,VN,IDS 1
12916,0.0,0.0,VN,IDS 1
12918,0.0,0.0,VN,IDS 1
12920,0.0,0.0,VN,IDS 1
12922,0.0,0.0,VN,IDS 1
12923,0.0,0.0,VN,IDS 1
12924,0.0,0.0,VN,IDS 1
11853,0.0,0.0,VN,IDS 1
11856,0.0,0.0,VN,IDS 1
11857,0.0,0.0,VN,IDS 1
11858,1.0,0.0,FP,IDS 1
11860,0.0,0.0,VN,IDS 1
11861,0.0,0.0,VN,IDS 1
11862,0.0,0.0,VN,IDS 1
11863,0.0,0.0,VN,IDS 1
11864,0.0,0.0,VN,IDS 1
12958,0.0,0.0,VN,IDS 1
12959,0.0,0.0,VN,IDS 1
11900,0.0,0.0,VN,IDS 1
11901,0.0,0.0,VN,IDS 1
11903,0.0,0.0,VN,IDS 1
11905,0.0,0.0,VN,IDS 1
11906,0.0,0.0,VN,IDS 1
11907,0.0,0.0,VN,IDS 1
12084,0.0,0.0,VN,IDS 1
12085,1.0,0.0,FP,IDS 1
12086,0.0,0.0,VN,IDS 1
12089,0.0,0.0,VN,IDS 1
12090,0.0,0.0,VN,IDS 1
12091,0.0,0.0,VN,IDS 1
12092,0.0,0.0,VN,IDS 1
12093,0.0,0.0,VN,IDS 1
12094,0.0,0.0,VN,IDS 1
12095,0.0,0.0,VN,IDS 1
12096,0.0,0.0,VN,IDS 1
12097,0.0,0.0,VN,IDS 1
12098,0.0,0.0,VN,IDS 1
12100,0.0,0.0,VN,IDS 1
12101,0.0,0.0,VN,IDS 1
12102,1.0,0.0,FP,IDS 1
12228,0.0,0.0,VN,IDS 1
12230,0.0,0.0,VN,IDS 1
13153,0.0,0.0,VN,IDS 1
13155,1.0,0.0,FP,IDS 1
12231,0.0,0.0,VN,IDS 1
12232,0.0,0.0,VN,IDS 1
12233,0.0,0.0,VN,IDS 1
12234,0.0,0.0,VN,IDS 1
13156,0.0,0.0,VN,IDS 1
13157,0.0,0.0,VN,IDS 1
13159,0.0,0.0,VN,IDS 1
13160,0.0,0.0,VN,IDS 1
13161,0.0,0.0,VN,IDS 1
12236,0.0,0.0,VN,IDS 1
12237,0.0,0.0,VN,IDS 1
12238,0.0,0.0,VN,IDS 1
12241,0.0,0.0,VN,IDS 1
12243,0.0,0.0,VN,IDS 1
12246,0.0,0.0,VN,IDS 1
12247,0.0,0.0,VN,IDS 1
12248,0.0,0.0,VN,IDS 1
12249,0.0,0.0,VN,IDS 1
12250,0.0,0.0,VN,IDS 1
12252,0.0,0.0,VN,IDS 1
12254,0.0,0.0,VN,IDS 1
18147,2.0,2.0,VP,IDS 1
18148,2.0,2.0,VP,IDS 1
18149,2.0,2.0,VP,IDS 1
18150,2.0,2.0,VP,IDS 1
18151,2.0,2.0,VP,IDS 1
18152,2.0,2.0,VP,IDS 1
18154,2.0,2.0,VP,IDS 1
18155,2.0,2.0,VP,IDS 1
18156,2.0,2.0,VP,IDS 1
18157,2.0,2.0,VP,IDS 1
18160,2.0,2.0,VP,IDS 1
18161,2.0,2.0,VP,IDS 1
18162,2.0,2.0,VP,IDS 1
18164,2.0,2.0,VP,IDS 1
18165,2.0,2.0,VP,IDS 1
18166,2.0,2.0,VP,IDS 1
18167,2.0,2.0,VP,IDS 1
18168,2.0,2.0,VP,IDS 1
18169,2.0,2.0,VP,IDS 1
18201,2.0,2.0,VP,IDS 1
18202,2.0,2.0,VP,IDS 1
18203,2.0,2.0,VP,IDS 1
18204,2.0,2.0,VP,IDS 1
18206,2.0,2.0,VP,IDS 1
18208,2.0,2.0,VP,IDS 1
18209,2.0,2.0,VP,IDS 1
13187,0.0,0.0,VN,IDS 1
13188,0.0,0.0,VN,IDS 1
13189,0.0,0.0,VN,IDS 1
13191,0.0,0.0,VN,IDS 1
13192,0.0,0.0,VN,IDS 1
13193,0.0,0.0,VN,IDS 1
13194,0.0,0.0,VN,IDS 1
14153,0.0,0.0,VN,IDS 1
14350,0.0,0.0,VN,IDS 1
14351,0.0,0.0,VN,IDS 1
14353,0.0,0.0,VN,IDS 1
14355,0.0,0.0,VN,IDS 1
14356,0.0,0.0,VN,IDS 1
14358,0.0,0.0,VN,IDS 1
14430,0.0,0.0,VN,IDS 1
14431,0.0,0.0,VN,IDS 1
14432,0.0,0.0,VN,IDS 1
14433,0.0,0.0,VN,IDS 1
14434,0.0,0.0,VN,IDS 1
14435,0.0,0.0,VN,IDS 1
14436,0.0,0.0,VN,IDS 1
14437,0.0,0.0,VN,IDS 1
14438,0.0,0.0,VN,IDS 1
14442,0.0,0.0,VN,IDS 1
14443,0.0,0.0,VN,IDS 1
14445,0.0,0.0,VN,IDS 1
14446,0.0,0.0,VN,IDS 1
14447,0.0,0.0,VN,IDS 1
14451,0.0,0.0,VN,IDS 1
12256,0.0,0.0,VN,IDS 1
12295,0.0,0.0,VN,IDS 1
12296,0.0,0.0,VN,IDS 1
12302,0.0,0.0,VN,IDS 1
12303,0.0,0.0,VN,IDS 1
12304,0.0,0.0,VN,IDS 1
12306,0.0,0.0,VN,IDS 1
12307,0.0,0.0,VN,IDS 1
12309,0.0,0.0,VN,IDS 1
12311,0.0,0.0,VN,IDS 1
12313,0.0,0.0,VN,IDS 1
12316,0.0,0.0,VN,IDS 1
12317,0.0,0.0,VN,IDS 1
12318,0.0,0.0,VN,IDS 1
12320,0.0,0.0,VN,IDS 1
12321,0.0,0.0,VN,IDS 1
12839,0.0,0.0,VN,IDS 1
12840,0.0,0.0,VN,IDS 1
13112,0.0,0.0,VN,IDS 1
13113,0.0,0.0,VN,IDS 1
13114,0.0,0.0,VN,IDS 1
13116,0.0,0.0,VN,IDS 1
13117,0.0,0.0,VN,IDS 1
13120,0.0,0.0,VN,IDS 1
13123,0.0,0.0,VN,IDS 1
13124,0.0,0.0,VN,IDS 1
13125,0.0,0.0,VN,IDS 1
13126,0.0,0.0,VN,IDS 1
13127,0.0,0.0,VN,IDS 1
13128,0.0,0.0,VN,IDS 1
13129,0.0,0.0,VN,IDS 1
13132,0.0,0.0,VN,IDS 1
13133,0.0,0.0,VN,IDS 1
13134,0.0,0.0,VN,IDS 1
13135,0.0,0.0,VN,IDS 1
13136,0.0,0.0,VN,IDS 1
13138,0.0,0.0,VN,IDS 1
13139,1.0,0.0,FP,IDS 1
12999,0.0,0.0,VN,IDS 1
13000,0.0,0.0,VN,IDS 1
13002,0.0,0.0,VN,IDS 1
13042,0.0,0.0,VN,IDS 1
13043,0.0,0.0,VN,IDS 1
13045,0.0,0.0,VN,IDS 1
13046,0.0,0.0,VN,IDS 1
13047,0.0,0.0,VN,IDS 1
13049,0.0,0.0,VN,IDS 1
13050,0.0,0.0,VN,IDS 1
13051,0.0,0.0,VN,IDS 1
13052,0.0,0.0,VN,IDS 1
13054,0.0,0.0,VN,IDS 1
13056,0.0,0.0,VN,IDS 1
13057,0.0,0.0,VN,IDS 1
13058,0.0,0.0,VN,IDS 1
13060,0.0,0.0,VN,IDS 1
13061,0.0,0.0,VN,IDS 1
13067,0.0,0.0,VN,IDS 1
13068,0.0,0.0,VN,IDS 1
13069,0.0,0.0,VN,IDS 1
18022,2.0,2.0,VP,IDS 1
18023,2.0,2.0,VP,IDS 1
18024,2.0,2.0,VP,IDS 1
18025,2.0,2.0,VP,IDS 1
18027,2.0,2.0,VP,IDS 1
18028,2.0,2.0,VP,IDS 1
18029,2.0,2.0,VP,IDS 1
18030,2.0,2.0,VP,IDS 1
18031,2.0,2.0,VP,IDS 1
18032,2.0,2.0,VP,IDS 1
18033,2.0,2.0,VP,IDS 1
18034,2.0,2.0,VP,IDS 1
18035,2.0,2.0,VP,IDS 1
18036,2.0,2.0,VP,IDS 1
18037,2.0,2.0,VP,IDS 1
18039,2.0,2.0,VP,IDS 1
18040,2.0,2.0,VP,IDS 1
18041,2.0,2.0,VP,IDS 1
18043,2.0,2.0,VP,IDS 1
18044,2.0,2.0,VP,IDS 1
18047,2.0,2.0,VP,IDS 1
18049,2.0,2.0,VP,IDS 1
18050,2.0,2.0,VP,IDS 1
18052,2.0,2.0,VP,IDS 1
13070,0.0,0.0,VN,IDS 1
13071,0.0,0.0,VN,IDS 1
13074,0.0,0.0,VN,IDS 1
13076,0.0,0.0,VN,IDS 1
13203,0.0,0.0,VN,IDS 1
13205,0.0,0.0,VN,IDS 1
13206,0.0,0.0,VN,IDS 1
13207,0.0,0.0,VN,IDS 1
13208,0.0,0.0,VN,IDS 1
13209,0.0,0.0,VN,IDS 1
13210,0.0,0.0,VN,IDS 1
13213,0.0,0.0,VN,IDS 1
13215,0.0,0.0,VN,IDS 1
13217,0.0,0.0,VN,IDS 1
13218,0.0,0.0,VN,IDS 1
13219,0.0,0.0,VN,IDS 1
13220,0.0,0.0,VN,IDS 1
13224,0.0,0.0,VN,IDS 1
13226,0.0,0.0,VN,IDS 1
13227,0.0,0.0,VN,IDS 1
13228,0.0,0.0,VN,IDS 1
13388,0.0,0.0,VN,IDS 1
13389,0.0,0.0,VN,IDS 1
13392,0.0,0.0,VN,IDS 1
13393,0.0,0.0,VN,IDS 1
13394,0.0,0.0,VN,IDS 1
13395,0.0,0.0,VN,IDS 1
13396,0.0,0.0,VN,IDS 1
13430,0.0,0.0,VN,IDS 1
13433,0.0,0.0,VN,IDS 1
13434,0.0,0.0,VN,IDS 1
13435,0.0,0.0,VN,IDS 1
13436,0.0,0.0,VN,IDS 1
13437,0.0,0.0,VN,IDS 1
13438,0.0,0.0,VN,IDS 1
13439,0.0,0.0,VN,IDS 1
13440,0.0,0.0,VN,IDS 1
13442,0.0,0.0,VN,IDS 1
13443,0.0,0.0,VN,IDS 1
13444,0.0,0.0,VN,IDS 1
14003,0.0,0.0,VN,IDS 1
14004,0.0,0.0,VN,IDS 1
14007,0.0,0.0,VN,IDS 1
14009,0.0,0.0,VN,IDS 1
14010,0.0,0.0,VN,IDS 1
14011,0.0,0.0,VN,IDS 1
14012,0.0,0.0,VN,IDS 1
14014,0.0,0.0,VN,IDS 1
14016,0.0,0.0,VN,IDS 1
14018,0.0,0.0,VN,IDS 1
14139,0.0,0.0,VN,IDS 1
14141,0.0,0.0,VN,IDS 1
14142,0.0,0.0,VN,IDS 1
14145,0.0,0.0,VN,IDS 1
14148,0.0,0.0,VN,IDS 1
14150,0.0,0.0,VN,IDS 1
14151,0.0,0.0,VN,IDS 1
13863,0.0,0.0,VN,IDS 1
13864,0.0,0.0,VN,IDS 1
13865,0.0,0.0,VN,IDS 1
13867,0.0,0.0,VN,IDS 1
13868,0.0,0.0,VN,IDS 1
13871,0.0,0.0,VN,IDS 1
13873,0.0,0.0,VN,IDS 1
13874,1.0,0.0,FP,IDS 1
13875,0.0,0.0,VN,IDS 1
13878,0.0,0.0,VN,IDS 1
13879,0.0,0.0,VN,IDS 1
13880,0.0,0.0,VN,IDS 1
13883,0.0,0.0,VN,IDS 1
13884,0.0,0.0,VN,IDS 1
13885,0.0,0.0,VN,IDS 1
13886,0.0,0.0,VN,IDS 1
13887,0.0,0.0,VN,IDS 1
13889,0.0,0.0,VN,IDS 1
13891,0.0,0.0,VN,IDS 1
13895,0.0,0.0,VN,IDS 1
13898,0.0,0.0,VN,IDS 1
14452,0.0,0.0,VN,IDS 1
14453,0.0,0.0,VN,IDS 1
14455,0.0,0.0,VN,IDS 1
14456,0.0,0.0,VN,IDS 1
14457,0.0,0.0,VN,IDS 1
14459,0.0,0.0,VN,IDS 1
14460,0.0,0.0,VN,IDS 1
14493,0.0,0.0,VN,IDS 1
14494,0.0,0.0,VN,IDS 1
14496,0.0,0.0,VN,IDS 1
14498,0.0,0.0,VN,IDS 1
14499,0.0,0.0,VN,IDS 1
14502,0.0,0.0,VN,IDS 1
14503,0.0,0.0,VN,IDS 1
14505,0.0,0.0,VN,IDS 1
14533,0.0,0.0,VN,IDS 1
14535,0.0,0.0,VN,IDS 1
14538,0.0,0.0,VN,IDS 1
14539,0.0,0.0,VN,IDS 1
14540,0.0,0.0,VN,IDS 1
14542,0.0,0.0,VN,IDS 1
14543,0.0,0.0,VN,IDS 1
14544,0.0,0.0,VN,IDS 1
14545,0.0,0.0,VN,IDS 1
14549,0.0,0.0,VN,IDS 1
14551,0.0,0.0,VN,IDS 1
14552,0.0,0.0,VN,IDS 1
14721,0.0,0.0,VN,IDS 1
14723,0.0,0.0,VN,IDS 1
14727,0.0,0.0,VN,IDS 1
14729,0.0,0.0,VN,IDS 1
14732,0.0,0.0,VN,IDS 1
14733,0.0,0.0,VN,IDS 1
14556,0.0,0.0,VN,IDS 1
14557,0.0,0.0,VN,IDS 1
14558,0.0,0.0,VN,IDS 1
14559,0.0,0.0,VN,IDS 1
14561,0.0,0.0,VN,IDS 1
14562,0.0,0.0,VN,IDS 1
14563,0.0,0.0,VN,IDS 1
14564,0.0,0.0,VN,IDS 1
14567,1.0,0.0,FP,IDS 1
14568,0.0,0.0,VN,IDS 1
14570,0.0,0.0,VN,IDS 1
14571,0.0,0.0,VN,IDS 1
14572,0.0,0.0,VN,IDS 1
14574,0.0,0.0,VN,IDS 1
14575,0.0,0.0,VN,IDS 1
14576,0.0,0.0,VN,IDS 1
14577,0.0,0.0,VN,IDS 1
14579,0.0,0.0,VN,IDS 1
14580,1.0,0.0,FP,IDS 1
14581,0.0,0.0,VN,IDS 1
14582,0.0,0.0,VN,IDS 1
14583,0.0,0.0,VN,IDS 1
14584,0.0,0.0,VN,IDS 1
14587,0.0,0.0,VN,IDS 1
14589,0.0,0.0,VN,IDS 1
14590,0.0,0.0,VN,IDS 1
14591,0.0,0.0,VN,IDS 1
14593,0.0,0.0,VN,IDS 1
14594,0.0,0.0,VN,IDS 1
14595,0.0,0.0,VN,IDS 1
14596,0.0,0.0,VN,IDS 1
14597,0.0,0.0,VN,IDS 1
14600,0.0,0.0,VN,IDS 1
14601,0.0,0.0,VN,IDS 1
14602,0.0,0.0,VN,IDS 1
14603,0.0,0.0,VN,IDS 1
14605,0.0,0.0,VN,IDS 1
14606,0.0,0.0,VN,IDS 1
14607,0.0,0.0,VN,IDS 1
14608,0.0,0.0,VN,IDS 1
14609,0.0,0.0,VN,IDS 1
14610,0.0,0.0,VN,IDS 1
14611,0.0,0.0,VN,IDS 1
14763,0.0,0.0,VN,IDS 1
14764,0.0,0.0,VN,IDS 1
14767,0.0,0.0,VN,IDS 1
14768,0.0,0.0,VN,IDS 1
14769,0.0,0.0,VN,IDS 1
14770,0.0,0.0,VN,IDS 1
14772,0.0,0.0,VN,IDS 1
14773,0.0,0.0,VN,IDS 1
14774,0.0,0.0,VN,IDS 1
14776,0.0,0.0,VN,IDS 1
14777,0.0,0.0,VN,IDS 1
14778,1.0,0.0,FP,IDS 1
14779,0.0,0.0,VN,IDS 1
14780,0.0,0.0,VN,IDS 1
14781,0.0,0.0,VN,IDS 1
14782,0.0,0.0,VN,IDS 1
14784,0.0,0.0,VN,IDS 1
14785,0.0,0.0,VN,IDS 1
14787,0.0,0.0,VN,IDS 1
14788,0.0,0.0,VN,IDS 1
14789,0.0,0.0,VN,IDS 1
14791,0.0,0.0,VN,IDS 1
14792,0.0,0.0,VN,IDS 1
14793,0.0,0.0,VN,IDS 1
15020,1.0,1.0,VP,IDS 1
15022,1.0,1.0,VP,IDS 1
15024,1.0,1.0,VP,IDS 1
15025,1.0,1.0,VP,IDS 1
15031,1.0,1.0,VP,IDS 1
15032,1.0,1.0,VP,IDS 1
15035,1.0,1.0,VP,IDS 1
15067,0.0,1.0,FN,IDS 1
15068,1.0,1.0,VP,IDS 1
15069,0.0,1.0,FN,IDS 1
15072,1.0,1.0,VP,IDS 1
15074,0.0,1.0,FN,IDS 1
15076,1.0,1.0,VP,IDS 1
15077,1.0,1.0,VP,IDS 1
15079,1.0,1.0,VP,IDS 1
15081,1.0,1.0,VP,IDS 1
15082,1.0,1.0,VP,IDS 1
15083,1.0,1.0,VP,IDS 1
15085,1.0,1.0,VP,IDS 1
15086,1.0,1.0,VP,IDS 1
15089,1.0,1.0,VP,IDS 1
15090,1.0,1.0,VP,IDS 1
15129,1.0,1.0,VP,IDS 1
15131,1.0,1.0,VP,IDS 1
15133,1.0,1.0,VP,IDS 1
15135,1.0,1.0,VP,IDS 1
15136,1.0,1.0,VP,IDS 1
15138,0.0,1.0,FN,IDS 1
15140,1.0,1.0,VP,IDS 1
15141,1.0,1.0,VP,IDS 1
15142,0.0,1.0,FN,IDS 1
15143,1.0,1.0,VP,IDS 1
15145,0.0,1.0,FN,IDS 1
15146,1.0,1.0,VP,IDS 1
15232,1.0,1.0,VP,IDS 1
15235,0.0,1.0,FN,IDS 1
15237,1.0,1.0,VP,IDS 1
15238,1.0,1.0,VP,IDS 1
15243,1.0,1.0,VP,IDS 1
15244,1.0,1.0,VP,IDS 1
15246,1.0,1.0,VP,IDS 1
15247,1.0,1.0,VP,IDS 1
15250,1.0,1.0,VP,IDS 1
15328,1.0,1.0,VP,IDS 1
15330,0.0,1.0,FN,IDS 1
15332,1.0,1.0,VP,IDS 1
15333,1.0,1.0,VP,IDS 1
15335,1.0,1.0,VP,IDS 1
15338,1.0,1.0,VP,IDS 1
15340,1.0,1.0,VP,IDS 1
15341,1.0,1.0,VP,IDS 1
15343,1.0,1.0,VP,IDS 1
15345,1.0,1.0,VP,IDS 1
15346,1.0,1.0,VP,IDS 1
15350,1.0,1.0,VP,IDS 1
15639,1.0,1.0,VP,IDS 1
15641,1.0,1.0,VP,IDS 1
15643,1.0,1.0,VP,IDS 1
15645,1.0,1.0,VP,IDS 1
15646,0.0,1.0,FN,IDS 1
15647,1.0,1.0,VP,IDS 1
15649,0.0,1.0,FN,IDS 1
15650,1.0,1.0,VP,IDS 1
15653,1.0,1.0,VP,IDS 1
15654,1.0,1.0,VP,IDS 1
15655,1.0,1.0,VP,IDS 1
15904,1.0,1.0,VP,IDS 1
15910,1.0,1.0,VP,IDS 1
15913,1.0,1.0,VP,IDS 1
15915,1.0,1.0,VP,IDS 1
15917,0.0,1.0,FN,IDS 1
15918,1.0,1.0,VP,IDS 1
15922,0.0,1.0,FN,IDS 1
15923,1.0,1.0,VP,IDS 1
15926,0.0,1.0,FN,IDS 1
15927,1.0,1.0,VP,IDS 1
15929,1.0,1.0,VP,IDS 1
15931,1.0,1.0,VP,IDS 1
15932,1.0,1.0,VP,IDS 1
15933,1.0,1.0,VP,IDS 1
15935,0.0,1.0,FN,IDS 1
16085,1.0,1.0,VP,IDS 1
16086,1.0,1.0,VP,IDS 1
16087,1.0,1.0,VP,IDS 1
16088,1.0,1.0,VP,IDS 1
16090,1.0,1.0,VP,IDS 1
16092,1.0,1.0,VP,IDS 1
16339,1.0,1.0,VP,IDS 1
16340,1.0,1.0,VP,IDS 1
16343,1.0,1.0,VP,IDS 1
16344,1.0,1.0,VP,IDS 1
16345,1.0,1.0,VP,IDS 1
16346,1.0,1.0,VP,IDS 1
16347,1.0,1.0,VP,IDS 1
16349,1.0,1.0,VP,IDS 1
16350,1.0,1.0,VP,IDS 1
16351,1.0,1.0,VP,IDS 1
16353,1.0,1.0,VP,IDS 1
16357,1.0,1.0,VP,IDS 1
16358,1.0,1.0,VP,IDS 1
16359,0.0,1.0,FN,IDS 1
16360,1.0,1.0,VP,IDS 1
16361,1.0,1.0,VP,IDS 1
16463,1.0,1.0,VP,IDS 1
16464,0.0,1.0,FN,IDS 1
16465,1.0,1.0,VP,IDS 1
16466,1.0,1.0,VP,IDS 1
16467,1.0,1.0,VP,IDS 1
16744,1.0,1.0,VP,IDS 1
16745,1.0,1.0,VP,IDS 1
16746,1.0,1.0,VP,IDS 1
16747,1.0,1.0,VP,IDS 1
16749,1.0,1.0,VP,IDS 1
16750,1.0,1.0,VP,IDS 1
16752,1.0,1.0,VP,IDS 1
16754,0.0,1.0,FN,IDS 1
16755,1.0,1.0,VP,IDS 1
16756,1.0,1.0,VP,IDS 1
16757,1.0,1.0,VP,IDS 1
16758,1.0,1.0,VP,IDS 1
16760,1.0,1.0,VP,IDS 1
16763,0.0,1.0,FN,IDS 1
16765,1.0,1.0,VP,IDS 1
16766,1.0,1.0,VP,IDS 1
16767,1.0,1.0,VP,IDS 1
16770,1.0,1.0,VP,IDS 1
16771,1.0,1.0,VP,IDS 1
16867,1.0,1.0,VP,IDS 1
16868,1.0,1.0,VP,IDS 1
12961,0.0,0.0,VN,IDS 1
12962,0.0,0.0,VN,IDS 1
12963,0.0,0.0,VN,IDS 1
13005,0.0,0.0,VN,IDS 1
13007,0.0,0.0,VN,IDS 1
13012,0.0,0.0,VN,IDS 1
13014,0.0,0.0,VN,IDS 1
13017,0.0,0.0,VN,IDS 1
13019,0.0,0.0,VN,IDS 1
13020,0.0,0.0,VN,IDS 1
13021,0.0,0.0,VN,IDS 1
13022,1.0,0.0,FP,IDS 1
13024,0.0,0.0,VN,IDS 1
13025,0.0,0.0,VN,IDS 1
13026,0.0,0.0,VN,IDS 1
13027,0.0,0.0,VN,IDS 1
13028,0.0,0.0,VN,IDS 1
13030,0.0,0.0,VN,IDS 1
13031,0.0,0.0,VN,IDS 1
13033,0.0,0.0,VN,IDS 1
13034,0.0,0.0,VN,IDS 1
13035,0.0,0.0,VN,IDS 1
13037,0.0,0.0,VN,IDS 1
13040,0.0,0.0,VN,IDS 1
13078,0.0,0.0,VN,IDS 1
13079,0.0,0.0,VN,IDS 1
13080,0.0,0.0,VN,IDS 1
13082,0.0,0.0,VN,IDS 1
13085,0.0,0.0,VN,IDS 1
13086,0.0,0.0,VN,IDS 1
13087,0.0,0.0,VN,IDS 1
13088,0.0,0.0,VN,IDS 1
13089,0.0,0.0,VN,IDS 1
13091,0.0,0.0,VN,IDS 1
13092,0.0,0.0,VN,IDS 1
17436,1.0,1.0,VP,IDS 1
17438,1.0,1.0,VP,IDS 1
17442,1.0,1.0,VP,IDS 1
17443,0.0,1.0,FN,IDS 1
17444,1.0,1.0,VP,IDS 1
17445,0.0,1.0,FN,IDS 1
17450,1.0,1.0,VP,IDS 1
17451,1.0,1.0,VP,IDS 1
17454,1.0,1.0,VP,IDS 1
17455,1.0,1.0,VP,IDS 1
17457,1.0,1.0,VP,IDS 1
17458,1.0,1.0,VP,IDS 1
17459,1.0,1.0,VP,IDS 1
17460,1.0,1.0,VP,IDS 1
17461,1.0,1.0,VP,IDS 1
17462,1.0,1.0,VP,IDS 1
17463,1.0,1.0,VP,IDS 1
17464,0.0,1.0,FN,IDS 1
17466,1.0,1.0,VP,IDS 1
17469,1.0,1.0,VP,IDS 1
17470,0.0,1.0,FN,IDS 1
17473,0.0,1.0,FN,IDS 1
17474,1.0,1.0,VP,IDS 1
17475,0.0,1.0,FN,IDS 1
17480,1.0,1.0,VP,IDS 1
17481,1.0,1.0,VP,IDS 1
17482,1.0,1.0,VP,IDS 1
17484,1.0,1.0,VP,IDS 1
17485,1.0,1.0,VP,IDS 1
17486,1.0,1.0,VP,IDS 1
17589,2.0,2.0,VP,IDS 1
17590,2.0,2.0,VP,IDS 1
17591,2.0,2.0,VP,IDS 1
17592,2.0,2.0,VP,IDS 1
17593,2.0,2.0,VP,IDS 1
17595,2.0,2.0,VP,IDS 1
17596,2.0,2.0,VP,IDS 1
17597,2.0,2.0,VP,IDS 1
17598,2.0,2.0,VP,IDS 1
17599,2.0,2.0,VP,IDS 1
17601,2.0,2.0,VP,IDS 1
17602,2.0,2.0,VP,IDS 1
17603,2.0,2.0,VP,IDS 1
17604,2.0,2.0,VP,IDS 1
17605,2.0,2.0,VP,IDS 1
17606,2.0,2.0,VP,IDS 1
17607,2.0,2.0,VP,IDS 1
17609,2.0,2.0,VP,IDS 1
17610,2.0,2.0,VP,IDS 1
17611,2.0,2.0,VP,IDS 1
17612,2.0,2.0,VP,IDS 1
17613,2.0,2.0,VP,IDS 1
17614,2.0,2.0,VP,IDS 1
17615,2.0,2.0,VP,IDS 1
17616,2.0,2.0,VP,IDS 1
17617,2.0,2.0,VP,IDS 1
17619,2.0,2.0,VP,IDS 1
17620,2.0,2.0,VP,IDS 1
17621,2.0,2.0,VP,IDS 1
17622,2.0,2.0,VP,IDS 1
17624,2.0,2.0,VP,IDS 1
17626,2.0,2.0,VP,IDS 1
17790,2.0,2.0,VP,IDS 1
17791,2.0,2.0,VP,IDS 1
17792,2.0,2.0,VP,IDS 1
17793,2.0,2.0,VP,IDS 1
17794,2.0,2.0,VP,IDS 1
17795,2.0,2.0,VP,IDS 1
17796,2.0,2.0,VP,IDS 1
17797,2.0,2.0,VP,IDS 1
17798,2.0,2.0,VP,IDS 1
17799,2.0,2.0,VP,IDS 1
17800,2.0,2.0,VP,IDS 1
17801,2.0,2.0,VP,IDS 1
17802,2.0,2.0,VP,IDS 1
17803,2.0,2.0,VP,IDS 1
17804,2.0,2.0,VP,IDS 1
17805,2.0,2.0,VP,IDS 1
17806,2.0,2.0,VP,IDS 1
17808,2.0,2.0,VP,IDS 1
17809,2.0,2.0,VP,IDS 1
17810,2.0,2.0,VP,IDS 1
17811,2.0,2.0,VP,IDS 1
17813,2.0,2.0,VP,IDS 1
17814,2.0,2.0,VP,IDS 1
17815,2.0,2.0,VP,IDS 1
17816,2.0,2.0,VP,IDS 1
17817,2.0,2.0,VP,IDS 1
17819,2.0,2.0,VP,IDS 1
18210,2.0,2.0,VP,IDS 1
18211,2.0,2.0,VP,IDS 1
18212,2.0,2.0,VP,IDS 1
18213,2.0,2.0,VP,IDS 1
18214,2.0,2.0,VP,IDS 1
18215,2.0,2.0,VP,IDS 1
18216,2.0,2.0,VP,IDS 1
18217,2.0,2.0,VP,IDS 1
18218,2.0,2.0,VP,IDS 1
18219,2.0,2.0,VP,IDS 1
18220,2.0,2.0,VP,IDS 1
18221,2.0,2.0,VP,IDS 1
18222,2.0,2.0,VP,IDS 1
18223,2.0,2.0,VP,IDS 1
18225,2.0,2.0,VP,IDS 1
18227,2.0,2.0,VP,IDS 1
18228,2.0,2.0,VP,IDS 1
18229,2.0,2.0,VP,IDS 1
18230,2.0,2.0,VP,IDS 1
18232,2.0,2.0,VP,IDS 1
18497,2.0,2.0,VP,IDS 1
18498,2.0,2.0,VP,IDS 1
18499,2.0,2.0,VP,IDS 1
18500,2.0,2.0,VP,IDS 1
18501,2.0,2.0,VP,IDS 1
18505,2.0,2.0,VP,IDS 1
18507,2.0,2.0,VP,IDS 1
18508,2.0,2.0,VP,IDS 1
18509,2.0,2.0,VP,IDS 1
18510,2.0,2.0,VP,IDS 1
18511,2.0,2.0,VP,IDS 1
18512,2.0,2.0,VP,IDS 1
18513,2.0,2.0,VP,IDS 1
18514,2.0,2.0,VP,IDS 1
18515,2.0,2.0,VP,IDS 1
18516,2.0,2.0,VP,IDS 1
18517,2.0,2.0,VP,IDS 1
18519,2.0,2.0,VP,IDS 1
18520,2.0,2.0,VP,IDS 1
18521,2.0,2.0,VP,IDS 1
18523,2.0,2.0,VP,IDS 1
18525,2.0,2.0,VP,IDS 1
13781,0.0,0.0,VN,IDS 1
13782,0.0,0.0,VN,IDS 1
13783,0.0,0.0,VN,IDS 1
13785,0.0,0.0,VN,IDS 1
13786,0.0,0.0,VN,IDS 1
13787,0.0,0.0,VN,IDS 1
13790,0.0,0.0,VN,IDS 1
13791,0.0,0.0,VN,IDS 1
13792,0.0,0.0,VN,IDS 1
13793,0.0,0.0,VN,IDS 1
13794,0.0,0.0,VN,IDS 1
13795,0.0,0.0,VN,IDS 1
13946,0.0,0.0,VN,IDS 1
13947,0.0,0.0,VN,IDS 1
13948,0.0,0.0,VN,IDS 1
13949,0.0,0.0,VN,IDS 1
13951,0.0,0.0,VN,IDS 1
13952,0.0,0.0,VN,IDS 1
13959,0.0,0.0,VN,IDS 1
13960,0.0,0.0,VN,IDS 1
13961,0.0,0.0,VN,IDS 1
13962,0.0,0.0,VN,IDS 1
13963,0.0,0.0,VN,IDS 1
13745,0.0,0.0,VN,IDS 1
14154,0.0,0.0,VN,IDS 1
14156,0.0,0.0,VN,IDS 1
14157,0.0,0.0,VN,IDS 1
13747,0.0,0.0,VN,IDS 1
13748,0.0,0.0,VN,IDS 1
13749,0.0,0.0,VN,IDS 1
13754,0.0,0.0,VN,IDS 1
13755,0.0,0.0,VN,IDS 1
13758,0.0,0.0,VN,IDS 1
13761,0.0,0.0,VN,IDS 1
13764,0.0,0.0,VN,IDS 1
13796,0.0,0.0,VN,IDS 1
13798,0.0,0.0,VN,IDS 1
13801,0.0,0.0,VN,IDS 1
13802,0.0,0.0,VN,IDS 1
13803,0.0,0.0,VN,IDS 1
13805,0.0,0.0,VN,IDS 1
13806,0.0,0.0,VN,IDS 1
13807,0.0,0.0,VN,IDS 1
13809,0.0,0.0,VN,IDS 1
13810,0.0,0.0,VN,IDS 1
13811,0.0,0.0,VN,IDS 1
13812,0.0,0.0,VN,IDS 1
13813,0.0,0.0,VN,IDS 1
13816,0.0,0.0,VN,IDS 1
13818,0.0,0.0,VN,IDS 1
13819,0.0,0.0,VN,IDS 1
13821,0.0,0.0,VN,IDS 1
13823,0.0,0.0,VN,IDS 1
14280,0.0,0.0,VN,IDS 1
13825,0.0,0.0,VN,IDS 1
13827,1.0,0.0,FP,IDS 1
14281,1.0,0.0,FP,IDS 1
13828,0.0,0.0,VN,IDS 1
14283,0.0,0.0,VN,IDS 1
13830,0.0,0.0,VN,IDS 1
14284,0.0,0.0,VN,IDS 1
13831,0.0,0.0,VN,IDS 1
14286,0.0,0.0,VN,IDS 1
13835,0.0,0.0,VN,IDS 1
13837,0.0,0.0,VN,IDS 1
13838,0.0,0.0,VN,IDS 1
13840,0.0,0.0,VN,IDS 1
13842,0.0,0.0,VN,IDS 1
13843,0.0,0.0,VN,IDS 1
13845,0.0,0.0,VN,IDS 1
13847,0.0,0.0,VN,IDS 1
13849,0.0,0.0,VN,IDS 1
13850,0.0,0.0,VN,IDS 1
13851,0.0,0.0,VN,IDS 1
13852,0.0,0.0,VN,IDS 1
13856,0.0,0.0,VN,IDS 1
13857,0.0,0.0,VN,IDS 1
13859,0.0,0.0,VN,IDS 1
13860,0.0,0.0,VN,IDS 1
13861,0.0,0.0,VN,IDS 1
14287,0.0,0.0,VN,IDS 1
14288,0.0,0.0,VN,IDS 1
14289,0.0,0.0,VN,IDS 1
14290,0.0,0.0,VN,IDS 1
14291,0.0,0.0,VN,IDS 1
14292,0.0,0.0,VN,IDS 1
14296,0.0,0.0,VN,IDS 1
14297,0.0,0.0,VN,IDS 1
14298,0.0,0.0,VN,IDS 1
14299,0.0,0.0,VN,IDS 1
14300,0.0,0.0,VN,IDS 1
14301,0.0,0.0,VN,IDS 1
14302,0.0,0.0,VN,IDS 1
14304,0.0,0.0,VN,IDS 1
14305,0.0,0.0,VN,IDS 1
14306,0.0,0.0,VN,IDS 1
14307,0.0,0.0,VN,IDS 1
14310,0.0,0.0,VN,IDS 1
14312,0.0,0.0,VN,IDS 1
14315,0.0,0.0,VN,IDS 1
14316,0.0,0.0,VN,IDS 1
14317,0.0,0.0,VN,IDS 1
14319,0.0,0.0,VN,IDS 1
14320,0.0,0.0,VN,IDS 1
14321,0.0,0.0,VN,IDS 1
14322,0.0,0.0,VN,IDS 1
14323,0.0,0.0,VN,IDS 1
14324,0.0,0.0,VN,IDS 1
14326,0.0,0.0,VN,IDS 1
14327,0.0,0.0,VN,IDS 1
14329,0.0,0.0,VN,IDS 1
14330,0.0,0.0,VN,IDS 1
14331,0.0,0.0,VN,IDS 1
14335,0.0,0.0,VN,IDS 1
14336,0.0,0.0,VN,IDS 1
14337,0.0,0.0,VN,IDS 1
14338,0.0,0.0,VN,IDS 1
14341,0.0,0.0,VN,IDS 1
14342,0.0,0.0,VN,IDS 1
14343,0.0,0.0,VN,IDS 1
14345,0.0,0.0,VN,IDS 1
14346,0.0,0.0,VN,IDS 1
14347,0.0,0.0,VN,IDS 1
13901,0.0,0.0,VN,IDS 1
13905,0.0,0.0,VN,IDS 1
14019,0.0,0.0,VN,IDS 1
14021,0.0,0.0,VN,IDS 1
14022,0.0,0.0,VN,IDS 1
14024,0.0,0.0,VN,IDS 1
14025,0.0,0.0,VN,IDS 1
14026,0.0,0.0,VN,IDS 1
14027,0.0,0.0,VN,IDS 1
14028,0.0,0.0,VN,IDS 1
14029,0.0,0.0,VN,IDS 1
14030,0.0,0.0,VN,IDS 1
14032,0.0,0.0,VN,IDS 1
14033,0.0,0.0,VN,IDS 1
14035,0.0,0.0,VN,IDS 1
14036,0.0,0.0,VN,IDS 1
14038,0.0,0.0,VN,IDS 1
14039,0.0,0.0,VN,IDS 1
14040,1.0,0.0,FP,IDS 1
14041,0.0,0.0,VN,IDS 1
14042,0.0,0.0,VN,IDS 1
14043,0.0,0.0,VN,IDS 1
14044,1.0,0.0,FP,IDS 1
14045,0.0,0.0,VN,IDS 1
14046,0.0,0.0,VN,IDS 1
14083,0.0,0.0,VN,IDS 1
14084,0.0,0.0,VN,IDS 1
14086,0.0,0.0,VN,IDS 1
14087,0.0,0.0,VN,IDS 1
14088,0.0,0.0,VN,IDS 1
14090,0.0,0.0,VN,IDS 1
14091,0.0,0.0,VN,IDS 1
14092,0.0,0.0,VN,IDS 1
14093,0.0,0.0,VN,IDS 1
14094,0.0,0.0,VN,IDS 1
14095,0.0,0.0,VN,IDS 1
14096,0.0,0.0,VN,IDS 1
14097,0.0,0.0,VN,IDS 1
14098,0.0,0.0,VN,IDS 1
14099,0.0,0.0,VN,IDS 1
14100,0.0,0.0,VN,IDS 1
14101,0.0,0.0,VN,IDS 1
14102,0.0,0.0,VN,IDS 1
14105,0.0,0.0,VN,IDS 1
14106,0.0,0.0,VN,IDS 1
14107,0.0,0.0,VN,IDS 1
14108,0.0,0.0,VN,IDS 1
14109,0.0,0.0,VN,IDS 1
14110,0.0,0.0,VN,IDS 1
14111,0.0,0.0,VN,IDS 1
14113,0.0,0.0,VN,IDS 1
14116,0.0,0.0,VN,IDS 1
14117,0.0,0.0,VN,IDS 1
14118,0.0,0.0,VN,IDS 1
14120,0.0,0.0,VN,IDS 1
14122,0.0,0.0,VN,IDS 1
14123,0.0,0.0,VN,IDS 1
14124,0.0,0.0,VN,IDS 1
14125,0.0,0.0,VN,IDS 1
14127,0.0,0.0,VN,IDS 1
14128,0.0,0.0,VN,IDS 1
14129,0.0,0.0,VN,IDS 1
14130,0.0,0.0,VN,IDS 1
14131,0.0,0.0,VN,IDS 1
14133,0.0,0.0,VN,IDS 1
14134,0.0,0.0,VN,IDS 1
14135,0.0,0.0,VN,IDS 1
14136,0.0,0.0,VN,IDS 1
14137,0.0,0.0,VN,IDS 1
14138,0.0,0.0,VN,IDS 1
14202,0.0,0.0,VN,IDS 1
14203,0.0,0.0,VN,IDS 1
14204,0.0,0.0,VN,IDS 1
14205,0.0,0.0,VN,IDS 1
14206,0.0,0.0,VN,IDS 1
14208,0.0,0.0,VN,IDS 1
14209,0.0,0.0,VN,IDS 1
14210,1.0,0.0,FP,IDS 1
14211,0.0,0.0,VN,IDS 1
14212,0.0,0.0,VN,IDS 1
14215,0.0,0.0,VN,IDS 1
14216,0.0,0.0,VN,IDS 1
14217,0.0,0.0,VN,IDS 1
14218,0.0,0.0,VN,IDS 1
14220,0.0,0.0,VN,IDS 1
14222,0.0,0.0,VN,IDS 1
14223,0.0,0.0,VN,IDS 1
14224,0.0,0.0,VN,IDS 1
14226,0.0,0.0,VN,IDS 1
14229,0.0,0.0,VN,IDS 1
14230,0.0,0.0,VN,IDS 1
14231,0.0,0.0,VN,IDS 1
14233,0.0,0.0,VN,IDS 1
14235,0.0,0.0,VN,IDS 1
14237,0.0,0.0,VN,IDS 1
14401,0.0,0.0,VN,IDS 1
14403,0.0,0.0,VN,IDS 1
14404,0.0,0.0,VN,IDS 1
14405,0.0,0.0,VN,IDS 1
14406,0.0,0.0,VN,IDS 1
14407,0.0,0.0,VN,IDS 1
14409,0.0,0.0,VN,IDS 1
14410,1.0,0.0,FP,IDS 1
14411,0.0,0.0,VN,IDS 1
14412,0.0,0.0,VN,IDS 1
14415,0.0,0.0,VN,IDS 1
14417,0.0,0.0,VN,IDS 1
14418,0.0,0.0,VN,IDS 1
14419,0.0,0.0,VN,IDS 1
14420,0.0,0.0,VN,IDS 1
14422,0.0,0.0,VN,IDS 1
14423,0.0,0.0,VN,IDS 1
14424,0.0,0.0,VN,IDS 1
14425,0.0,0.0,VN,IDS 1
14553,0.0,0.0,VN,IDS 1
14554,0.0,0.0,VN,IDS 1
14555,0.0,0.0,VN,IDS 1
14612,0.0,0.0,VN,IDS 1
14613,0.0,0.0,VN,IDS 1
14614,0.0,0.0,VN,IDS 1
14618,0.0,0.0,VN,IDS 1
14619,0.0,0.0,VN,IDS 1
14622,0.0,0.0,VN,IDS 1
14623,0.0,0.0,VN,IDS 1
14625,0.0,0.0,VN,IDS 1
14626,0.0,0.0,VN,IDS 1
14628,0.0,0.0,VN,IDS 1
14629,0.0,0.0,VN,IDS 1
14630,0.0,0.0,VN,IDS 1
14631,0.0,0.0,VN,IDS 1
14632,0.0,0.0,VN,IDS 1
14634,0.0,0.0,VN,IDS 1
14635,0.0,0.0,VN,IDS 1
14637,0.0,0.0,VN,IDS 1
14640,0.0,0.0,VN,IDS 1
14641,0.0,0.0,VN,IDS 1
14642,0.0,0.0,VN,IDS 1
14643,0.0,0.0,VN,IDS 1
14967,0.0,0.0,VN,IDS 1
14969,0.0,0.0,VN,IDS 1
14971,0.0,0.0,VN,IDS 1
14973,0.0,0.0,VN,IDS 1
14974,0.0,0.0,VN,IDS 1
14977,0.0,0.0,VN,IDS 1
14979,0.0,0.0,VN,IDS 1
14980,0.0,0.0,VN,IDS 1
14981,0.0,0.0,VN,IDS 1
14982,0.0,0.0,VN,IDS 1
14983,0.0,0.0,VN,IDS 1
14984,0.0,0.0,VN,IDS 1
14985,0.0,0.0,VN,IDS 1
14986,0.0,0.0,VN,IDS 1
14987,0.0,0.0,VN,IDS 1
14989,0.0,0.0,VN,IDS 1
14992,0.0,0.0,VN,IDS 1
14993,0.0,0.0,VN,IDS 1
14995,0.0,0.0,VN,IDS 1
14998,1.0,1.0,VP,IDS 1
14999,1.0,1.0,VP,IDS 1
15000,1.0,1.0,VP,IDS 1
15001,1.0,1.0,VP,IDS 1
15002,1.0,1.0,VP,IDS 1
15014,1.0,1.0,VP,IDS 1
15015,1.0,1.0,VP,IDS 1
15016,1.0,1.0,VP,IDS 1
15017,0.0,1.0,FN,IDS 1
15018,1.0,1.0,VP,IDS 1
15019,1.0,1.0,VP,IDS 1
15092,1.0,1.0,VP,IDS 1
15093,1.0,1.0,VP,IDS 1
15095,1.0,1.0,VP,IDS 1
15097,1.0,1.0,VP,IDS 1
15098,1.0,1.0,VP,IDS 1
15099,0.0,1.0,FN,IDS 1
15100,1.0,1.0,VP,IDS 1
15102,0.0,1.0,FN,IDS 1
15105,0.0,1.0,FN,IDS 1
15107,1.0,1.0,VP,IDS 1
15108,0.0,1.0,FN,IDS 1
15111,0.0,1.0,FN,IDS 1
15113,0.0,1.0,FN,IDS 1
15115,1.0,1.0,VP,IDS 1
15117,1.0,1.0,VP,IDS 1
15119,1.0,1.0,VP,IDS 1
15121,1.0,1.0,VP,IDS 1
15126,0.0,1.0,FN,IDS 1
15127,1.0,1.0,VP,IDS 1
15128,1.0,1.0,VP,IDS 1
15657,1.0,1.0,VP,IDS 1
15658,0.0,1.0,FN,IDS 1
15659,0.0,1.0,FN,IDS 1
15660,0.0,1.0,FN,IDS 1
15661,1.0,1.0,VP,IDS 1
15662,1.0,1.0,VP,IDS 1
15663,0.0,1.0,FN,IDS 1
15664,1.0,1.0,VP,IDS 1
15666,1.0,1.0,VP,IDS 1
15669,1.0,1.0,VP,IDS 1
15818,1.0,1.0,VP,IDS 1
15819,0.0,1.0,FN,IDS 1
15822,0.0,1.0,FN,IDS 1
15825,1.0,1.0,VP,IDS 1
15826,0.0,1.0,FN,IDS 1
15827,1.0,1.0,VP,IDS 1
15828,1.0,1.0,VP,IDS 1
15829,1.0,1.0,VP,IDS 1
15830,0.0,1.0,FN,IDS 1
15832,1.0,1.0,VP,IDS 1
15833,1.0,1.0,VP,IDS 1
15834,0.0,1.0,FN,IDS 1
15840,1.0,1.0,VP,IDS 1
15841,1.0,1.0,VP,IDS 1
15842,0.0,1.0,FN,IDS 1
15846,1.0,1.0,VP,IDS 1
15848,1.0,1.0,VP,IDS 1
15854,1.0,1.0,VP,IDS 1
15856,1.0,1.0,VP,IDS 1
15859,0.0,1.0,FN,IDS 1
15861,1.0,1.0,VP,IDS 1
15896,1.0,1.0,VP,IDS 1
15897,1.0,1.0,VP,IDS 1
15898,1.0,1.0,VP,IDS 1
15899,1.0,1.0,VP,IDS 1
15900,0.0,1.0,FN,IDS 1
15901,1.0,1.0,VP,IDS 1
16095,1.0,1.0,VP,IDS 1
16096,1.0,1.0,VP,IDS 1
16097,0.0,1.0,FN,IDS 1
16099,0.0,1.0,FN,IDS 1
16100,1.0,1.0,VP,IDS 1
16101,0.0,1.0,FN,IDS 1
16103,1.0,1.0,VP,IDS 1
16105,1.0,1.0,VP,IDS 1
16106,1.0,1.0,VP,IDS 1
16107,1.0,1.0,VP,IDS 1
16109,1.0,1.0,VP,IDS 1
16111,1.0,1.0,VP,IDS 1
16112,1.0,1.0,VP,IDS 1
16114,1.0,1.0,VP,IDS 1
16116,1.0,1.0,VP,IDS 1
16327,1.0,1.0,VP,IDS 1
16329,1.0,1.0,VP,IDS 1
16332,1.0,1.0,VP,IDS 1
16335,0.0,1.0,FN,IDS 1
16336,1.0,1.0,VP,IDS 1
16337,1.0,1.0,VP,IDS 1
16468,1.0,1.0,VP,IDS 1
16469,0.0,1.0,FN,IDS 1
16471,1.0,1.0,VP,IDS 1
16472,1.0,1.0,VP,IDS 1
16473,1.0,1.0,VP,IDS 1
16474,1.0,1.0,VP,IDS 1
16475,0.0,1.0,FN,IDS 1
16476,1.0,1.0,VP,IDS 1
16477,1.0,1.0,VP,IDS 1
16478,1.0,1.0,VP,IDS 1
16479,1.0,1.0,VP,IDS 1
16480,1.0,1.0,VP,IDS 1
16483,1.0,1.0,VP,IDS 1
16485,1.0,1.0,VP,IDS 1
16487,1.0,1.0,VP,IDS 1
16488,1.0,1.0,VP,IDS 1
16489,1.0,1.0,VP,IDS 1
16531,1.0,1.0,VP,IDS 1
16534,0.0,1.0,FN,IDS 1
16537,1.0,1.0,VP,IDS 1
16538,0.0,1.0,FN,IDS 1
16539,1.0,1.0,VP,IDS 1
16541,1.0,1.0,VP,IDS 1
16542,1.0,1.0,VP,IDS 1
16544,1.0,1.0,VP,IDS 1
16546,1.0,1.0,VP,IDS 1
16547,1.0,1.0,VP,IDS 1
16549,1.0,1.0,VP,IDS 1
16552,1.0,1.0,VP,IDS 1
16553,1.0,1.0,VP,IDS 1
16631,1.0,1.0,VP,IDS 1
16632,1.0,1.0,VP,IDS 1
16635,1.0,1.0,VP,IDS 1
16640,0.0,1.0,FN,IDS 1
16642,1.0,1.0,VP,IDS 1
16643,1.0,1.0,VP,IDS 1
16644,1.0,1.0,VP,IDS 1
16645,1.0,1.0,VP,IDS 1
16647,1.0,1.0,VP,IDS 1
16649,1.0,1.0,VP,IDS 1
16650,1.0,1.0,VP,IDS 1
16651,1.0,1.0,VP,IDS 1
16652,0.0,1.0,FN,IDS 1
16653,0.0,1.0,FN,IDS 1
16655,1.0,1.0,VP,IDS 1
16657,1.0,1.0,VP,IDS 1
16658,1.0,1.0,VP,IDS 1
16659,0.0,1.0,FN,IDS 1
16660,1.0,1.0,VP,IDS 1
16661,0.0,1.0,FN,IDS 1
16663,1.0,1.0,VP,IDS 1
16664,1.0,1.0,VP,IDS 1
16665,1.0,1.0,VP,IDS 1
16668,1.0,1.0,VP,IDS 1
16669,1.0,1.0,VP,IDS 1
16670,0.0,1.0,FN,IDS 1
16671,1.0,1.0,VP,IDS 1
16672,0.0,1.0,FN,IDS 1
16673,1.0,1.0,VP,IDS 1
16675,0.0,1.0,FN,IDS 1
16676,0.0,1.0,FN,IDS 1
16677,1.0,1.0,VP,IDS 1
17040,1.0,1.0,VP,IDS 1
17041,0.0,1.0,FN,IDS 1
17042,0.0,1.0,FN,IDS 1
17044,1.0,1.0,VP,IDS 1
17046,1.0,1.0,VP,IDS 1
17049,1.0,1.0,VP,IDS 1
17054,1.0,1.0,VP,IDS 1
17055,1.0,1.0,VP,IDS 1
17056,1.0,1.0,VP,IDS 1
17058,1.0,1.0,VP,IDS 1
17059,1.0,1.0,VP,IDS 1
17060,0.0,1.0,FN,IDS 1
17061,1.0,1.0,VP,IDS 1
17067,1.0,1.0,VP,IDS 1
17068,1.0,1.0,VP,IDS 1
17070,0.0,1.0,FN,IDS 1
17071,1.0,1.0,VP,IDS 1
17072,0.0,1.0,FN,IDS 1
17074,0.0,1.0,FN,IDS 1
17075,0.0,1.0,FN,IDS 1
17076,1.0,1.0,VP,IDS 1
17077,1.0,1.0,VP,IDS 1
17078,1.0,1.0,VP,IDS 1
17079,0.0,1.0,FN,IDS 1
17080,1.0,1.0,VP,IDS 1
17081,1.0,1.0,VP,IDS 1
17083,1.0,1.0,VP,IDS 1
17198,1.0,1.0,VP,IDS 1
17199,1.0,1.0,VP,IDS 1
17200,1.0,1.0,VP,IDS 1
17201,1.0,1.0,VP,IDS 1
17202,0.0,1.0,FN,IDS 1
17203,1.0,1.0,VP,IDS 1
17204,0.0,1.0,FN,IDS 1
17205,1.0,1.0,VP,IDS 1
17206,0.0,1.0,FN,IDS 1
17207,1.0,1.0,VP,IDS 1
17208,1.0,1.0,VP,IDS 1
17211,1.0,1.0,VP,IDS 1
17215,1.0,1.0,VP,IDS 1
17216,1.0,1.0,VP,IDS 1
13162,0.0,0.0,VN,IDS 1
13164,0.0,0.0,VN,IDS 1
13165,0.0,0.0,VN,IDS 1
13167,0.0,0.0,VN,IDS 1
13168,0.0,0.0,VN,IDS 1
13170,1.0,0.0,FP,IDS 1
13171,0.0,0.0,VN,IDS 1
13368,0.0,0.0,VN,IDS 1
13372,0.0,0.0,VN,IDS 1
13373,0.0,0.0,VN,IDS 1
13374,0.0,0.0,VN,IDS 1
13375,0.0,0.0,VN,IDS 1
13376,0.0,0.0,VN,IDS 1
13377,0.0,0.0,VN,IDS 1
13378,0.0,0.0,VN,IDS 1
13379,0.0,0.0,VN,IDS 1
13380,0.0,0.0,VN,IDS 1
13381,0.0,0.0,VN,IDS 1
13382,0.0,0.0,VN,IDS 1
13383,0.0,0.0,VN,IDS 1
13384,0.0,0.0,VN,IDS 1
13385,0.0,0.0,VN,IDS 1
17242,1.0,1.0,VP,IDS 1
17247,0.0,1.0,FN,IDS 1
17249,1.0,1.0,VP,IDS 1
17252,1.0,1.0,VP,IDS 1
17253,1.0,1.0,VP,IDS 1
17256,1.0,1.0,VP,IDS 1
17258,0.0,1.0,FN,IDS 1
17259,0.0,1.0,FN,IDS 1
17261,1.0,1.0,VP,IDS 1
17263,1.0,1.0,VP,IDS 1
17265,1.0,1.0,VP,IDS 1
17266,1.0,1.0,VP,IDS 1
17268,1.0,1.0,VP,IDS 1
17269,1.0,1.0,VP,IDS 1
17270,1.0,1.0,VP,IDS 1
17273,1.0,1.0,VP,IDS 1
17274,0.0,1.0,FN,IDS 1
17275,0.0,1.0,FN,IDS 1
17278,1.0,1.0,VP,IDS 1
17279,0.0,1.0,FN,IDS 1
17280,1.0,1.0,VP,IDS 1
17282,1.0,1.0,VP,IDS 1
17283,0.0,1.0,FN,IDS 1
17284,1.0,1.0,VP,IDS 1
17285,1.0,1.0,VP,IDS 1
17286,0.0,1.0,FN,IDS 1
17287,1.0,1.0,VP,IDS 1
17288,1.0,1.0,VP,IDS 1
17289,1.0,1.0,VP,IDS 1
17291,1.0,1.0,VP,IDS 1
17292,1.0,1.0,VP,IDS 1
17294,1.0,1.0,VP,IDS 1
17295,1.0,1.0,VP,IDS 1
17296,1.0,1.0,VP,IDS 1
17299,0.0,1.0,FN,IDS 1
17300,0.0,1.0,FN,IDS 1
17304,1.0,1.0,VP,IDS 1
17305,1.0,1.0,VP,IDS 1
17307,1.0,1.0,VP,IDS 1
17308,0.0,1.0,FN,IDS 1
17309,1.0,1.0,VP,IDS 1
17310,1.0,1.0,VP,IDS 1
17311,1.0,1.0,VP,IDS 1
17313,1.0,1.0,VP,IDS 1
17314,1.0,1.0,VP,IDS 1
17315,1.0,1.0,VP,IDS 1
17316,0.0,1.0,FN,IDS 1
17319,1.0,1.0,VP,IDS 1
17322,0.0,1.0,FN,IDS 1
17329,1.0,1.0,VP,IDS 1
17331,1.0,1.0,VP,IDS 1
17332,1.0,1.0,VP,IDS 1
17333,1.0,1.0,VP,IDS 1
17334,1.0,1.0,VP,IDS 1
17335,0.0,1.0,FN,IDS 1
17418,1.0,1.0,VP,IDS 1
17419,1.0,1.0,VP,IDS 1
17420,0.0,1.0,FN,IDS 1
17424,1.0,1.0,VP,IDS 1
17426,1.0,1.0,VP,IDS 1
17427,1.0,1.0,VP,IDS 1
17428,1.0,1.0,VP,IDS 1
17430,1.0,1.0,VP,IDS 1
17431,1.0,1.0,VP,IDS 1
17432,1.0,1.0,VP,IDS 1
17435,1.0,1.0,VP,IDS 1
17487,1.0,1.0,VP,IDS 1
17489,1.0,1.0,VP,IDS 1
17490,1.0,1.0,VP,IDS 1
17491,1.0,1.0,VP,IDS 1
17492,1.0,1.0,VP,IDS 1
17493,1.0,1.0,VP,IDS 1
17568,2.0,2.0,VP,IDS 1
17569,2.0,2.0,VP,IDS 1
17570,2.0,2.0,VP,IDS 1
17571,2.0,2.0,VP,IDS 1
17573,2.0,2.0,VP,IDS 1
17574,2.0,2.0,VP,IDS 1
17576,2.0,2.0,VP,IDS 1
17577,2.0,2.0,VP,IDS 1
17578,2.0,2.0,VP,IDS 1
17579,2.0,2.0,VP,IDS 1
17580,2.0,2.0,VP,IDS 1
17581,2.0,2.0,VP,IDS 1
17582,2.0,2.0,VP,IDS 1
17583,2.0,2.0,VP,IDS 1
17584,2.0,2.0,VP,IDS 1
17585,2.0,2.0,VP,IDS 1
17586,2.0,2.0,VP,IDS 1
17587,2.0,2.0,VP,IDS 1
17588,2.0,2.0,VP,IDS 1
18053,2.0,2.0,VP,IDS 1
18054,2.0,2.0,VP,IDS 1
18085,2.0,2.0,VP,IDS 1
18087,2.0,2.0,VP,IDS 1
18089,2.0,2.0,VP,IDS 1
18091,2.0,2.0,VP,IDS 1
18092,2.0,2.0,VP,IDS 1
18093,2.0,2.0,VP,IDS 1
18094,2.0,2.0,VP,IDS 1
18095,2.0,2.0,VP,IDS 1
18096,2.0,2.0,VP,IDS 1
18097,2.0,2.0,VP,IDS 1
18099,2.0,2.0,VP,IDS 1
18102,2.0,2.0,VP,IDS 1
18103,2.0,2.0,VP,IDS 1
18104,2.0,2.0,VP,IDS 1
18105,2.0,2.0,VP,IDS 1
18106,2.0,2.0,VP,IDS 1
18107,2.0,2.0,VP,IDS 1
18109,2.0,2.0,VP,IDS 1
18110,2.0,2.0,VP,IDS 1
18111,2.0,2.0,VP,IDS 1
18112,2.0,2.0,VP,IDS 1
18142,2.0,2.0,VP,IDS 1
18144,2.0,2.0,VP,IDS 1
18145,2.0,2.0,VP,IDS 1
18146,2.0,2.0,VP,IDS 1
14734,0.0,0.0,VN,IDS 1
14736,0.0,0.0,VN,IDS 1
14737,0.0,0.0,VN,IDS 1
14738,0.0,0.0,VN,IDS 1
14739,0.0,0.0,VN,IDS 1
14743,0.0,0.0,VN,IDS 1
14744,0.0,0.0,VN,IDS 1
14745,0.0,0.0,VN,IDS 1
14749,0.0,0.0,VN,IDS 1
14750,0.0,0.0,VN,IDS 1
14753,0.0,0.0,VN,IDS 1
14754,0.0,0.0,VN,IDS 1
14755,0.0,0.0,VN,IDS 1
14756,0.0,0.0,VN,IDS 1
14757,0.0,0.0,VN,IDS 1
14822,0.0,0.0,VN,IDS 1
14823,0.0,0.0,VN,IDS 1
14827,0.0,0.0,VN,IDS 1
14828,0.0,0.0,VN,IDS 1
14829,0.0,0.0,VN,IDS 1
14830,0.0,0.0,VN,IDS 1
14831,0.0,0.0,VN,IDS 1
14832,0.0,0.0,VN,IDS 1
14833,0.0,0.0,VN,IDS 1
14834,0.0,0.0,VN,IDS 1
14836,0.0,0.0,VN,IDS 1
14837,0.0,0.0,VN,IDS 1
14838,0.0,0.0,VN,IDS 1
14839,0.0,0.0,VN,IDS 1
14842,0.0,0.0,VN,IDS 1
14843,0.0,0.0,VN,IDS 1
14844,0.0,0.0,VN,IDS 1
14845,0.0,0.0,VN,IDS 1
14846,0.0,0.0,VN,IDS 1
14847,0.0,0.0,VN,IDS 1
14851,0.0,0.0,VN,IDS 1
14852,0.0,0.0,VN,IDS 1
14885,0.0,0.0,VN,IDS 1
14886,0.0,0.0,VN,IDS 1
14888,0.0,0.0,VN,IDS 1
14890,0.0,0.0,VN,IDS 1
14891,0.0,0.0,VN,IDS 1
14892,0.0,0.0,VN,IDS 1
14895,0.0,0.0,VN,IDS 1
14896,0.0,0.0,VN,IDS 1
14897,0.0,0.0,VN,IDS 1
14901,0.0,0.0,VN,IDS 1
14902,0.0,0.0,VN,IDS 1
14904,0.0,0.0,VN,IDS 1
14905,0.0,0.0,VN,IDS 1
14907,1.0,0.0,FP,IDS 1
14908,0.0,0.0,VN,IDS 1
14909,0.0,0.0,VN,IDS 1
14911,0.0,0.0,VN,IDS 1
14912,0.0,0.0,VN,IDS 1
14913,0.0,0.0,VN,IDS 1
14914,0.0,0.0,VN,IDS 1
14915,0.0,0.0,VN,IDS 1
14919,0.0,0.0,VN,IDS 1
14920,0.0,0.0,VN,IDS 1
14921,0.0,0.0,VN,IDS 1
14925,0.0,0.0,VN,IDS 1
14926,0.0,0.0,VN,IDS 1
14927,0.0,0.0,VN,IDS 1
15037,1.0,1.0,VP,IDS 1
15038,1.0,1.0,VP,IDS 1
15039,1.0,1.0,VP,IDS 1
15041,1.0,1.0,VP,IDS 1
15043,0.0,1.0,FN,IDS 1
15044,0.0,1.0,FN,IDS 1
15045,0.0,1.0,FN,IDS 1
18604,2.0,2.0,VP,IDS 1
18605,2.0,2.0,VP,IDS 1
18606,2.0,2.0,VP,IDS 1
18607,2.0,2.0,VP,IDS 1
18608,2.0,2.0,VP,IDS 1
18609,2.0,2.0,VP,IDS 1
18610,2.0,2.0,VP,IDS 1
18611,2.0,2.0,VP,IDS 1
13445,0.0,0.0,VN,IDS 1
13447,0.0,0.0,VN,IDS 1
13448,0.0,0.0,VN,IDS 1
13450,0.0,0.0,VN,IDS 1
13451,0.0,0.0,VN,IDS 1
13452,0.0,0.0,VN,IDS 1
13456,0.0,0.0,VN,IDS 1
13459,0.0,0.0,VN,IDS 1
13460,0.0,0.0,VN,IDS 1
13461,0.0,0.0,VN,IDS 1
13765,0.0,0.0,VN,IDS 1
13766,0.0,0.0,VN,IDS 1
13767,0.0,0.0,VN,IDS 1
13769,0.0,0.0,VN,IDS 1
13770,0.0,0.0,VN,IDS 1
13771,0.0,0.0,VN,IDS 1
13772,0.0,0.0,VN,IDS 1
13773,0.0,0.0,VN,IDS 1
13774,0.0,0.0,VN,IDS 1
13775,0.0,0.0,VN,IDS 1
13776,0.0,0.0,VN,IDS 1
13777,0.0,0.0,VN,IDS 1
13778,0.0,0.0,VN,IDS 1
13780,0.0,0.0,VN,IDS 1
13197,0.0,0.0,VN,IDS 1
13198,1.0,0.0,FP,IDS 1
13201,0.0,0.0,VN,IDS 1
13236,0.0,0.0,VN,IDS 1
13237,0.0,0.0,VN,IDS 1
13238,0.0,0.0,VN,IDS 1
13239,0.0,0.0,VN,IDS 1
13241,0.0,0.0,VN,IDS 1
13243,0.0,0.0,VN,IDS 1
13244,0.0,0.0,VN,IDS 1
13245,0.0,0.0,VN,IDS 1
13247,1.0,0.0,FP,IDS 1
13249,0.0,0.0,VN,IDS 1
13250,0.0,0.0,VN,IDS 1
13253,0.0,0.0,VN,IDS 1
13255,0.0,0.0,VN,IDS 1
14506,0.0,0.0,VN,IDS 1
14507,0.0,0.0,VN,IDS 1
14508,0.0,0.0,VN,IDS 1
14509,0.0,0.0,VN,IDS 1
14510,0.0,0.0,VN,IDS 1
14511,0.0,0.0,VN,IDS 1
14512,0.0,0.0,VN,IDS 1
14513,0.0,0.0,VN,IDS 1
14514,0.0,0.0,VN,IDS 1
14516,0.0,0.0,VN,IDS 1
14517,0.0,0.0,VN,IDS 1
14519,0.0,0.0,VN,IDS 1
14520,0.0,0.0,VN,IDS 1
14521,0.0,0.0,VN,IDS 1
14522,0.0,0.0,VN,IDS 1
14523,0.0,0.0,VN,IDS 1
14524,0.0,0.0,VN,IDS 1
14525,0.0,0.0,VN,IDS 1
14526,0.0,0.0,VN,IDS 1
14528,0.0,0.0,VN,IDS 1
14530,0.0,0.0,VN,IDS 1
14531,0.0,0.0,VN,IDS 1
14532,0.0,0.0,VN,IDS 1
15046,1.0,1.0,VP,IDS 1
15047,0.0,1.0,FN,IDS 1
15048,1.0,1.0,VP,IDS 1
15049,0.0,1.0,FN,IDS 1
15050,1.0,1.0,VP,IDS 1
15051,0.0,1.0,FN,IDS 1
15052,1.0,1.0,VP,IDS 1
15054,1.0,1.0,VP,IDS 1
15055,0.0,1.0,FN,IDS 1
15056,1.0,1.0,VP,IDS 1
15058,1.0,1.0,VP,IDS 1
15059,1.0,1.0,VP,IDS 1
15061,0.0,1.0,FN,IDS 1
15065,1.0,1.0,VP,IDS 1
15269,1.0,1.0,VP,IDS 1
15276,1.0,1.0,VP,IDS 1
15277,0.0,1.0,FN,IDS 1
15280,0.0,1.0,FN,IDS 1
15281,1.0,1.0,VP,IDS 1
15282,0.0,1.0,FN,IDS 1
15284,0.0,1.0,FN,IDS 1
15285,1.0,1.0,VP,IDS 1
15286,0.0,1.0,FN,IDS 1
15289,0.0,1.0,FN,IDS 1
15290,1.0,1.0,VP,IDS 1
15293,1.0,1.0,VP,IDS 1
15296,1.0,1.0,VP,IDS 1
15297,0.0,1.0,FN,IDS 1
15298,1.0,1.0,VP,IDS 1
15299,0.0,1.0,FN,IDS 1
15301,0.0,1.0,FN,IDS 1
15405,0.0,1.0,FN,IDS 1
15408,1.0,1.0,VP,IDS 1
15409,1.0,1.0,VP,IDS 1
15410,1.0,1.0,VP,IDS 1
15411,1.0,1.0,VP,IDS 1
15414,1.0,1.0,VP,IDS 1
15415,1.0,1.0,VP,IDS 1
15419,0.0,1.0,FN,IDS 1
15456,1.0,1.0,VP,IDS 1
15457,1.0,1.0,VP,IDS 1
15458,1.0,1.0,VP,IDS 1
15459,1.0,1.0,VP,IDS 1
15461,1.0,1.0,VP,IDS 1
15463,1.0,1.0,VP,IDS 1
15464,1.0,1.0,VP,IDS 1
15465,0.0,1.0,FN,IDS 1
15466,0.0,1.0,FN,IDS 1
15469,1.0,1.0,VP,IDS 1
15470,1.0,1.0,VP,IDS 1
15471,0.0,1.0,FN,IDS 1
15473,1.0,1.0,VP,IDS 1
16183,1.0,1.0,VP,IDS 1
16184,0.0,1.0,FN,IDS 1
16187,1.0,1.0,VP,IDS 1
16188,1.0,1.0,VP,IDS 1
16189,1.0,1.0,VP,IDS 1
16190,1.0,1.0,VP,IDS 1
16192,1.0,1.0,VP,IDS 1
16193,0.0,1.0,FN,IDS 1
16194,1.0,1.0,VP,IDS 1
16196,1.0,1.0,VP,IDS 1
16198,1.0,1.0,VP,IDS 1
16199,1.0,1.0,VP,IDS 1
16200,1.0,1.0,VP,IDS 1
16202,1.0,1.0,VP,IDS 1
16203,1.0,1.0,VP,IDS 1
16204,1.0,1.0,VP,IDS 1
16205,1.0,1.0,VP,IDS 1
16206,1.0,1.0,VP,IDS 1
16208,1.0,1.0,VP,IDS 1
16209,1.0,1.0,VP,IDS 1
16210,1.0,1.0,VP,IDS 1
16211,0.0,1.0,FN,IDS 1
16212,0.0,1.0,FN,IDS 1
16213,0.0,1.0,FN,IDS 1
16496,0.0,1.0,FN,IDS 1
16497,1.0,1.0,VP,IDS 1
16498,0.0,1.0,FN,IDS 1
16502,0.0,1.0,FN,IDS 1
16504,1.0,1.0,VP,IDS 1
16505,1.0,1.0,VP,IDS 1
16506,0.0,1.0,FN,IDS 1
16510,1.0,1.0,VP,IDS 1
16511,0.0,1.0,FN,IDS 1
16515,1.0,1.0,VP,IDS 1
16516,0.0,1.0,FN,IDS 1
16517,1.0,1.0,VP,IDS 1
16518,1.0,1.0,VP,IDS 1
16520,1.0,1.0,VP,IDS 1
16521,1.0,1.0,VP,IDS 1
16524,1.0,1.0,VP,IDS 1
16525,1.0,1.0,VP,IDS 1
16527,0.0,1.0,FN,IDS 1
16529,0.0,1.0,FN,IDS 1
16707,0.0,1.0,FN,IDS 1
16708,1.0,1.0,VP,IDS 1
17837,2.0,2.0,VP,IDS 1
17838,2.0,2.0,VP,IDS 1
17839,2.0,2.0,VP,IDS 1
17841,2.0,2.0,VP,IDS 1
17842,2.0,2.0,VP,IDS 1
17843,2.0,2.0,VP,IDS 1
17844,2.0,2.0,VP,IDS 1
17845,2.0,2.0,VP,IDS 1
17846,2.0,2.0,VP,IDS 1
17847,2.0,2.0,VP,IDS 1
17848,2.0,2.0,VP,IDS 1
17849,2.0,2.0,VP,IDS 1
17850,2.0,2.0,VP,IDS 1
17851,2.0,2.0,VP,IDS 1
17852,2.0,2.0,VP,IDS 1
17854,2.0,2.0,VP,IDS 1
17855,2.0,2.0,VP,IDS 1
17856,2.0,2.0,VP,IDS 1
17857,2.0,2.0,VP,IDS 1
17858,2.0,2.0,VP,IDS 1
17860,2.0,2.0,VP,IDS 1
17861,2.0,2.0,VP,IDS 1
17862,2.0,2.0,VP,IDS 1
17863,2.0,2.0,VP,IDS 1
17864,2.0,2.0,VP,IDS 1
17865,2.0,2.0,VP,IDS 1
17867,2.0,2.0,VP,IDS 1
17868,2.0,2.0,VP,IDS 1
17869,2.0,2.0,VP,IDS 1
17870,2.0,2.0,VP,IDS 1
17871,2.0,2.0,VP,IDS 1
17872,2.0,2.0,VP,IDS 1
17873,2.0,2.0,VP,IDS 1
17875,2.0,2.0,VP,IDS 1
17876,2.0,2.0,VP,IDS 1
17878,2.0,2.0,VP,IDS 1
17879,2.0,2.0,VP,IDS 1
17880,2.0,2.0,VP,IDS 1
17882,2.0,2.0,VP,IDS 1
17884,2.0,2.0,VP,IDS 1
17885,2.0,2.0,VP,IDS 1
15303,1.0,1.0,VP,IDS 1
15304,0.0,1.0,FN,IDS 1
15305,1.0,1.0,VP,IDS 1
15306,0.0,1.0,FN,IDS 1
15307,0.0,1.0,FN,IDS 1
15308,1.0,1.0,VP,IDS 1
15309,1.0,1.0,VP,IDS 1
15351,1.0,1.0,VP,IDS 1
15352,1.0,1.0,VP,IDS 1
15353,0.0,1.0,FN,IDS 1
15354,1.0,1.0,VP,IDS 1
15355,1.0,1.0,VP,IDS 1
15357,0.0,1.0,FN,IDS 1
15358,1.0,1.0,VP,IDS 1
15360,1.0,1.0,VP,IDS 1
15361,0.0,1.0,FN,IDS 1
15362,1.0,1.0,VP,IDS 1
15363,1.0,1.0,VP,IDS 1
15364,1.0,1.0,VP,IDS 1
15366,1.0,1.0,VP,IDS 1
15368,1.0,1.0,VP,IDS 1
15369,0.0,1.0,FN,IDS 1
15370,1.0,1.0,VP,IDS 1
15371,1.0,1.0,VP,IDS 1
15372,1.0,1.0,VP,IDS 1
15375,1.0,1.0,VP,IDS 1
15378,1.0,1.0,VP,IDS 1
15379,1.0,1.0,VP,IDS 1
15380,1.0,1.0,VP,IDS 1
15381,1.0,1.0,VP,IDS 1
15382,1.0,1.0,VP,IDS 1
15385,0.0,1.0,FN,IDS 1
15386,1.0,1.0,VP,IDS 1
15388,1.0,1.0,VP,IDS 1
15392,1.0,1.0,VP,IDS 1
15393,1.0,1.0,VP,IDS 1
15394,1.0,1.0,VP,IDS 1
15396,1.0,1.0,VP,IDS 1
15397,1.0,1.0,VP,IDS 1
15400,1.0,1.0,VP,IDS 1
15401,1.0,1.0,VP,IDS 1
15402,0.0,1.0,FN,IDS 1
15404,1.0,1.0,VP,IDS 1
15623,1.0,1.0,VP,IDS 1
15624,1.0,1.0,VP,IDS 1
15625,0.0,1.0,FN,IDS 1
15627,0.0,1.0,FN,IDS 1
15632,1.0,1.0,VP,IDS 1
15633,1.0,1.0,VP,IDS 1
15634,1.0,1.0,VP,IDS 1
15638,1.0,1.0,VP,IDS 1
15670,1.0,1.0,VP,IDS 1
15671,1.0,1.0,VP,IDS 1
15673,1.0,1.0,VP,IDS 1
15674,0.0,1.0,FN,IDS 1
15675,0.0,1.0,FN,IDS 1
15677,1.0,1.0,VP,IDS 1
15678,1.0,1.0,VP,IDS 1
15679,0.0,1.0,FN,IDS 1
15683,1.0,1.0,VP,IDS 1
15684,0.0,1.0,FN,IDS 1
15685,1.0,1.0,VP,IDS 1
15686,0.0,1.0,FN,IDS 1
15687,0.0,1.0,FN,IDS 1
15688,1.0,1.0,VP,IDS 1
15689,1.0,1.0,VP,IDS 1
15691,1.0,1.0,VP,IDS 1
15696,0.0,1.0,FN,IDS 1
15697,1.0,1.0,VP,IDS 1
15699,1.0,1.0,VP,IDS 1
15700,1.0,1.0,VP,IDS 1
15701,0.0,1.0,FN,IDS 1
15702,1.0,1.0,VP,IDS 1
15704,1.0,1.0,VP,IDS 1
15705,1.0,1.0,VP,IDS 1
15709,1.0,1.0,VP,IDS 1
15710,1.0,1.0,VP,IDS 1
15711,1.0,1.0,VP,IDS 1
15713,1.0,1.0,VP,IDS 1
15714,1.0,1.0,VP,IDS 1
15716,1.0,1.0,VP,IDS 1
15717,1.0,1.0,VP,IDS 1
15718,0.0,1.0,FN,IDS 1
15720,1.0,1.0,VP,IDS 1
15721,1.0,1.0,VP,IDS 1
15723,1.0,1.0,VP,IDS 1
15724,0.0,1.0,FN,IDS 1
15806,1.0,1.0,VP,IDS 1
15807,1.0,1.0,VP,IDS 1
15810,1.0,1.0,VP,IDS 1
15811,1.0,1.0,VP,IDS 1
15812,0.0,1.0,FN,IDS 1
15815,1.0,1.0,VP,IDS 1
15817,1.0,1.0,VP,IDS 1
15862,0.0,1.0,FN,IDS 1
15863,0.0,1.0,FN,IDS 1
15864,1.0,1.0,VP,IDS 1
15865,1.0,1.0,VP,IDS 1
15868,1.0,1.0,VP,IDS 1
15869,1.0,1.0,VP,IDS 1
15870,1.0,1.0,VP,IDS 1
15871,1.0,1.0,VP,IDS 1
15872,1.0,1.0,VP,IDS 1
15874,1.0,1.0,VP,IDS 1
15876,1.0,1.0,VP,IDS 1
15878,1.0,1.0,VP,IDS 1
15881,1.0,1.0,VP,IDS 1
15883,1.0,1.0,VP,IDS 1
15884,1.0,1.0,VP,IDS 1
15886,1.0,1.0,VP,IDS 1
15887,1.0,1.0,VP,IDS 1
15888,0.0,1.0,FN,IDS 1
15890,1.0,1.0,VP,IDS 1
15891,1.0,1.0,VP,IDS 1
15892,1.0,1.0,VP,IDS 1
15893,1.0,1.0,VP,IDS 1
16010,1.0,1.0,VP,IDS 1
16012,1.0,1.0,VP,IDS 1
16014,0.0,1.0,FN,IDS 1
16015,0.0,1.0,FN,IDS 1
16016,1.0,1.0,VP,IDS 1
16017,0.0,1.0,FN,IDS 1
16018,1.0,1.0,VP,IDS 1
16019,1.0,1.0,VP,IDS 1
16020,1.0,1.0,VP,IDS 1
16022,0.0,1.0,FN,IDS 1
16024,0.0,1.0,FN,IDS 1
16032,0.0,1.0,FN,IDS 1
16033,1.0,1.0,VP,IDS 1
16034,1.0,1.0,VP,IDS 1
16035,0.0,1.0,FN,IDS 1
16036,1.0,1.0,VP,IDS 1
16039,0.0,1.0,FN,IDS 1
16040,1.0,1.0,VP,IDS 1
16042,1.0,1.0,VP,IDS 1
16043,1.0,1.0,VP,IDS 1
16044,1.0,1.0,VP,IDS 1
16155,1.0,1.0,VP,IDS 1
16156,0.0,1.0,FN,IDS 1
16158,1.0,1.0,VP,IDS 1
16161,1.0,1.0,VP,IDS 1
16162,0.0,1.0,FN,IDS 1
16164,1.0,1.0,VP,IDS 1
16166,1.0,1.0,VP,IDS 1
16169,1.0,1.0,VP,IDS 1
16170,1.0,1.0,VP,IDS 1
16172,0.0,1.0,FN,IDS 1
16174,0.0,1.0,FN,IDS 1
16175,1.0,1.0,VP,IDS 1
16179,1.0,1.0,VP,IDS 1
16180,1.0,1.0,VP,IDS 1
16181,1.0,1.0,VP,IDS 1
16182,1.0,1.0,VP,IDS 1
16214,1.0,1.0,VP,IDS 1
16215,1.0,1.0,VP,IDS 1
16216,0.0,1.0,FN,IDS 1
16217,1.0,1.0,VP,IDS 1
16218,0.0,1.0,FN,IDS 1
16394,0.0,1.0,FN,IDS 1
16395,1.0,1.0,VP,IDS 1
16397,1.0,1.0,VP,IDS 1
16398,1.0,1.0,VP,IDS 1
16401,1.0,1.0,VP,IDS 1
16405,0.0,1.0,FN,IDS 1
16406,1.0,1.0,VP,IDS 1
16407,0.0,1.0,FN,IDS 1
16410,1.0,1.0,VP,IDS 1
16411,1.0,1.0,VP,IDS 1
16413,1.0,1.0,VP,IDS 1
16415,1.0,1.0,VP,IDS 1
16416,1.0,1.0,VP,IDS 1
16417,0.0,1.0,FN,IDS 1
16418,1.0,1.0,VP,IDS 1
16419,1.0,1.0,VP,IDS 1
16422,1.0,1.0,VP,IDS 1
16424,1.0,1.0,VP,IDS 1
16425,1.0,1.0,VP,IDS 1
16428,1.0,1.0,VP,IDS 1
16429,1.0,1.0,VP,IDS 1
16491,1.0,1.0,VP,IDS 1
16494,1.0,1.0,VP,IDS 1
16709,1.0,1.0,VP,IDS 1
16712,1.0,1.0,VP,IDS 1
16713,1.0,1.0,VP,IDS 1
16714,0.0,1.0,FN,IDS 1
16715,1.0,1.0,VP,IDS 1
16716,0.0,1.0,FN,IDS 1
16718,1.0,1.0,VP,IDS 1
16719,1.0,1.0,VP,IDS 1
16721,0.0,1.0,FN,IDS 1
16722,1.0,1.0,VP,IDS 1
16723,1.0,1.0,VP,IDS 1
16724,0.0,1.0,FN,IDS 1
16725,1.0,1.0,VP,IDS 1
16727,1.0,1.0,VP,IDS 1
16728,0.0,1.0,FN,IDS 1
16731,1.0,1.0,VP,IDS 1
16734,0.0,1.0,FN,IDS 1
16735,0.0,1.0,FN,IDS 1
16737,0.0,1.0,FN,IDS 1
16738,1.0,1.0,VP,IDS 1
16739,1.0,1.0,VP,IDS 1
16740,0.0,1.0,FN,IDS 1
16741,1.0,1.0,VP,IDS 1
16840,1.0,1.0,VP,IDS 1
16841,1.0,1.0,VP,IDS 1
16842,1.0,1.0,VP,IDS 1
16843,1.0,1.0,VP,IDS 1
16844,1.0,1.0,VP,IDS 1
16845,1.0,1.0,VP,IDS 1
16847,1.0,1.0,VP,IDS 1
16848,1.0,1.0,VP,IDS 1
16849,1.0,1.0,VP,IDS 1
16852,1.0,1.0,VP,IDS 1
16853,1.0,1.0,VP,IDS 1
16854,1.0,1.0,VP,IDS 1
16913,1.0,1.0,VP,IDS 1
16914,0.0,1.0,FN,IDS 1
16916,1.0,1.0,VP,IDS 1
16919,0.0,1.0,FN,IDS 1
16921,1.0,1.0,VP,IDS 1
16922,1.0,1.0,VP,IDS 1
16924,0.0,1.0,FN,IDS 1
16926,1.0,1.0,VP,IDS 1
16927,1.0,1.0,VP,IDS 1
16928,1.0,1.0,VP,IDS 1
16929,0.0,1.0,FN,IDS 1
16932,0.0,1.0,FN,IDS 1
16934,0.0,1.0,FN,IDS 1
16936,1.0,1.0,VP,IDS 1
16937,1.0,1.0,VP,IDS 1
16939,1.0,1.0,VP,IDS 1
16940,1.0,1.0,VP,IDS 1
16941,1.0,1.0,VP,IDS 1
16942,1.0,1.0,VP,IDS 1
16943,0.0,1.0,FN,IDS 1
16944,1.0,1.0,VP,IDS 1
16947,0.0,1.0,FN,IDS 1
17027,1.0,1.0,VP,IDS 1
17028,1.0,1.0,VP,IDS 1
17029,1.0,1.0,VP,IDS 1
17031,0.0,1.0,FN,IDS 1
17382,1.0,1.0,VP,IDS 1
17383,1.0,1.0,VP,IDS 1
17384,1.0,1.0,VP,IDS 1
17385,0.0,1.0,FN,IDS 1
17386,1.0,1.0,VP,IDS 1
17387,0.0,1.0,FN,IDS 1
17389,0.0,1.0,FN,IDS 1
17393,1.0,1.0,VP,IDS 1
17394,1.0,1.0,VP,IDS 1
17395,1.0,1.0,VP,IDS 1
17396,1.0,1.0,VP,IDS 1
17399,1.0,1.0,VP,IDS 1
17400,0.0,1.0,FN,IDS 1
17401,1.0,1.0,VP,IDS 1
17405,1.0,1.0,VP,IDS 1
17407,1.0,1.0,VP,IDS 1
17408,1.0,1.0,VP,IDS 1
17409,1.0,1.0,VP,IDS 1
17412,1.0,1.0,VP,IDS 1
17413,1.0,1.0,VP,IDS 1
17414,1.0,1.0,VP,IDS 1
17415,1.0,1.0,VP,IDS 1
17416,1.0,1.0,VP,IDS 1
17495,1.0,1.0,VP,IDS 1
17496,0.0,1.0,FN,IDS 1
17497,2.0,2.0,VP,IDS 1
17499,2.0,2.0,VP,IDS 1
17500,2.0,2.0,VP,IDS 1
17501,2.0,2.0,VP,IDS 1
17503,2.0,2.0,VP,IDS 1
17504,2.0,2.0,VP,IDS 1
17505,2.0,2.0,VP,IDS 1
17506,2.0,2.0,VP,IDS 1
17507,2.0,2.0,VP,IDS 1
17508,2.0,2.0,VP,IDS 1
17510,2.0,2.0,VP,IDS 1
17514,2.0,2.0,VP,IDS 1
17515,2.0,2.0,VP,IDS 1
17516,2.0,2.0,VP,IDS 1
17518,2.0,2.0,VP,IDS 1
17519,2.0,2.0,VP,IDS 1
17520,2.0,2.0,VP,IDS 1
17521,2.0,2.0,VP,IDS 1
17522,2.0,2.0,VP,IDS 1
17523,2.0,2.0,VP,IDS 1
17524,2.0,2.0,VP,IDS 1
17526,2.0,2.0,VP,IDS 1
17527,2.0,2.0,VP,IDS 1
17528,2.0,2.0,VP,IDS 1
17529,2.0,2.0,VP,IDS 1
17531,2.0,2.0,VP,IDS 1
17532,2.0,2.0,VP,IDS 1
17533,2.0,2.0,VP,IDS 1
17534,2.0,2.0,VP,IDS 1
17536,2.0,2.0,VP,IDS 1
17537,2.0,2.0,VP,IDS 1
17559,2.0,2.0,VP,IDS 1
17560,2.0,2.0,VP,IDS 1
17562,2.0,2.0,VP,IDS 1
17563,2.0,2.0,VP,IDS 1
17564,2.0,2.0,VP,IDS 1
17566,2.0,2.0,VP,IDS 1
17567,2.0,2.0,VP,IDS 1
17627,2.0,2.0,VP,IDS 1
17628,2.0,2.0,VP,IDS 1
17629,2.0,2.0,VP,IDS 1
17630,2.0,2.0,VP,IDS 1
17631,2.0,2.0,VP,IDS 1
17632,2.0,2.0,VP,IDS 1
17633,2.0,2.0,VP,IDS 1
17634,2.0,2.0,VP,IDS 1
17635,2.0,2.0,VP,IDS 1
17636,2.0,2.0,VP,IDS 1
17637,2.0,2.0,VP,IDS 1
17638,2.0,2.0,VP,IDS 1
17639,2.0,2.0,VP,IDS 1
17640,2.0,2.0,VP,IDS 1
17641,2.0,2.0,VP,IDS 1
17643,2.0,2.0,VP,IDS 1
17644,2.0,2.0,VP,IDS 1
17645,2.0,2.0,VP,IDS 1
17646,2.0,2.0,VP,IDS 1
17647,2.0,2.0,VP,IDS 1
17648,2.0,2.0,VP,IDS 1
17649,2.0,2.0,VP,IDS 1
17650,2.0,2.0,VP,IDS 1
17651,2.0,2.0,VP,IDS 1
17835,2.0,2.0,VP,IDS 1
17836,2.0,2.0,VP,IDS 1
18383,2.0,2.0,VP,IDS 1
18384,2.0,2.0,VP,IDS 1
18385,2.0,2.0,VP,IDS 1
18386,2.0,2.0,VP,IDS 1
18387,2.0,2.0,VP,IDS 1
18389,2.0,2.0,VP,IDS 1
18392,2.0,2.0,VP,IDS 1
18393,2.0,2.0,VP,IDS 1
18394,2.0,2.0,VP,IDS 1
18395,2.0,2.0,VP,IDS 1
18396,2.0,2.0,VP,IDS 1
18397,2.0,2.0,VP,IDS 1
18398,2.0,2.0,VP,IDS 1
18399,2.0,2.0,VP,IDS 1
18400,2.0,2.0,VP,IDS 1
18401,2.0,2.0,VP,IDS 1
18402,2.0,2.0,VP,IDS 1
18403,2.0,2.0,VP,IDS 1
18404,2.0,2.0,VP,IDS 1
18405,2.0,2.0,VP,IDS 1
18406,2.0,2.0,VP,IDS 1
18407,2.0,2.0,VP,IDS 1
18408,2.0,2.0,VP,IDS 1
18840,2.0,2.0,VP,IDS 1
18841,2.0,2.0,VP,IDS 1
18842,2.0,2.0,VP,IDS 1
18843,2.0,2.0,VP,IDS 1
18844,2.0,2.0,VP,IDS 1
18846,2.0,2.0,VP,IDS 1
18848,2.0,2.0,VP,IDS 1
18849,2.0,2.0,VP,IDS 1
18850,2.0,2.0,VP,IDS 1
18851,2.0,2.0,VP,IDS 1
18852,2.0,2.0,VP,IDS 1
18853,2.0,2.0,VP,IDS 1
18854,2.0,2.0,VP,IDS 1
18855,2.0,2.0,VP,IDS 1
18856,2.0,2.0,VP,IDS 1
18857,2.0,2.0,VP,IDS 1
18858,2.0,2.0,VP,IDS 1
18860,2.0,2.0,VP,IDS 1
18861,2.0,2.0,VP,IDS 1
18862,2.0,2.0,VP,IDS 1
18863,2.0,2.0,VP,IDS 1
18864,2.0,2.0,VP,IDS 1
18865,2.0,2.0,VP,IDS 1
18866,2.0,2.0,VP,IDS 1
18867,2.0,2.0,VP,IDS 1
18868,2.0,2.0,VP,IDS 1
18869,2.0,2.0,VP,IDS 1
18870,2.0,2.0,VP,IDS 1
18871,2.0,2.0,VP,IDS 1
18872,2.0,2.0,VP,IDS 1
18873,2.0,2.0,VP,IDS 1
18875,2.0,2.0,VP,IDS 1
18876,2.0,2.0,VP,IDS 1
18877,2.0,2.0,VP,IDS 1
18878,2.0,2.0,VP,IDS 1
18879,2.0,2.0,VP,IDS 1
18880,2.0,2.0,VP,IDS 1
18881,2.0,2.0,VP,IDS 1
18882,2.0,2.0,VP,IDS 1
18883,2.0,2.0,VP,IDS 1
18884,2.0,2.0,VP,IDS 1
18885,2.0,2.0,VP,IDS 1
18888,2.0,2.0,VP,IDS 1
18889,2.0,2.0,VP,IDS 1
18890,2.0,2.0,VP,IDS 1
18891,2.0,2.0,VP,IDS 1
18892,2.0,2.0,VP,IDS 1
18893,2.0,2.0,VP,IDS 1
18894,2.0,2.0,VP,IDS 1
18895,2.0,2.0,VP,IDS 1
18897,2.0,2.0,VP,IDS 1
18898,2.0,2.0,VP,IDS 1
18899,2.0,2.0,VP,IDS 1
18900,2.0,2.0,VP,IDS 1
18901,2.0,2.0,VP,IDS 1
18902,2.0,2.0,VP,IDS 1
18903,2.0,2.0,VP,IDS 1
18904,2.0,2.0,VP,IDS 1
18905,2.0,2.0,VP,IDS 1
18906,2.0,2.0,VP,IDS 1
18907,2.0,2.0,VP,IDS 1
18908,2.0,2.0,VP,IDS 1
18909,2.0,2.0,VP,IDS 1
18910,2.0,2.0,VP,IDS 1
19016,2.0,2.0,VP,IDS 1
19017,2.0,2.0,VP,IDS 1
19018,2.0,2.0,VP,IDS 1
19019,2.0,2.0,VP,IDS 1
13710,0.0,0.0,VN,IDS 1
13712,0.0,0.0,VN,IDS 1
13713,0.0,0.0,VN,IDS 1
13714,0.0,0.0,VN,IDS 1
13715,0.0,0.0,VN,IDS 1
13718,0.0,0.0,VN,IDS 1
13720,0.0,0.0,VN,IDS 1
13721,0.0,0.0,VN,IDS 1
13722,0.0,0.0,VN,IDS 1
13723,0.0,0.0,VN,IDS 1
14479,0.0,0.0,VN,IDS 1
14482,0.0,0.0,VN,IDS 1
14483,0.0,0.0,VN,IDS 1
14484,0.0,0.0,VN,IDS 1
14485,0.0,0.0,VN,IDS 1
14488,0.0,0.0,VN,IDS 1
14489,0.0,0.0,VN,IDS 1
14490,0.0,0.0,VN,IDS 1
14491,0.0,0.0,VN,IDS 1
14650,0.0,0.0,VN,IDS 1
14651,0.0,0.0,VN,IDS 1
14652,0.0,0.0,VN,IDS 1
14653,0.0,0.0,VN,IDS 1
14655,0.0,0.0,VN,IDS 1
14656,0.0,0.0,VN,IDS 1
14657,0.0,0.0,VN,IDS 1
14658,0.0,0.0,VN,IDS 1
14659,0.0,0.0,VN,IDS 1
14660,1.0,0.0,FP,IDS 1
14662,0.0,0.0,VN,IDS 1
14664,0.0,0.0,VN,IDS 1
14665,0.0,0.0,VN,IDS 1
14666,0.0,0.0,VN,IDS 1
14668,0.0,0.0,VN,IDS 1
14670,0.0,0.0,VN,IDS 1
14671,0.0,0.0,VN,IDS 1
14672,0.0,0.0,VN,IDS 1
14676,0.0,0.0,VN,IDS 1
14679,0.0,0.0,VN,IDS 1
14681,0.0,0.0,VN,IDS 1
14684,0.0,0.0,VN,IDS 1
14685,0.0,0.0,VN,IDS 1
14686,0.0,0.0,VN,IDS 1
14688,0.0,0.0,VN,IDS 1
14689,0.0,0.0,VN,IDS 1
14690,0.0,0.0,VN,IDS 1
14691,0.0,0.0,VN,IDS 1
18997,2.0,2.0,VP,IDS 1
18999,2.0,2.0,VP,IDS 1
19000,2.0,2.0,VP,IDS 1
19001,2.0,2.0,VP,IDS 1
19002,2.0,2.0,VP,IDS 1
19003,2.0,2.0,VP,IDS 1
19004,2.0,2.0,VP,IDS 1
19006,2.0,2.0,VP,IDS 3
19007,2.0,2.0,VP,IDS 1
19008,2.0,2.0,VP,IDS 1
19009,2.0,2.0,VP,IDS 1
19010,2.0,2.0,VP,IDS 1
19011,2.0,2.0,VP,IDS 1
19012,2.0,2.0,VP,IDS 1
19013,2.0,2.0,VP,IDS 1
13966,0.0,0.0,VN,IDS 1
19014,2.0,2.0,VP,IDS 1
19015,2.0,2.0,VP,IDS 1
13967,1.0,0.0,FP,IDS 1
13968,0.0,0.0,VN,IDS 1
13970,0.0,0.0,VN,IDS 1
13972,0.0,0.0,VN,IDS 1
13973,0.0,0.0,VN,IDS 1
13974,0.0,0.0,VN,IDS 1
13975,0.0,0.0,VN,IDS 1
13981,0.0,0.0,VN,IDS 1
13982,0.0,0.0,VN,IDS 1
13985,0.0,0.0,VN,IDS 1
13986,0.0,0.0,VN,IDS 1
13987,0.0,0.0,VN,IDS 1
13989,0.0,0.0,VN,IDS 1
13992,0.0,0.0,VN,IDS 1
13993,0.0,0.0,VN,IDS 1
13994,0.0,0.0,VN,IDS 1
13998,0.0,0.0,VN,IDS 1
13999,0.0,0.0,VN,IDS 1
14000,0.0,0.0,VN,IDS 1
14001,0.0,0.0,VN,IDS 1
14158,1.0,0.0,FP,IDS 1
14159,0.0,0.0,VN,IDS 1
14160,0.0,0.0,VN,IDS 1
14161,0.0,0.0,VN,IDS 1
14162,0.0,0.0,VN,IDS 1
14163,0.0,0.0,VN,IDS 1
14164,0.0,0.0,VN,IDS 1
14165,0.0,0.0,VN,IDS 1
14166,0.0,0.0,VN,IDS 1
14167,0.0,0.0,VN,IDS 1
14261,0.0,0.0,VN,IDS 1
14262,0.0,0.0,VN,IDS 1
14263,0.0,0.0,VN,IDS 1
14266,0.0,0.0,VN,IDS 1
14267,0.0,0.0,VN,IDS 1
14268,0.0,0.0,VN,IDS 1
14269,0.0,0.0,VN,IDS 1
14270,0.0,0.0,VN,IDS 1
14272,0.0,0.0,VN,IDS 1
14273,0.0,0.0,VN,IDS 1
14274,0.0,0.0,VN,IDS 1
14278,0.0,0.0,VN,IDS 1
14279,0.0,0.0,VN,IDS 1
13695,0.0,0.0,VN,IDS 1
13697,0.0,0.0,VN,IDS 1
13699,0.0,0.0,VN,IDS 1
13700,0.0,0.0,VN,IDS 1
13703,0.0,0.0,VN,IDS 1
13704,0.0,0.0,VN,IDS 1
13705,0.0,0.0,VN,IDS 1
13706,0.0,0.0,VN,IDS 1
13707,0.0,0.0,VN,IDS 1
13708,0.0,0.0,VN,IDS 1
13709,0.0,0.0,VN,IDS 1
15474,0.0,1.0,FN,IDS 1
15475,1.0,1.0,VP,IDS 1
15476,1.0,1.0,VP,IDS 1
15478,0.0,1.0,FN,IDS 1
15479,0.0,1.0,FN,IDS 1
15484,1.0,1.0,VP,IDS 1
15485,0.0,1.0,FN,IDS 1
15486,1.0,1.0,VP,IDS 1
15596,0.0,1.0,FN,IDS 1
15598,1.0,1.0,VP,IDS 1
15602,1.0,1.0,VP,IDS 1
15603,1.0,1.0,VP,IDS 1
15604,1.0,1.0,VP,IDS 1
15606,1.0,1.0,VP,IDS 1
15607,1.0,1.0,VP,IDS 1
15608,0.0,1.0,FN,IDS 1
15610,1.0,1.0,VP,IDS 1
15614,0.0,1.0,FN,IDS 1
15616,0.0,1.0,FN,IDS 1
15618,0.0,1.0,FN,IDS 1
15619,0.0,1.0,FN,IDS 1
15727,1.0,1.0,VP,IDS 1
15728,0.0,1.0,FN,IDS 1
15731,1.0,1.0,VP,IDS 1
15732,1.0,1.0,VP,IDS 1
15733,1.0,1.0,VP,IDS 1
15735,1.0,1.0,VP,IDS 1
15736,1.0,1.0,VP,IDS 1
15737,0.0,1.0,FN,IDS 1
15738,1.0,1.0,VP,IDS 1
15781,0.0,1.0,FN,IDS 1
15782,1.0,1.0,VP,IDS 1
15783,1.0,1.0,VP,IDS 1
15784,1.0,1.0,VP,IDS 1
15787,1.0,1.0,VP,IDS 1
15790,0.0,1.0,FN,IDS 1
15795,0.0,1.0,FN,IDS 1
15797,1.0,1.0,VP,IDS 1
15798,0.0,1.0,FN,IDS 1
15799,0.0,1.0,FN,IDS 1
15800,1.0,1.0,VP,IDS 1
15801,1.0,1.0,VP,IDS 1
15802,1.0,1.0,VP,IDS 1
15804,1.0,1.0,VP,IDS 1
16855,1.0,1.0,VP,IDS 1
16856,0.0,1.0,FN,IDS 1
16858,0.0,1.0,FN,IDS 1
16859,1.0,1.0,VP,IDS 1
16860,0.0,1.0,FN,IDS 1
16861,0.0,1.0,FN,IDS 1
16862,0.0,1.0,FN,IDS 1
16863,1.0,1.0,VP,IDS 1
16865,1.0,1.0,VP,IDS 1
16895,0.0,1.0,FN,IDS 1
16896,1.0,1.0,VP,IDS 1
16897,1.0,1.0,VP,IDS 1
16898,1.0,1.0,VP,IDS 1
16901,1.0,1.0,VP,IDS 1
16902,1.0,1.0,VP,IDS 1
16903,1.0,1.0,VP,IDS 1
16905,1.0,1.0,VP,IDS 1
16906,0.0,1.0,FN,IDS 1
16908,1.0,1.0,VP,IDS 1
16909,1.0,1.0,VP,IDS 1
16910,1.0,1.0,VP,IDS 1
16911,0.0,1.0,FN,IDS 1
16949,1.0,1.0,VP,IDS 1
16950,0.0,1.0,FN,IDS 1
16952,1.0,1.0,VP,IDS 1
16953,1.0,1.0,VP,IDS 1
16957,1.0,1.0,VP,IDS 1
16958,1.0,1.0,VP,IDS 1
16959,1.0,1.0,VP,IDS 1
16962,0.0,1.0,FN,IDS 1
16963,0.0,1.0,FN,IDS 1
16964,1.0,1.0,VP,IDS 1
17003,0.0,1.0,FN,IDS 1
17004,1.0,1.0,VP,IDS 1
17005,1.0,1.0,VP,IDS 1
17006,0.0,1.0,FN,IDS 1
17007,1.0,1.0,VP,IDS 1
17009,1.0,1.0,VP,IDS 1
17010,0.0,1.0,FN,IDS 1
17012,1.0,1.0,VP,IDS 1
17013,1.0,1.0,VP,IDS 1
15223,0.0,1.0,FN,IDS 1
15230,0.0,1.0,FN,IDS 1
15420,1.0,1.0,VP,IDS 1
15425,1.0,1.0,VP,IDS 1
15426,1.0,1.0,VP,IDS 1
15428,1.0,1.0,VP,IDS 1
15429,1.0,1.0,VP,IDS 1
15430,1.0,1.0,VP,IDS 1
15432,1.0,1.0,VP,IDS 1
15435,1.0,1.0,VP,IDS 1
15437,0.0,1.0,FN,IDS 1
15438,1.0,1.0,VP,IDS 1
15439,1.0,1.0,VP,IDS 1
15440,1.0,1.0,VP,IDS 1
15442,1.0,1.0,VP,IDS 1
15444,1.0,1.0,VP,IDS 1
15445,0.0,1.0,FN,IDS 1
15447,1.0,1.0,VP,IDS 1
15448,1.0,1.0,VP,IDS 1
15450,1.0,1.0,VP,IDS 1
15451,1.0,1.0,VP,IDS 1
15452,1.0,1.0,VP,IDS 1
15453,1.0,1.0,VP,IDS 1
15488,1.0,1.0,VP,IDS 1
15489,0.0,1.0,FN,IDS 1
15491,0.0,1.0,FN,IDS 1
15492,0.0,1.0,FN,IDS 1
15496,1.0,1.0,VP,IDS 1
15497,1.0,1.0,VP,IDS 1
15498,1.0,1.0,VP,IDS 1
15501,1.0,1.0,VP,IDS 1
15502,0.0,1.0,FN,IDS 1
15537,0.0,1.0,FN,IDS 1
15538,1.0,1.0,VP,IDS 1
15539,1.0,1.0,VP,IDS 1
15542,1.0,1.0,VP,IDS 1
15543,0.0,1.0,FN,IDS 1
15546,1.0,1.0,VP,IDS 1
15547,1.0,1.0,VP,IDS 1
15548,0.0,1.0,FN,IDS 1
15549,0.0,1.0,FN,IDS 1
15551,1.0,1.0,VP,IDS 1
15552,1.0,1.0,VP,IDS 1
15554,1.0,1.0,VP,IDS 1
15555,1.0,1.0,VP,IDS 1
15556,1.0,1.0,VP,IDS 1
15560,0.0,1.0,FN,IDS 1
15563,1.0,1.0,VP,IDS 1
15564,0.0,1.0,FN,IDS 1
15565,0.0,1.0,FN,IDS 1
15567,0.0,1.0,FN,IDS 1
15568,0.0,1.0,FN,IDS 1
15571,1.0,1.0,VP,IDS 1
16057,1.0,1.0,VP,IDS 1
16059,1.0,1.0,VP,IDS 1
16060,1.0,1.0,VP,IDS 1
16062,1.0,1.0,VP,IDS 1
16065,1.0,1.0,VP,IDS 1
16066,1.0,1.0,VP,IDS 1
16067,1.0,1.0,VP,IDS 1
16068,1.0,1.0,VP,IDS 1
16070,1.0,1.0,VP,IDS 1
16073,1.0,1.0,VP,IDS 1
16074,1.0,1.0,VP,IDS 1
16078,1.0,1.0,VP,IDS 1
16079,1.0,1.0,VP,IDS 1
16080,1.0,1.0,VP,IDS 1
16081,1.0,1.0,VP,IDS 1
16082,1.0,1.0,VP,IDS 1
16324,1.0,1.0,VP,IDS 1
16325,0.0,1.0,FN,IDS 1
16362,1.0,1.0,VP,IDS 1
16363,1.0,1.0,VP,IDS 1
16365,1.0,1.0,VP,IDS 1
16369,1.0,1.0,VP,IDS 1
16370,1.0,1.0,VP,IDS 1
16371,1.0,1.0,VP,IDS 1
16372,1.0,1.0,VP,IDS 1
16373,1.0,1.0,VP,IDS 1
16375,1.0,1.0,VP,IDS 1
16377,1.0,1.0,VP,IDS 1
16378,0.0,1.0,FN,IDS 1
16379,0.0,1.0,FN,IDS 1
16381,1.0,1.0,VP,IDS 1
16382,1.0,1.0,VP,IDS 1
16385,0.0,1.0,FN,IDS 1
16386,0.0,1.0,FN,IDS 1
16387,1.0,1.0,VP,IDS 1
16389,1.0,1.0,VP,IDS 1
16390,1.0,1.0,VP,IDS 1
16391,0.0,1.0,FN,IDS 1
16392,1.0,1.0,VP,IDS 1
16433,0.0,1.0,FN,IDS 1
16434,0.0,1.0,FN,IDS 1
16435,0.0,1.0,FN,IDS 1
16436,1.0,1.0,VP,IDS 1
16437,1.0,1.0,VP,IDS 1
16438,0.0,1.0,FN,IDS 1
16439,1.0,1.0,VP,IDS 1
16440,1.0,1.0,VP,IDS 1
16441,1.0,1.0,VP,IDS 1
16442,0.0,1.0,FN,IDS 1
17016,1.0,1.0,VP,IDS 1
17017,0.0,1.0,FN,IDS 1
17018,1.0,1.0,VP,IDS 1
17019,1.0,1.0,VP,IDS 1
17020,1.0,1.0,VP,IDS 1
17021,1.0,1.0,VP,IDS 1
17022,0.0,1.0,FN,IDS 1
17024,1.0,1.0,VP,IDS 1
17538,2.0,2.0,VP,IDS 1
17539,2.0,2.0,VP,IDS 1
17540,2.0,2.0,VP,IDS 1
17541,2.0,2.0,VP,IDS 1
17542,2.0,2.0,VP,IDS 1
17543,2.0,2.0,VP,IDS 1
17544,2.0,2.0,VP,IDS 1
17545,2.0,2.0,VP,IDS 1
17546,2.0,2.0,VP,IDS 1
17547,2.0,2.0,VP,IDS 1
17548,2.0,2.0,VP,IDS 1
17549,2.0,2.0,VP,IDS 1
17550,2.0,2.0,VP,IDS 1
17551,2.0,2.0,VP,IDS 1
17553,2.0,2.0,VP,IDS 1
17554,2.0,2.0,VP,IDS 1
17555,2.0,2.0,VP,IDS 1
17556,2.0,2.0,VP,IDS 1
17557,2.0,2.0,VP,IDS 1
17558,2.0,2.0,VP,IDS 1
16046,1.0,1.0,VP,IDS 3
16048,1.0,1.0,VP,IDS 1
16050,1.0,1.0,VP,IDS 1
16052,0.0,1.0,FN,IDS 1
16053,1.0,1.0,VP,IDS 1
16055,1.0,1.0,VP,IDS 1
17886,2.0,2.0,VP,IDS 1
17887,2.0,2.0,VP,IDS 1
17889,2.0,2.0,VP,IDS 1
17890,2.0,2.0,VP,IDS 1
18267,2.0,2.0,VP,IDS 1
18268,2.0,2.0,VP,IDS 1
18269,2.0,2.0,VP,IDS 1
18270,2.0,2.0,VP,IDS 1
18271,2.0,2.0,VP,IDS 1
18273,2.0,2.0,VP,IDS 1
18274,2.0,2.0,VP,IDS 1
18275,2.0,2.0,VP,IDS 1
18277,2.0,2.0,VP,IDS 1
18278,2.0,2.0,VP,IDS 1
18279,2.0,2.0,VP,IDS 1
18280,2.0,2.0,VP,IDS 1
18283,2.0,2.0,VP,IDS 1
18284,2.0,2.0,VP,IDS 1
18286,2.0,2.0,VP,IDS 1
18287,2.0,2.0,VP,IDS 1
18288,2.0,2.0,VP,IDS 1
18289,2.0,2.0,VP,IDS 1
18290,2.0,2.0,VP,IDS 1
18547,2.0,2.0,VP,IDS 1
18548,2.0,2.0,VP,IDS 1
18549,2.0,2.0,VP,IDS 1
18550,2.0,2.0,VP,IDS 1
18551,2.0,2.0,VP,IDS 1
18552,2.0,2.0,VP,IDS 1
18553,2.0,2.0,VP,IDS 1
18554,2.0,2.0,VP,IDS 1
18555,2.0,2.0,VP,IDS 1
18556,2.0,2.0,VP,IDS 1
18557,2.0,2.0,VP,IDS 1
18559,2.0,2.0,VP,IDS 1
18560,2.0,2.0,VP,IDS 1
18561,2.0,2.0,VP,IDS 1
18686,2.0,2.0,VP,IDS 1
18687,2.0,2.0,VP,IDS 1
18688,2.0,2.0,VP,IDS 1
18689,2.0,2.0,VP,IDS 1
18691,2.0,2.0,VP,IDS 1
18693,2.0,2.0,VP,IDS 1
18694,2.0,2.0,VP,IDS 1
16443,0.0,1.0,FN,IDS 1
16444,1.0,1.0,VP,IDS 1
16446,1.0,1.0,VP,IDS 3
16448,1.0,1.0,VP,IDS 1
16450,0.0,1.0,FN,IDS 1
16451,1.0,1.0,VP,IDS 1
16452,1.0,1.0,VP,IDS 1
16454,1.0,1.0,VP,IDS 1
16457,0.0,1.0,FN,IDS 1
16459,1.0,1.0,VP,IDS 1
16461,1.0,1.0,VP,IDS 3
16571,1.0,1.0,VP,IDS 1
16572,1.0,1.0,VP,IDS 1
19120,2.0,2.0,VP,IDS 1
19121,2.0,2.0,VP,IDS 1
19122,2.0,2.0,VP,IDS 1
19123,2.0,2.0,VP,IDS 1
19124,2.0,2.0,VP,IDS 1
19125,2.0,2.0,VP,IDS 1
19127,2.0,2.0,VP,IDS 1
19128,2.0,2.0,VP,IDS 1
19129,2.0,2.0,VP,IDS 1
19130,2.0,2.0,VP,IDS 1
19131,2.0,2.0,VP,IDS 1
19133,2.0,2.0,VP,IDS 1
19134,2.0,2.0,VP,IDS 1
19135,2.0,2.0,VP,IDS 1
19136,2.0,2.0,VP,IDS 1
19137,2.0,2.0,VP,IDS 1
19138,2.0,2.0,VP,IDS 1
19139,2.0,2.0,VP,IDS 1
19140,2.0,2.0,VP,IDS 1
19141,2.0,2.0,VP,IDS 1
19142,2.0,2.0,VP,IDS 1
19169,2.0,2.0,VP,IDS 1
19170,2.0,2.0,VP,IDS 1
19172,2.0,2.0,VP,IDS 1
19173,2.0,2.0,VP,IDS 1
19174,2.0,2.0,VP,IDS 1
19175,2.0,2.0,VP,IDS 1
19176,2.0,2.0,VP,IDS 1
19178,2.0,2.0,VP,IDS 1
19179,2.0,2.0,VP,IDS 1
19181,2.0,2.0,VP,IDS 1
13478,0.0,0.0,VN,IDS 1
13480,0.0,0.0,VN,IDS 1
13481,0.0,0.0,VN,IDS 1
13483,0.0,0.0,VN,IDS 1
13484,0.0,0.0,VN,IDS 1
13485,0.0,0.0,VN,IDS 1
13486,0.0,0.0,VN,IDS 1
13489,0.0,0.0,VN,IDS 1
13490,0.0,0.0,VN,IDS 1
13491,0.0,0.0,VN,IDS 1
13495,0.0,0.0,VN,IDS 1
13496,0.0,0.0,VN,IDS 1
13498,0.0,0.0,VN,IDS 1
13499,0.0,0.0,VN,IDS 1
13500,0.0,0.0,VN,IDS 1
13503,0.0,0.0,VN,IDS 1
13504,0.0,0.0,VN,IDS 1
13506,0.0,0.0,VN,IDS 1
13507,0.0,0.0,VN,IDS 1
13508,0.0,0.0,VN,IDS 1
13510,0.0,0.0,VN,IDS 1
13513,0.0,0.0,VN,IDS 1
13515,0.0,0.0,VN,IDS 1
13600,0.0,0.0,VN,IDS 1
13601,0.0,0.0,VN,IDS 1
13602,0.0,0.0,VN,IDS 1
13604,0.0,0.0,VN,IDS 1
13605,0.0,0.0,VN,IDS 1
13606,0.0,0.0,VN,IDS 1
13607,0.0,0.0,VN,IDS 1
13609,0.0,0.0,VN,IDS 1
13610,0.0,0.0,VN,IDS 1
13611,0.0,0.0,VN,IDS 1
13612,0.0,0.0,VN,IDS 1
13615,0.0,0.0,VN,IDS 1
13616,0.0,0.0,VN,IDS 1
13617,0.0,0.0,VN,IDS 1
13619,0.0,0.0,VN,IDS 1
13621,0.0,0.0,VN,IDS 1
13623,0.0,0.0,VN,IDS 1
13624,0.0,0.0,VN,IDS 1
13626,0.0,0.0,VN,IDS 1
13627,0.0,0.0,VN,IDS 1
13934,0.0,0.0,VN,IDS 1
13935,0.0,0.0,VN,IDS 1
13936,1.0,0.0,FP,IDS 1
13937,0.0,0.0,VN,IDS 1
14047,0.0,0.0,VN,IDS 1
14049,0.0,0.0,VN,IDS 1
14050,0.0,0.0,VN,IDS 1
14051,0.0,0.0,VN,IDS 1
14053,0.0,0.0,VN,IDS 1
14054,0.0,0.0,VN,IDS 1
14061,0.0,0.0,VN,IDS 1
14063,0.0,0.0,VN,IDS 1
14064,0.0,0.0,VN,IDS 1
14065,0.0,0.0,VN,IDS 1
14067,0.0,0.0,VN,IDS 1
14068,0.0,0.0,VN,IDS 1
14070,0.0,0.0,VN,IDS 1
14071,0.0,0.0,VN,IDS 1
14072,0.0,0.0,VN,IDS 1
14074,0.0,0.0,VN,IDS 1
14076,0.0,0.0,VN,IDS 1
14078,0.0,0.0,VN,IDS 1
14079,0.0,0.0,VN,IDS 1
14080,0.0,0.0,VN,IDS 1
14082,0.0,0.0,VN,IDS 1
14169,0.0,0.0,VN,IDS 1
14171,0.0,0.0,VN,IDS 1
14174,0.0,0.0,VN,IDS 1
14175,0.0,0.0,VN,IDS 1
14176,0.0,0.0,VN,IDS 1
14177,0.0,0.0,VN,IDS 1
14178,0.0,0.0,VN,IDS 1
14182,0.0,0.0,VN,IDS 1
14183,0.0,0.0,VN,IDS 1
14184,0.0,0.0,VN,IDS 1
14185,0.0,0.0,VN,IDS 1
14186,0.0,0.0,VN,IDS 1
14381,0.0,0.0,VN,IDS 1
14382,0.0,0.0,VN,IDS 1
14383,0.0,0.0,VN,IDS 1
14386,0.0,0.0,VN,IDS 1
14389,0.0,0.0,VN,IDS 1
14391,0.0,0.0,VN,IDS 1
14392,0.0,0.0,VN,IDS 1
14393,0.0,0.0,VN,IDS 1
14394,0.0,0.0,VN,IDS 1
14395,0.0,0.0,VN,IDS 1
14396,0.0,0.0,VN,IDS 1
14462,0.0,0.0,VN,IDS 1
14463,1.0,0.0,FP,IDS 1
14464,0.0,0.0,VN,IDS 1
14467,0.0,0.0,VN,IDS 1
14468,0.0,0.0,VN,IDS 1
14469,0.0,0.0,VN,IDS 1
14470,0.0,0.0,VN,IDS 1
14471,1.0,0.0,FP,IDS 1
14472,0.0,0.0,VN,IDS 1
14474,0.0,0.0,VN,IDS 1
14476,0.0,0.0,VN,IDS 1
14477,0.0,0.0,VN,IDS 1
14478,0.0,0.0,VN,IDS 1
14692,1.0,0.0,FP,IDS 1
14693,0.0,0.0,VN,IDS 1
14694,0.0,0.0,VN,IDS 1
14695,0.0,0.0,VN,IDS 1
14696,0.0,0.0,VN,IDS 1
14697,0.0,0.0,VN,IDS 1
14698,0.0,0.0,VN,IDS 1
14699,0.0,0.0,VN,IDS 1
14703,0.0,0.0,VN,IDS 1
14707,0.0,0.0,VN,IDS 1
14708,0.0,0.0,VN,IDS 1
14709,0.0,0.0,VN,IDS 1
14710,0.0,0.0,VN,IDS 1
14712,0.0,0.0,VN,IDS 1
14713,0.0,0.0,VN,IDS 1
14715,0.0,0.0,VN,IDS 1
14717,0.0,0.0,VN,IDS 1
14719,0.0,0.0,VN,IDS 1
14720,0.0,0.0,VN,IDS 1
14929,0.0,0.0,VN,IDS 1
14932,0.0,0.0,VN,IDS 1
14933,0.0,0.0,VN,IDS 1
14934,0.0,0.0,VN,IDS 1
14935,0.0,0.0,VN,IDS 1
14936,1.0,0.0,FP,IDS 1
14937,0.0,0.0,VN,IDS 1
14940,0.0,0.0,VN,IDS 1
14941,0.0,0.0,VN,IDS 1
14942,0.0,0.0,VN,IDS 1
14943,0.0,0.0,VN,IDS 1
14947,0.0,0.0,VN,IDS 1
14948,0.0,0.0,VN,IDS 1
14949,0.0,0.0,VN,IDS 1
14950,0.0,0.0,VN,IDS 1
14951,0.0,0.0,VN,IDS 1
14952,0.0,0.0,VN,IDS 1
14953,0.0,0.0,VN,IDS 1
14954,0.0,0.0,VN,IDS 1
14955,0.0,0.0,VN,IDS 1
14956,0.0,0.0,VN,IDS 1
14957,0.0,0.0,VN,IDS 1
14958,0.0,0.0,VN,IDS 1
15148,1.0,1.0,VP,IDS 1
15149,1.0,1.0,VP,IDS 1
15151,0.0,1.0,FN,IDS 1
15153,1.0,1.0,VP,IDS 1
15156,1.0,1.0,VP,IDS 1
15158,0.0,1.0,FN,IDS 1
15160,1.0,1.0,VP,IDS 1
15161,1.0,1.0,VP,IDS 1
15163,1.0,1.0,VP,IDS 1
15165,1.0,1.0,VP,IDS 1
15168,1.0,1.0,VP,IDS 1
15170,0.0,1.0,FN,IDS 1
15171,1.0,1.0,VP,IDS 1
15173,0.0,1.0,FN,IDS 1
15174,0.0,1.0,FN,IDS 1
15179,1.0,1.0,VP,IDS 1
15180,1.0,1.0,VP,IDS 1
15184,0.0,1.0,FN,IDS 1
15947,0.0,1.0,FN,IDS 1
15949,0.0,1.0,FN,IDS 1
15950,1.0,1.0,VP,IDS 1
15951,1.0,1.0,VP,IDS 1
15952,1.0,1.0,VP,IDS 1
15953,1.0,1.0,VP,IDS 1
15954,1.0,1.0,VP,IDS 1
15958,0.0,1.0,FN,IDS 1
15961,1.0,1.0,VP,IDS 1
15962,1.0,1.0,VP,IDS 1
15963,1.0,1.0,VP,IDS 1
15965,1.0,1.0,VP,IDS 1
15966,1.0,1.0,VP,IDS 1
15968,1.0,1.0,VP,IDS 1
15971,1.0,1.0,VP,IDS 1
15972,0.0,1.0,FN,IDS 1
15973,0.0,1.0,FN,IDS 1
15976,0.0,1.0,FN,IDS 1
15977,0.0,1.0,FN,IDS 1
15981,1.0,1.0,VP,IDS 1
15982,1.0,1.0,VP,IDS 1
15983,1.0,1.0,VP,IDS 1
15984,0.0,1.0,FN,IDS 1
15986,1.0,1.0,VP,IDS 1
15987,0.0,1.0,FN,IDS 1
15988,1.0,1.0,VP,IDS 1
15989,1.0,1.0,VP,IDS 1
15992,1.0,1.0,VP,IDS 1
15994,0.0,1.0,FN,IDS 1
15997,1.0,1.0,VP,IDS 1
15998,1.0,1.0,VP,IDS 1
15999,1.0,1.0,VP,IDS 1
16005,1.0,1.0,VP,IDS 1
16006,0.0,1.0,FN,IDS 1
16007,0.0,1.0,FN,IDS 1
16009,1.0,1.0,VP,IDS 1
16117,0.0,1.0,FN,IDS 1
16119,1.0,1.0,VP,IDS 1
16122,1.0,1.0,VP,IDS 1
16123,1.0,1.0,VP,IDS 1
16125,1.0,1.0,VP,IDS 1
16127,0.0,1.0,FN,IDS 1
16128,0.0,1.0,FN,IDS 1
16130,0.0,1.0,FN,IDS 1
16131,1.0,1.0,VP,IDS 1
16133,1.0,1.0,VP,IDS 1
16134,0.0,1.0,FN,IDS 1
16137,1.0,1.0,VP,IDS 1
16138,1.0,1.0,VP,IDS 1
16139,1.0,1.0,VP,IDS 1
16141,1.0,1.0,VP,IDS 1
16142,1.0,1.0,VP,IDS 1
16144,1.0,1.0,VP,IDS 1
16146,1.0,1.0,VP,IDS 1
16147,0.0,1.0,FN,IDS 1
16150,0.0,1.0,FN,IDS 1
16152,1.0,1.0,VP,IDS 1
16221,1.0,1.0,VP,IDS 1
16222,1.0,1.0,VP,IDS 1
16223,1.0,1.0,VP,IDS 1
16224,0.0,1.0,FN,IDS 1
16263,1.0,1.0,VP,IDS 1
16264,1.0,1.0,VP,IDS 1
16265,1.0,1.0,VP,IDS 1
16266,1.0,1.0,VP,IDS 1
16267,0.0,1.0,FN,IDS 1
16269,0.0,1.0,FN,IDS 1
16270,0.0,1.0,FN,IDS 1
16273,1.0,1.0,VP,IDS 1
16274,1.0,1.0,VP,IDS 1
16275,1.0,1.0,VP,IDS 1
16276,1.0,1.0,VP,IDS 1
16278,0.0,1.0,FN,IDS 1
16281,1.0,1.0,VP,IDS 1
16573,1.0,1.0,VP,IDS 1
16575,0.0,1.0,FN,IDS 1
16578,1.0,1.0,VP,IDS 1
16580,0.0,1.0,FN,IDS 1
16584,1.0,1.0,VP,IDS 1
16585,1.0,1.0,VP,IDS 1
16588,1.0,1.0,VP,IDS 1
16590,1.0,1.0,VP,IDS 1
16591,0.0,1.0,FN,IDS 1
16592,1.0,1.0,VP,IDS 1
16594,0.0,1.0,FN,IDS 1
16595,0.0,1.0,FN,IDS 1
16598,1.0,1.0,VP,IDS 1
16599,1.0,1.0,VP,IDS 1
16600,1.0,1.0,VP,IDS 1
16605,1.0,1.0,VP,IDS 1
16606,1.0,1.0,VP,IDS 1
16607,1.0,1.0,VP,IDS 1
16609,1.0,1.0,VP,IDS 1
16772,0.0,1.0,FN,IDS 1
16773,1.0,1.0,VP,IDS 1
16774,0.0,1.0,FN,IDS 1
16777,1.0,1.0,VP,IDS 1
17121,1.0,1.0,VP,IDS 1
17123,1.0,1.0,VP,IDS 1
17124,1.0,1.0,VP,IDS 1
17126,1.0,1.0,VP,IDS 1
17128,1.0,1.0,VP,IDS 1
17130,1.0,1.0,VP,IDS 1
17132,0.0,1.0,FN,IDS 1
17133,1.0,1.0,VP,IDS 1
17134,0.0,1.0,FN,IDS 1
17136,1.0,1.0,VP,IDS 1
17137,1.0,1.0,VP,IDS 1
17142,1.0,1.0,VP,IDS 1
17143,1.0,1.0,VP,IDS 1
17144,1.0,1.0,VP,IDS 1
17146,1.0,1.0,VP,IDS 1
17148,1.0,1.0,VP,IDS 1
17663,2.0,2.0,VP,IDS 1
17664,2.0,2.0,VP,IDS 1
17665,2.0,2.0,VP,IDS 1
17666,2.0,2.0,VP,IDS 1
17667,2.0,2.0,VP,IDS 1
17669,2.0,2.0,VP,IDS 1
17670,2.0,2.0,VP,IDS 1
17697,2.0,2.0,VP,IDS 1
17698,2.0,2.0,VP,IDS 1
17699,2.0,2.0,VP,IDS 1
17700,2.0,2.0,VP,IDS 1
17702,2.0,2.0,VP,IDS 1
17703,2.0,2.0,VP,IDS 1
17707,2.0,2.0,VP,IDS 1
17708,2.0,2.0,VP,IDS 1
17709,2.0,2.0,VP,IDS 1
17710,2.0,2.0,VP,IDS 1
17713,2.0,2.0,VP,IDS 1
17714,2.0,2.0,VP,IDS 1
17717,2.0,2.0,VP,IDS 1
17718,2.0,2.0,VP,IDS 1
17719,2.0,2.0,VP,IDS 1
17721,2.0,2.0,VP,IDS 1
17722,2.0,2.0,VP,IDS 1
17723,2.0,2.0,VP,IDS 1
17724,2.0,2.0,VP,IDS 1
17725,2.0,2.0,VP,IDS 1
17726,2.0,2.0,VP,IDS 1
17727,2.0,2.0,VP,IDS 1
17728,2.0,2.0,VP,IDS 1
17729,2.0,2.0,VP,IDS 1
17730,2.0,2.0,VP,IDS 1
17731,2.0,2.0,VP,IDS 1
17732,2.0,2.0,VP,IDS 1
17733,2.0,2.0,VP,IDS 1
17734,2.0,2.0,VP,IDS 1
17735,2.0,2.0,VP,IDS 1
17736,2.0,2.0,VP,IDS 1
17739,2.0,2.0,VP,IDS 1
17741,2.0,2.0,VP,IDS 1
17743,2.0,2.0,VP,IDS 1
17744,2.0,2.0,VP,IDS 1
17745,2.0,2.0,VP,IDS 1
17746,2.0,2.0,VP,IDS 1
17747,2.0,2.0,VP,IDS 1
17748,2.0,2.0,VP,IDS 1
17750,2.0,2.0,VP,IDS 1
17751,2.0,2.0,VP,IDS 1
17752,2.0,2.0,VP,IDS 1
17753,2.0,2.0,VP,IDS 1
17755,2.0,2.0,VP,IDS 1
17756,2.0,2.0,VP,IDS 1
17757,2.0,2.0,VP,IDS 1
17758,2.0,2.0,VP,IDS 1
17759,2.0,2.0,VP,IDS 1
17761,2.0,2.0,VP,IDS 1
17762,2.0,2.0,VP,IDS 1
17763,2.0,2.0,VP,IDS 1
17764,2.0,2.0,VP,IDS 1
17765,2.0,2.0,VP,IDS 1
17766,2.0,2.0,VP,IDS 1
17767,2.0,2.0,VP,IDS 1
17768,2.0,2.0,VP,IDS 1
17769,2.0,2.0,VP,IDS 1
17770,2.0,2.0,VP,IDS 1
17773,2.0,2.0,VP,IDS 1
17774,2.0,2.0,VP,IDS 1
17775,2.0,2.0,VP,IDS 1
17776,2.0,2.0,VP,IDS 1
17777,2.0,2.0,VP,IDS 1
17778,2.0,2.0,VP,IDS 1
17779,2.0,2.0,VP,IDS 1
17780,2.0,2.0,VP,IDS 1
17781,2.0,2.0,VP,IDS 1
17785,2.0,2.0,VP,IDS 1
17786,2.0,2.0,VP,IDS 1
17787,2.0,2.0,VP,IDS 1
17789,2.0,2.0,VP,IDS 1
17920,2.0,2.0,VP,IDS 1
17921,2.0,2.0,VP,IDS 1
17923,2.0,2.0,VP,IDS 1
17924,2.0,2.0,VP,IDS 1
17925,2.0,2.0,VP,IDS 1
17926,2.0,2.0,VP,IDS 1
17927,2.0,2.0,VP,IDS 1
18115,2.0,2.0,VP,IDS 1
18116,2.0,2.0,VP,IDS 1
18117,2.0,2.0,VP,IDS 1
18118,2.0,2.0,VP,IDS 1
18119,2.0,2.0,VP,IDS 1
18120,2.0,2.0,VP,IDS 1
18121,2.0,2.0,VP,IDS 1
18122,2.0,2.0,VP,IDS 1
18123,2.0,2.0,VP,IDS 1
18125,2.0,2.0,VP,IDS 1
18126,2.0,2.0,VP,IDS 1
18127,2.0,2.0,VP,IDS 1
18128,2.0,2.0,VP,IDS 1
18129,2.0,2.0,VP,IDS 1
18130,2.0,2.0,VP,IDS 1
18132,2.0,2.0,VP,IDS 1
18133,2.0,2.0,VP,IDS 1
18134,2.0,2.0,VP,IDS 1
18135,2.0,2.0,VP,IDS 1
18136,2.0,2.0,VP,IDS 1
18137,2.0,2.0,VP,IDS 1
18138,2.0,2.0,VP,IDS 1
18139,2.0,2.0,VP,IDS 1
18140,2.0,2.0,VP,IDS 1
18171,2.0,2.0,VP,IDS 1
18172,2.0,2.0,VP,IDS 1
18173,2.0,2.0,VP,IDS 1
18175,2.0,2.0,VP,IDS 1
18176,2.0,2.0,VP,IDS 1
18178,2.0,2.0,VP,IDS 1
18179,2.0,2.0,VP,IDS 1
18180,2.0,2.0,VP,IDS 1
18181,2.0,2.0,VP,IDS 1
18182,2.0,2.0,VP,IDS 1
18183,2.0,2.0,VP,IDS 1
18184,2.0,2.0,VP,IDS 1
18185,2.0,2.0,VP,IDS 1
18186,2.0,2.0,VP,IDS 1
18187,2.0,2.0,VP,IDS 1
18188,2.0,2.0,VP,IDS 1
18189,2.0,2.0,VP,IDS 1
18190,2.0,2.0,VP,IDS 1
18291,2.0,2.0,VP,IDS 1
18292,2.0,2.0,VP,IDS 1
18293,2.0,2.0,VP,IDS 1
18294,2.0,2.0,VP,IDS 1
18296,2.0,2.0,VP,IDS 1
18297,2.0,2.0,VP,IDS 1
18299,2.0,2.0,VP,IDS 1
18367,2.0,2.0,VP,IDS 1
18368,2.0,2.0,VP,IDS 1
18369,2.0,2.0,VP,IDS 1
16225,1.0,1.0,VP,IDS 1
18370,2.0,2.0,VP,IDS 1
18372,2.0,2.0,VP,IDS 1
16226,0.0,1.0,FN,IDS 1
16231,0.0,1.0,FN,IDS 1
18373,2.0,2.0,VP,IDS 1
18374,2.0,2.0,VP,IDS 1
18375,2.0,2.0,VP,IDS 1
18376,2.0,2.0,VP,IDS 1
18377,2.0,2.0,VP,IDS 1
18378,2.0,2.0,VP,IDS 1
18379,2.0,2.0,VP,IDS 1
18380,2.0,2.0,VP,IDS 1
16232,1.0,1.0,VP,IDS 1
16233,0.0,1.0,FN,IDS 1
16234,1.0,1.0,VP,IDS 1
16235,0.0,1.0,FN,IDS 1
16236,1.0,1.0,VP,IDS 1
16239,1.0,1.0,VP,IDS 1
16240,1.0,1.0,VP,IDS 1
18409,2.0,2.0,VP,IDS 1
16241,0.0,1.0,FN,IDS 1
18410,2.0,2.0,VP,IDS 1
18411,2.0,2.0,VP,IDS 1
16242,1.0,1.0,VP,IDS 1
18412,2.0,2.0,VP,IDS 1
16244,1.0,1.0,VP,IDS 1
16245,1.0,1.0,VP,IDS 1
18526,2.0,2.0,VP,IDS 1
18527,2.0,2.0,VP,IDS 1
18528,2.0,2.0,VP,IDS 1
18529,2.0,2.0,VP,IDS 1
16247,1.0,1.0,VP,IDS 1
18530,2.0,2.0,VP,IDS 1
16252,1.0,1.0,VP,IDS 1
18531,2.0,2.0,VP,IDS 1
18532,2.0,2.0,VP,IDS 1
16253,1.0,1.0,VP,IDS 3
16254,1.0,1.0,VP,IDS 1
16257,0.0,1.0,FN,IDS 1
18533,2.0,2.0,VP,IDS 1
18534,2.0,2.0,VP,IDS 1
16258,1.0,1.0,VP,IDS 1
18536,2.0,2.0,VP,IDS 1
18538,2.0,2.0,VP,IDS 1
18541,2.0,2.0,VP,IDS 1
18542,2.0,2.0,VP,IDS 1
18543,2.0,2.0,VP,IDS 1
18544,2.0,2.0,VP,IDS 1
18545,2.0,2.0,VP,IDS 1
18546,2.0,2.0,VP,IDS 1
18695,2.0,2.0,VP,IDS 1
18696,2.0,2.0,VP,IDS 1
16315,1.0,1.0,VP,IDS 1
16316,1.0,1.0,VP,IDS 1
16317,0.0,1.0,FN,IDS 1
16318,1.0,1.0,VP,IDS 1
16319,1.0,1.0,VP,IDS 1
16320,0.0,1.0,FN,IDS 1
18697,2.0,2.0,VP,IDS 1
18698,2.0,2.0,VP,IDS 1
18699,2.0,2.0,VP,IDS 1
18700,2.0,2.0,VP,IDS 1
18701,2.0,2.0,VP,IDS 1
18703,2.0,2.0,VP,IDS 1
18704,2.0,2.0,VP,IDS 1
18706,2.0,2.0,VP,IDS 1
18709,2.0,2.0,VP,IDS 1
18710,2.0,2.0,VP,IDS 1
18711,2.0,2.0,VP,IDS 1
18712,2.0,2.0,VP,IDS 1
18713,2.0,2.0,VP,IDS 1
18714,2.0,2.0,VP,IDS 1
18715,2.0,2.0,VP,IDS 1
18716,2.0,2.0,VP,IDS 1
18717,2.0,2.0,VP,IDS 1
18718,2.0,2.0,VP,IDS 1
18719,2.0,2.0,VP,IDS 1
18721,2.0,2.0,VP,IDS 1
18722,2.0,2.0,VP,IDS 1
18723,2.0,2.0,VP,IDS 1
18724,2.0,2.0,VP,IDS 1
18832,2.0,2.0,VP,IDS 1
18833,2.0,2.0,VP,IDS 1
18834,2.0,2.0,VP,IDS 1
18835,2.0,2.0,VP,IDS 1
18836,2.0,2.0,VP,IDS 1
18837,2.0,2.0,VP,IDS 1
18838,2.0,2.0,VP,IDS 1
18911,2.0,2.0,VP,IDS 1
18912,2.0,2.0,VP,IDS 1
18913,2.0,2.0,VP,IDS 1
18914,2.0,2.0,VP,IDS 1
18968,2.0,2.0,VP,IDS 1
18969,2.0,2.0,VP,IDS 1
18970,2.0,2.0,VP,IDS 1
18972,2.0,2.0,VP,IDS 1
18974,2.0,2.0,VP,IDS 1
18975,2.0,2.0,VP,IDS 1
18976,2.0,2.0,VP,IDS 1
18978,2.0,2.0,VP,IDS 1
18979,2.0,2.0,VP,IDS 1
18980,2.0,2.0,VP,IDS 1
18981,2.0,2.0,VP,IDS 1
18982,2.0,2.0,VP,IDS 1
18983,2.0,2.0,VP,IDS 1
18984,2.0,2.0,VP,IDS 1
18985,2.0,2.0,VP,IDS 1
18986,2.0,2.0,VP,IDS 1
18989,2.0,2.0,VP,IDS 1
18990,2.0,2.0,VP,IDS 1
18991,2.0,2.0,VP,IDS 1
18992,2.0,2.0,VP,IDS 1
18996,2.0,2.0,VP,IDS 1
13256,0.0,0.0,VN,IDS 1
13258,0.0,0.0,VN,IDS 1
13260,0.0,0.0,VN,IDS 1
13261,0.0,0.0,VN,IDS 1
13264,0.0,0.0,VN,IDS 1
13265,0.0,0.0,VN,IDS 1
13266,0.0,0.0,VN,IDS 1
13269,0.0,0.0,VN,IDS 1
13307,0.0,0.0,VN,IDS 1
13308,0.0,0.0,VN,IDS 1
13309,0.0,0.0,VN,IDS 1
13310,1.0,0.0,FP,IDS 1
13312,0.0,0.0,VN,IDS 1
13313,0.0,0.0,VN,IDS 1
13314,0.0,0.0,VN,IDS 1
13315,0.0,0.0,VN,IDS 1
13318,0.0,0.0,VN,IDS 1
13319,0.0,0.0,VN,IDS 1
13320,1.0,0.0,FP,IDS 1
13322,0.0,0.0,VN,IDS 1
13323,0.0,0.0,VN,IDS 1
13325,0.0,0.0,VN,IDS 1
13326,0.0,0.0,VN,IDS 1
13328,0.0,0.0,VN,IDS 1
13331,0.0,0.0,VN,IDS 1
13332,0.0,0.0,VN,IDS 1
13333,0.0,0.0,VN,IDS 1
13334,0.0,0.0,VN,IDS 1
13335,0.0,0.0,VN,IDS 1
13336,0.0,0.0,VN,IDS 1
13337,0.0,0.0,VN,IDS 1
13338,0.0,0.0,VN,IDS 1
13339,0.0,0.0,VN,IDS 1
13341,0.0,0.0,VN,IDS 1
13343,0.0,0.0,VN,IDS 1
13345,0.0,0.0,VN,IDS 1
13346,0.0,0.0,VN,IDS 1
13347,0.0,0.0,VN,IDS 1
13350,0.0,0.0,VN,IDS 1
13352,0.0,0.0,VN,IDS 1
13354,0.0,0.0,VN,IDS 1
13355,0.0,0.0,VN,IDS 1
13356,0.0,0.0,VN,IDS 1
13357,0.0,0.0,VN,IDS 1
13358,0.0,0.0,VN,IDS 1
13359,0.0,0.0,VN,IDS 1
13361,0.0,0.0,VN,IDS 1
13362,0.0,0.0,VN,IDS 1
13363,0.0,0.0,VN,IDS 1
13365,0.0,0.0,VN,IDS 1
13397,0.0,0.0,VN,IDS 1
13398,0.0,0.0,VN,IDS 1
13399,0.0,0.0,VN,IDS 1
13401,0.0,0.0,VN,IDS 1
13402,0.0,0.0,VN,IDS 1
13403,0.0,0.0,VN,IDS 1
13404,0.0,0.0,VN,IDS 1
13405,0.0,0.0,VN,IDS 1
13407,0.0,0.0,VN,IDS 1
13408,0.0,0.0,VN,IDS 1
13409,0.0,0.0,VN,IDS 1
13410,0.0,0.0,VN,IDS 1
13413,0.0,0.0,VN,IDS 1
13415,0.0,0.0,VN,IDS 1
13416,0.0,0.0,VN,IDS 1
13418,0.0,0.0,VN,IDS 1
13419,0.0,0.0,VN,IDS 1
13420,0.0,0.0,VN,IDS 1
13423,0.0,0.0,VN,IDS 1
13425,0.0,0.0,VN,IDS 1
13426,0.0,0.0,VN,IDS 1
13427,0.0,0.0,VN,IDS 1
13428,0.0,0.0,VN,IDS 1
13464,0.0,0.0,VN,IDS 1
13465,0.0,0.0,VN,IDS 1
13466,0.0,0.0,VN,IDS 1
13468,0.0,0.0,VN,IDS 1
13469,0.0,0.0,VN,IDS 1
13470,0.0,0.0,VN,IDS 1
13471,0.0,0.0,VN,IDS 1
13472,0.0,0.0,VN,IDS 1
13473,0.0,0.0,VN,IDS 1
13474,0.0,0.0,VN,IDS 1
13475,0.0,0.0,VN,IDS 1
13476,0.0,0.0,VN,IDS 1
13477,0.0,0.0,VN,IDS 1
17149,1.0,1.0,VP,IDS 1
17150,0.0,1.0,FN,IDS 1
17154,1.0,1.0,VP,IDS 1
17155,1.0,1.0,VP,IDS 1
17156,1.0,1.0,VP,IDS 1
17157,1.0,1.0,VP,IDS 1
17161,1.0,1.0,VP,IDS 1
17163,0.0,1.0,FN,IDS 1
17164,1.0,1.0,VP,IDS 1
17165,1.0,1.0,VP,IDS 1
17166,0.0,1.0,FN,IDS 1
17167,1.0,1.0,VP,IDS 1
13631,0.0,0.0,VN,IDS 1
13661,0.0,0.0,VN,IDS 1
13662,0.0,0.0,VN,IDS 1
13663,0.0,0.0,VN,IDS 1
13664,0.0,0.0,VN,IDS 1
13668,0.0,0.0,VN,IDS 1
13669,0.0,0.0,VN,IDS 1
13671,0.0,0.0,VN,IDS 1
13672,0.0,0.0,VN,IDS 1
13673,0.0,0.0,VN,IDS 1
13674,0.0,0.0,VN,IDS 1
13675,0.0,0.0,VN,IDS 1
13679,0.0,0.0,VN,IDS 1
13683,0.0,0.0,VN,IDS 1
13685,0.0,0.0,VN,IDS 1
13686,0.0,0.0,VN,IDS 1
13687,0.0,0.0,VN,IDS 1
13688,1.0,0.0,FP,IDS 1
13690,0.0,0.0,VN,IDS 1
13691,0.0,0.0,VN,IDS 1
13693,1.0,0.0,FP,IDS 1
17671,2.0,2.0,VP,IDS 1
17673,2.0,2.0,VP,IDS 1
17675,2.0,2.0,VP,IDS 1
17676,2.0,2.0,VP,IDS 1
17677,2.0,2.0,VP,IDS 1
17679,2.0,2.0,VP,IDS 1
17680,2.0,2.0,VP,IDS 1
17681,2.0,2.0,VP,IDS 1
17682,2.0,2.0,VP,IDS 1
17683,2.0,2.0,VP,IDS 1
17684,2.0,2.0,VP,IDS 1
17685,2.0,2.0,VP,IDS 1
17686,2.0,2.0,VP,IDS 1
17687,2.0,2.0,VP,IDS 1
17688,2.0,2.0,VP,IDS 1
17689,2.0,2.0,VP,IDS 1
17690,2.0,2.0,VP,IDS 1
17692,2.0,2.0,VP,IDS 1
17694,2.0,2.0,VP,IDS 1
17695,2.0,2.0,VP,IDS 1
17696,2.0,2.0,VP,IDS 1
13724,0.0,0.0,VN,IDS 1
13725,0.0,0.0,VN,IDS 1
13726,0.0,0.0,VN,IDS 1
13906,0.0,0.0,VN,IDS 1
13909,0.0,0.0,VN,IDS 1
13912,0.0,0.0,VN,IDS 1
13913,0.0,0.0,VN,IDS 1
13914,0.0,0.0,VN,IDS 1
13915,1.0,0.0,FP,IDS 1
13916,0.0,0.0,VN,IDS 1
13917,0.0,0.0,VN,IDS 1
13920,1.0,0.0,FP,IDS 1
13922,0.0,0.0,VN,IDS 1
13923,0.0,0.0,VN,IDS 1
13924,0.0,0.0,VN,IDS 1
13926,1.0,0.0,FP,IDS 1
13927,0.0,0.0,VN,IDS 1
13928,0.0,0.0,VN,IDS 1
13929,0.0,0.0,VN,IDS 1
13931,0.0,0.0,VN,IDS 1
13932,0.0,0.0,VN,IDS 1
14187,0.0,0.0,VN,IDS 1
14188,0.0,0.0,VN,IDS 1
14190,0.0,0.0,VN,IDS 1
14191,0.0,0.0,VN,IDS 1
14192,0.0,0.0,VN,IDS 1
14194,0.0,0.0,VN,IDS 1
14195,0.0,0.0,VN,IDS 1
14197,0.0,0.0,VN,IDS 1
14198,0.0,0.0,VN,IDS 1
14199,0.0,0.0,VN,IDS 1
14200,0.0,0.0,VN,IDS 1
14201,0.0,0.0,VN,IDS 1
14359,0.0,0.0,VN,IDS 1
14360,0.0,0.0,VN,IDS 1
14362,0.0,0.0,VN,IDS 1
14363,0.0,0.0,VN,IDS 1
14365,0.0,0.0,VN,IDS 1
14366,0.0,0.0,VN,IDS 1
14367,0.0,0.0,VN,IDS 1
14369,0.0,0.0,VN,IDS 1
14370,0.0,0.0,VN,IDS 1
14371,0.0,0.0,VN,IDS 1
14372,0.0,0.0,VN,IDS 1
14374,0.0,0.0,VN,IDS 1
14377,0.0,0.0,VN,IDS 1
14380,0.0,0.0,VN,IDS 1
15187,1.0,1.0,VP,IDS 1
15188,1.0,1.0,VP,IDS 1
15191,1.0,1.0,VP,IDS 1
15192,0.0,1.0,FN,IDS 1
15194,1.0,1.0,VP,IDS 1
15195,1.0,1.0,VP,IDS 1
15196,1.0,1.0,VP,IDS 1
15198,1.0,1.0,VP,IDS 1
15201,1.0,1.0,VP,IDS 1
15202,1.0,1.0,VP,IDS 1
15204,1.0,1.0,VP,IDS 1
15208,1.0,1.0,VP,IDS 1
15209,1.0,1.0,VP,IDS 1
15210,1.0,1.0,VP,IDS 1
15211,1.0,1.0,VP,IDS 1
15212,1.0,1.0,VP,IDS 1
15215,1.0,1.0,VP,IDS 1
15216,0.0,1.0,FN,IDS 1
15217,1.0,1.0,VP,IDS 1
15218,1.0,1.0,VP,IDS 1
15219,0.0,1.0,FN,IDS 1
15222,1.0,1.0,VP,IDS 1
15503,1.0,1.0,VP,IDS 1
15504,0.0,1.0,FN,IDS 1
15505,1.0,1.0,VP,IDS 1
15506,1.0,1.0,VP,IDS 1
15507,1.0,1.0,VP,IDS 1
15508,1.0,1.0,VP,IDS 1
15509,1.0,1.0,VP,IDS 1
15510,1.0,1.0,VP,IDS 1
15511,1.0,1.0,VP,IDS 1
15512,0.0,1.0,FN,IDS 1
15513,0.0,1.0,FN,IDS 1
15514,1.0,1.0,VP,IDS 1
15515,0.0,1.0,FN,IDS 1
15516,0.0,1.0,FN,IDS 1
15517,0.0,1.0,FN,IDS 1
15518,0.0,1.0,FN,IDS 1
15519,1.0,1.0,VP,IDS 1
15520,1.0,1.0,VP,IDS 1
15522,1.0,1.0,VP,IDS 1
15525,1.0,1.0,VP,IDS 1
15527,1.0,1.0,VP,IDS 1
15529,0.0,1.0,FN,IDS 1
15532,1.0,1.0,VP,IDS 1
15533,0.0,1.0,FN,IDS 1
15535,1.0,1.0,VP,IDS 1
15536,1.0,1.0,VP,IDS 1
15572,1.0,1.0,VP,IDS 1
15575,1.0,1.0,VP,IDS 1
15576,1.0,1.0,VP,IDS 1
15577,1.0,1.0,VP,IDS 1
15578,0.0,1.0,FN,IDS 1
15581,1.0,1.0,VP,IDS 1
15582,0.0,1.0,FN,IDS 1
15583,0.0,1.0,FN,IDS 1
15585,1.0,1.0,VP,IDS 1
15587,1.0,1.0,VP,IDS 1
15589,1.0,1.0,VP,IDS 1
15590,1.0,1.0,VP,IDS 1
15591,1.0,1.0,VP,IDS 1
15592,0.0,1.0,FN,IDS 1
15740,0.0,1.0,FN,IDS 1
15741,0.0,1.0,FN,IDS 1
15742,1.0,1.0,VP,IDS 1
15743,1.0,1.0,VP,IDS 1
15744,1.0,1.0,VP,IDS 1
15745,1.0,1.0,VP,IDS 1
15747,1.0,1.0,VP,IDS 1
15749,0.0,1.0,FN,IDS 1
15753,1.0,1.0,VP,IDS 1
15754,1.0,1.0,VP,IDS 1
15758,1.0,1.0,VP,IDS 1
15759,1.0,1.0,VP,IDS 1
15765,1.0,1.0,VP,IDS 1
15767,0.0,1.0,FN,IDS 1
15768,0.0,1.0,FN,IDS 1
15770,1.0,1.0,VP,IDS 1
15771,1.0,1.0,VP,IDS 1
15773,1.0,1.0,VP,IDS 1
15776,0.0,1.0,FN,IDS 1
15779,1.0,1.0,VP,IDS 1
15780,1.0,1.0,VP,IDS 1
15937,1.0,1.0,VP,IDS 1
15940,1.0,1.0,VP,IDS 1
15941,1.0,1.0,VP,IDS 1
15944,1.0,1.0,VP,IDS 1
15945,0.0,1.0,FN,IDS 1
15946,1.0,1.0,VP,IDS 1
16282,0.0,1.0,FN,IDS 1
16284,0.0,1.0,FN,IDS 1
16285,1.0,1.0,VP,IDS 1
16286,1.0,1.0,VP,IDS 1
16287,1.0,1.0,VP,IDS 1
16288,1.0,1.0,VP,IDS 1
16289,1.0,1.0,VP,IDS 1
16290,1.0,1.0,VP,IDS 1
16291,1.0,1.0,VP,IDS 1
16293,1.0,1.0,VP,IDS 1
16294,1.0,1.0,VP,IDS 1
16295,1.0,1.0,VP,IDS 1
16299,0.0,1.0,FN,IDS 1
16300,1.0,1.0,VP,IDS 1
16303,1.0,1.0,VP,IDS 1
16304,1.0,1.0,VP,IDS 1
16306,0.0,1.0,FN,IDS 1
16307,1.0,1.0,VP,IDS 1
16311,1.0,1.0,VP,IDS 1
16312,0.0,1.0,FN,IDS 1
16313,1.0,1.0,VP,IDS 1
16314,1.0,1.0,VP,IDS 1
16779,1.0,1.0,VP,IDS 1
16780,1.0,1.0,VP,IDS 1
16781,1.0,1.0,VP,IDS 1
16782,1.0,1.0,VP,IDS 1
16783,1.0,1.0,VP,IDS 1
16784,1.0,1.0,VP,IDS 1
16785,1.0,1.0,VP,IDS 1
16786,1.0,1.0,VP,IDS 1
16790,1.0,1.0,VP,IDS 1
16793,1.0,1.0,VP,IDS 1
16795,0.0,1.0,FN,IDS 1
16796,0.0,1.0,FN,IDS 1
16797,0.0,1.0,FN,IDS 1
16801,1.0,1.0,VP,IDS 1
16802,1.0,1.0,VP,IDS 1
16803,1.0,1.0,VP,IDS 1
16805,0.0,1.0,FN,IDS 1
16807,1.0,1.0,VP,IDS 1
16808,0.0,1.0,FN,IDS 1
16809,1.0,1.0,VP,IDS 1
16810,1.0,1.0,VP,IDS 1
16812,1.0,1.0,VP,IDS 1
16814,1.0,1.0,VP,IDS 1
16815,1.0,1.0,VP,IDS 1
16816,1.0,1.0,VP,IDS 1
16817,1.0,1.0,VP,IDS 1
16818,0.0,1.0,FN,IDS 1
16819,0.0,1.0,FN,IDS 1
16824,1.0,1.0,VP,IDS 1
16827,1.0,1.0,VP,IDS 1
16828,1.0,1.0,VP,IDS 1
16830,1.0,1.0,VP,IDS 1
16832,1.0,1.0,VP,IDS 1
16833,1.0,1.0,VP,IDS 1
16834,1.0,1.0,VP,IDS 1
16835,1.0,1.0,VP,IDS 1
16837,1.0,1.0,VP,IDS 1
16839,0.0,1.0,FN,IDS 1
16966,1.0,1.0,VP,IDS 1
16967,1.0,1.0,VP,IDS 1
16969,0.0,1.0,FN,IDS 1
16972,1.0,1.0,VP,IDS 1
16975,1.0,1.0,VP,IDS 1
16976,1.0,1.0,VP,IDS 1
16977,1.0,1.0,VP,IDS 1
16978,1.0,1.0,VP,IDS 1
16979,1.0,1.0,VP,IDS 1
16980,1.0,1.0,VP,IDS 1
16981,1.0,1.0,VP,IDS 1
16983,0.0,1.0,FN,IDS 1
16986,0.0,1.0,FN,IDS 1
16987,0.0,1.0,FN,IDS 1
16988,0.0,1.0,FN,IDS 1
16991,1.0,1.0,VP,IDS 1
16992,0.0,1.0,FN,IDS 1
16994,1.0,1.0,VP,IDS 1
16995,0.0,1.0,FN,IDS 1
16998,1.0,1.0,VP,IDS 1
17000,0.0,1.0,FN,IDS 1
17001,0.0,1.0,FN,IDS 1
17084,1.0,1.0,VP,IDS 1
17085,1.0,1.0,VP,IDS 1
17086,1.0,1.0,VP,IDS 1
17089,1.0,1.0,VP,IDS 1
17091,1.0,1.0,VP,IDS 1
17092,1.0,1.0,VP,IDS 1
17094,1.0,1.0,VP,IDS 1
17096,1.0,1.0,VP,IDS 1
17098,1.0,1.0,VP,IDS 1
17099,1.0,1.0,VP,IDS 1
17100,0.0,1.0,FN,IDS 1
17101,1.0,1.0,VP,IDS 1
17102,1.0,1.0,VP,IDS 1
17107,1.0,1.0,VP,IDS 1
17108,0.0,1.0,FN,IDS 1
17109,1.0,1.0,VP,IDS 1
17110,1.0,1.0,VP,IDS 1
17111,1.0,1.0,VP,IDS 1
17114,1.0,1.0,VP,IDS 1
17115,0.0,1.0,FN,IDS 1
17116,1.0,1.0,VP,IDS 1
17117,1.0,1.0,VP,IDS 1
17118,1.0,1.0,VP,IDS 1
17119,1.0,1.0,VP,IDS 1
17928,2.0,2.0,VP,IDS 1
17930,2.0,2.0,VP,IDS 1
17931,2.0,2.0,VP,IDS 1
17932,2.0,2.0,VP,IDS 1
17934,2.0,2.0,VP,IDS 1
17935,2.0,2.0,VP,IDS 1
17936,2.0,2.0,VP,IDS 1
17937,2.0,2.0,VP,IDS 1
17938,2.0,2.0,VP,IDS 1
17939,2.0,2.0,VP,IDS 1
17940,2.0,2.0,VP,IDS 1
17941,2.0,2.0,VP,IDS 1
17942,2.0,2.0,VP,IDS 1
17943,2.0,2.0,VP,IDS 1
17944,2.0,2.0,VP,IDS 1
17945,2.0,2.0,VP,IDS 1
17946,2.0,2.0,VP,IDS 1
17947,2.0,2.0,VP,IDS 1
17948,2.0,2.0,VP,IDS 1
17949,2.0,2.0,VP,IDS 1
17168,1.0,1.0,VP,IDS 1
17169,1.0,1.0,VP,IDS 1
17170,1.0,1.0,VP,IDS 1
17171,1.0,1.0,VP,IDS 1
17172,1.0,1.0,VP,IDS 1
17173,1.0,1.0,VP,IDS 1
17174,1.0,1.0,VP,IDS 1
17176,0.0,1.0,FN,IDS 1
17178,0.0,1.0,FN,IDS 1
17180,1.0,1.0,VP,IDS 1
17181,0.0,1.0,FN,IDS 1
17182,0.0,1.0,FN,IDS 1
17191,1.0,1.0,VP,IDS 1
17192,0.0,1.0,FN,IDS 1
17195,1.0,1.0,VP,IDS 1
17196,1.0,1.0,VP,IDS 1
17337,1.0,1.0,VP,IDS 1
17338,0.0,1.0,FN,IDS 1
17340,1.0,1.0,VP,IDS 1
17346,1.0,1.0,VP,IDS 1
17348,0.0,1.0,FN,IDS 1
17352,1.0,1.0,VP,IDS 1
17353,1.0,1.0,VP,IDS 1
17354,1.0,1.0,VP,IDS 1
17357,1.0,1.0,VP,IDS 1
17358,1.0,1.0,VP,IDS 1
17359,0.0,1.0,FN,IDS 1
17360,0.0,1.0,FN,IDS 1
17361,1.0,1.0,VP,IDS 1
17363,1.0,1.0,VP,IDS 1
17365,0.0,1.0,FN,IDS 1
17366,1.0,1.0,VP,IDS 1
17371,1.0,1.0,VP,IDS 1
17372,0.0,1.0,FN,IDS 1
17373,1.0,1.0,VP,IDS 1
17378,1.0,1.0,VP,IDS 1
17380,1.0,1.0,VP,IDS 1
17653,2.0,2.0,VP,IDS 1
17654,2.0,2.0,VP,IDS 1
17655,2.0,2.0,VP,IDS 1
17656,2.0,2.0,VP,IDS 1
17657,2.0,2.0,VP,IDS 1
17659,2.0,2.0,VP,IDS 1
17660,2.0,2.0,VP,IDS 1
17662,2.0,2.0,VP,IDS 1
17950,2.0,2.0,VP,IDS 1
17978,2.0,2.0,VP,IDS 1
17979,2.0,2.0,VP,IDS 1
17980,2.0,2.0,VP,IDS 1
17981,2.0,2.0,VP,IDS 1
17982,2.0,2.0,VP,IDS 1
17983,2.0,2.0,VP,IDS 1
17985,2.0,2.0,VP,IDS 1
17987,2.0,2.0,VP,IDS 1
17988,2.0,2.0,VP,IDS 1
17989,2.0,2.0,VP,IDS 1
17990,2.0,2.0,VP,IDS 1
17991,2.0,2.0,VP,IDS 1
17992,2.0,2.0,VP,IDS 1
17993,2.0,2.0,VP,IDS 1
17994,2.0,2.0,VP,IDS 1
17996,2.0,2.0,VP,IDS 1
17997,2.0,2.0,VP,IDS 1
18055,2.0,2.0,VP,IDS 1
18056,2.0,2.0,VP,IDS 1
18058,2.0,2.0,VP,IDS 1
18059,2.0,2.0,VP,IDS 1
18061,2.0,2.0,VP,IDS 1
18062,2.0,2.0,VP,IDS 1
18064,2.0,2.0,VP,IDS 1
18065,2.0,2.0,VP,IDS 1
18066,2.0,2.0,VP,IDS 1
18067,2.0,2.0,VP,IDS 1
18068,2.0,2.0,VP,IDS 1
18070,2.0,2.0,VP,IDS 1
18071,2.0,2.0,VP,IDS 1
18073,2.0,2.0,VP,IDS 1
18075,2.0,2.0,VP,IDS 1
18076,2.0,2.0,VP,IDS 1
18077,2.0,2.0,VP,IDS 1
18078,2.0,2.0,VP,IDS 1
18079,2.0,2.0,VP,IDS 1
18080,2.0,2.0,VP,IDS 1
18081,2.0,2.0,VP,IDS 1
18082,2.0,2.0,VP,IDS 1
18083,2.0,2.0,VP,IDS 1
18084,2.0,2.0,VP,IDS 1
18113,2.0,2.0,VP,IDS 1
18236,2.0,2.0,VP,IDS 1
18237,2.0,2.0,VP,IDS 1
18239,2.0,2.0,VP,IDS 1
18240,2.0,2.0,VP,IDS 1
18241,2.0,2.0,VP,IDS 1
18242,2.0,2.0,VP,IDS 1
18244,2.0,2.0,VP,IDS 1
18245,2.0,2.0,VP,IDS 1
18246,2.0,2.0,VP,IDS 1
18247,2.0,2.0,VP,IDS 1
18248,2.0,2.0,VP,IDS 1
18249,2.0,2.0,VP,IDS 1
18250,2.0,2.0,VP,IDS 1
18251,2.0,2.0,VP,IDS 1
18252,2.0,2.0,VP,IDS 1
18253,2.0,2.0,VP,IDS 1
18254,2.0,2.0,VP,IDS 1
18255,2.0,2.0,VP,IDS 1
18256,2.0,2.0,VP,IDS 1
18257,2.0,2.0,VP,IDS 1
18258,2.0,2.0,VP,IDS 1
18259,2.0,2.0,VP,IDS 1
18349,2.0,2.0,VP,IDS 1
18350,2.0,2.0,VP,IDS 1
18351,2.0,2.0,VP,IDS 1
18352,2.0,2.0,VP,IDS 1
18353,2.0,2.0,VP,IDS 1
18354,2.0,2.0,VP,IDS 1
18355,2.0,2.0,VP,IDS 1
18356,2.0,2.0,VP,IDS 1
18357,2.0,2.0,VP,IDS 1
18358,2.0,2.0,VP,IDS 1
18359,2.0,2.0,VP,IDS 1
18362,2.0,2.0,VP,IDS 1
18363,2.0,2.0,VP,IDS 1
18366,2.0,2.0,VP,IDS 1
18413,2.0,2.0,VP,IDS 1
18414,2.0,2.0,VP,IDS 1
18415,2.0,2.0,VP,IDS 1
18416,2.0,2.0,VP,IDS 1
18418,2.0,2.0,VP,IDS 1
18419,2.0,2.0,VP,IDS 1
18421,2.0,2.0,VP,IDS 1
18424,2.0,2.0,VP,IDS 1
18425,2.0,2.0,VP,IDS 1
18426,2.0,2.0,VP,IDS 1
18427,2.0,2.0,VP,IDS 1
18428,2.0,2.0,VP,IDS 1
18429,2.0,2.0,VP,IDS 1
18430,2.0,2.0,VP,IDS 1
18431,2.0,2.0,VP,IDS 1
18432,2.0,2.0,VP,IDS 1
18433,2.0,2.0,VP,IDS 1
18434,2.0,2.0,VP,IDS 1
18435,2.0,2.0,VP,IDS 1
18436,2.0,2.0,VP,IDS 1
18437,2.0,2.0,VP,IDS 1
18438,2.0,2.0,VP,IDS 1
18439,2.0,2.0,VP,IDS 1
18440,2.0,2.0,VP,IDS 1
18441,2.0,2.0,VP,IDS 1
18442,2.0,2.0,VP,IDS 1
18443,2.0,2.0,VP,IDS 1
18444,2.0,2.0,VP,IDS 1
18479,2.0,2.0,VP,IDS 1
18480,2.0,2.0,VP,IDS 1
18485,2.0,2.0,VP,IDS 1
18486,2.0,2.0,VP,IDS 1
18488,2.0,2.0,VP,IDS 1
18489,2.0,2.0,VP,IDS 1
18490,2.0,2.0,VP,IDS 1
18491,2.0,2.0,VP,IDS 1
18492,2.0,2.0,VP,IDS 1
18493,2.0,2.0,VP,IDS 1
18494,2.0,2.0,VP,IDS 1
18566,2.0,2.0,VP,IDS 1
18567,2.0,2.0,VP,IDS 1
18568,2.0,2.0,VP,IDS 1
18571,2.0,2.0,VP,IDS 1
18572,2.0,2.0,VP,IDS 1
18646,2.0,2.0,VP,IDS 1
18647,2.0,2.0,VP,IDS 1
18648,2.0,2.0,VP,IDS 1
18649,2.0,2.0,VP,IDS 1
18650,2.0,2.0,VP,IDS 1
18651,2.0,2.0,VP,IDS 1
18653,2.0,2.0,VP,IDS 1
18654,2.0,2.0,VP,IDS 1
18656,2.0,2.0,VP,IDS 1
18657,2.0,2.0,VP,IDS 1
18658,2.0,2.0,VP,IDS 1
18659,2.0,2.0,VP,IDS 1
18728,2.0,2.0,VP,IDS 1
18730,2.0,2.0,VP,IDS 1
18731,2.0,2.0,VP,IDS 1
18732,2.0,2.0,VP,IDS 1
18733,2.0,2.0,VP,IDS 1
18734,2.0,2.0,VP,IDS 1
18735,2.0,2.0,VP,IDS 1
18736,2.0,2.0,VP,IDS 1
18737,2.0,2.0,VP,IDS 1
18739,2.0,2.0,VP,IDS 1
18740,2.0,2.0,VP,IDS 1
18741,2.0,2.0,VP,IDS 1
18742,2.0,2.0,VP,IDS 1
18743,2.0,2.0,VP,IDS 1
18744,2.0,2.0,VP,IDS 1
18745,2.0,2.0,VP,IDS 1
18747,2.0,2.0,VP,IDS 1
18748,2.0,2.0,VP,IDS 1
18749,2.0,2.0,VP,IDS 1
18751,2.0,2.0,VP,IDS 1
18752,2.0,2.0,VP,IDS 1
19295,2.0,2.0,VP,IDS 1
19297,2.0,2.0,VP,IDS 1
19299,2.0,2.0,VP,IDS 1
19300,2.0,2.0,VP,IDS 1
19302,2.0,2.0,VP,IDS 1
19303,2.0,2.0,VP,IDS 1
19304,2.0,2.0,VP,IDS 1
19305,2.0,2.0,VP,IDS 1
19306,2.0,2.0,VP,IDS 1
19307,2.0,2.0,VP,IDS 1
19308,2.0,2.0,VP,IDS 1
19309,2.0,2.0,VP,IDS 1
19310,2.0,2.0,VP,IDS 1
19311,2.0,2.0,VP,IDS 1
19312,2.0,2.0,VP,IDS 1
19313,2.0,2.0,VP,IDS 1
19314,2.0,2.0,VP,IDS 1
19315,2.0,2.0,VP,IDS 1
19316,2.0,2.0,VP,IDS 1
19318,2.0,2.0,VP,IDS 1
19232,2.0,2.0,VP,IDS 1
19233,2.0,2.0,VP,IDS 1
19234,2.0,2.0,VP,IDS 1
19236,2.0,2.0,VP,IDS 1
19238,2.0,2.0,VP,IDS 1
19239,2.0,2.0,VP,IDS 1
19240,2.0,2.0,VP,IDS 1
19241,2.0,2.0,VP,IDS 1
19242,2.0,2.0,VP,IDS 1
19243,2.0,2.0,VP,IDS 1
19244,2.0,2.0,VP,IDS 1
19245,2.0,2.0,VP,IDS 1
19246,2.0,2.0,VP,IDS 1
19247,2.0,2.0,VP,IDS 1
19248,2.0,2.0,VP,IDS 1
19249,2.0,2.0,VP,IDS 1
19251,2.0,2.0,VP,IDS 1
19252,2.0,2.0,VP,IDS 1
19254,2.0,2.0,VP,IDS 1
19255,2.0,2.0,VP,IDS 1
19256,2.0,2.0,VP,IDS 1
19258,2.0,2.0,VP,IDS 1
19259,2.0,2.0,VP,IDS 1
19260,2.0,2.0,VP,IDS 1
19261,2.0,2.0,VP,IDS 1
19262,2.0,2.0,VP,IDS 1
19288,2.0,2.0,VP,IDS 1
19289,2.0,2.0,VP,IDS 1
19290,2.0,2.0,VP,IDS 1
19292,2.0,2.0,VP,IDS 1
19319,2.0,2.0,VP,IDS 1
19320,2.0,2.0,VP,IDS 1
19321,2.0,2.0,VP,IDS 1
19323,2.0,2.0,VP,IDS 1
19324,2.0,2.0,VP,IDS 1
19325,2.0,2.0,VP,IDS 1
19327,2.0,2.0,VP,IDS 1
19328,2.0,2.0,VP,IDS 1
19329,2.0,2.0,VP,IDS 1
19330,2.0,2.0,VP,IDS 1
19331,2.0,2.0,VP,IDS 1
19332,2.0,2.0,VP,IDS 1
19333,2.0,2.0,VP,IDS 1
19334,2.0,2.0,VP,IDS 1
19337,2.0,2.0,VP,IDS 1
19338,2.0,2.0,VP,IDS 1
19339,2.0,2.0,VP,IDS 1
19342,2.0,2.0,VP,IDS 1
19343,2.0,2.0,VP,IDS 1
19344,2.0,2.0,VP,IDS 1
19345,2.0,2.0,VP,IDS 1
19654,2.0,2.0,VP,IDS 1
19655,2.0,2.0,VP,IDS 1
19657,2.0,2.0,VP,IDS 1
19658,2.0,2.0,VP,IDS 1
19659,2.0,2.0,VP,IDS 1
19661,2.0,2.0,VP,IDS 1
19662,2.0,2.0,VP,IDS 1
19663,2.0,2.0,VP,IDS 1
19664,2.0,2.0,VP,IDS 1
19665,2.0,2.0,VP,IDS 1
19666,2.0,2.0,VP,IDS 1
19667,2.0,2.0,VP,IDS 1
19668,2.0,2.0,VP,IDS 1
19669,2.0,2.0,VP,IDS 1
19670,2.0,2.0,VP,IDS 1
19671,2.0,2.0,VP,IDS 1
19672,2.0,2.0,VP,IDS 1
19673,2.0,2.0,VP,IDS 1
19674,2.0,2.0,VP,IDS 1
19675,2.0,2.0,VP,IDS 1
19676,2.0,2.0,VP,IDS 1
18495,2.0,2.0,VP,IDS 1
18496,2.0,2.0,VP,IDS 1
18563,2.0,2.0,VP,IDS 1
18564,2.0,2.0,VP,IDS 1
18565,2.0,2.0,VP,IDS 1
17951,2.0,2.0,VP,IDS 1
17952,2.0,2.0,VP,IDS 1
17953,2.0,2.0,VP,IDS 1
17954,2.0,2.0,VP,IDS 1
17956,2.0,2.0,VP,IDS 1
17957,2.0,2.0,VP,IDS 1
17958,2.0,2.0,VP,IDS 1
17959,2.0,2.0,VP,IDS 1
17960,2.0,2.0,VP,IDS 1
17961,2.0,2.0,VP,IDS 1
17963,2.0,2.0,VP,IDS 1
17964,2.0,2.0,VP,IDS 1
17965,2.0,2.0,VP,IDS 1
17966,2.0,2.0,VP,IDS 1
17968,2.0,2.0,VP,IDS 1
17969,2.0,2.0,VP,IDS 1
17970,2.0,2.0,VP,IDS 1
17971,2.0,2.0,VP,IDS 1
17972,2.0,2.0,VP,IDS 1
17973,2.0,2.0,VP,IDS 1
17974,2.0,2.0,VP,IDS 1
17975,2.0,2.0,VP,IDS 1
17976,2.0,2.0,VP,IDS 1
17977,2.0,2.0,VP,IDS 1
18261,2.0,2.0,VP,IDS 1
18262,2.0,2.0,VP,IDS 1
18263,2.0,2.0,VP,IDS 1
18264,2.0,2.0,VP,IDS 1
18266,2.0,2.0,VP,IDS 1
18303,2.0,2.0,VP,IDS 1
18304,2.0,2.0,VP,IDS 1
18305,2.0,2.0,VP,IDS 1
18306,2.0,2.0,VP,IDS 1
18308,2.0,2.0,VP,IDS 1
18309,2.0,2.0,VP,IDS 1
18311,2.0,2.0,VP,IDS 1
18312,2.0,2.0,VP,IDS 1
18313,2.0,2.0,VP,IDS 1
18314,2.0,2.0,VP,IDS 1
18315,2.0,2.0,VP,IDS 1
18317,2.0,2.0,VP,IDS 1
18318,2.0,2.0,VP,IDS 1
18319,2.0,2.0,VP,IDS 1
18320,2.0,2.0,VP,IDS 1
18322,2.0,2.0,VP,IDS 1
18323,2.0,2.0,VP,IDS 1
18324,2.0,2.0,VP,IDS 1
18325,2.0,2.0,VP,IDS 1
18326,2.0,2.0,VP,IDS 1
18327,2.0,2.0,VP,IDS 1
18329,2.0,2.0,VP,IDS 1
18330,2.0,2.0,VP,IDS 1
18331,2.0,2.0,VP,IDS 1
18332,2.0,2.0,VP,IDS 1
18334,2.0,2.0,VP,IDS 1
18336,2.0,2.0,VP,IDS 1
18337,2.0,2.0,VP,IDS 1
18338,2.0,2.0,VP,IDS 1
18339,2.0,2.0,VP,IDS 1
18341,2.0,2.0,VP,IDS 1
18342,2.0,2.0,VP,IDS 1
18344,2.0,2.0,VP,IDS 1
18345,2.0,2.0,VP,IDS 1
18346,2.0,2.0,VP,IDS 1
18347,2.0,2.0,VP,IDS 1
18348,2.0,2.0,VP,IDS 1
18445,2.0,2.0,VP,IDS 1
18446,2.0,2.0,VP,IDS 1
18447,2.0,2.0,VP,IDS 1
18448,2.0,2.0,VP,IDS 1
18449,2.0,2.0,VP,IDS 1
18451,2.0,2.0,VP,IDS 1
18452,2.0,2.0,VP,IDS 1
18456,2.0,2.0,VP,IDS 1
18458,2.0,2.0,VP,IDS 1
18459,2.0,2.0,VP,IDS 1
18461,2.0,2.0,VP,IDS 1
18464,2.0,2.0,VP,IDS 1
18465,2.0,2.0,VP,IDS 1
18466,2.0,2.0,VP,IDS 1
18468,2.0,2.0,VP,IDS 1
18470,2.0,2.0,VP,IDS 1
18471,2.0,2.0,VP,IDS 1
18472,2.0,2.0,VP,IDS 1
18473,2.0,2.0,VP,IDS 1
18474,2.0,2.0,VP,IDS 1
18475,2.0,2.0,VP,IDS 1
18476,2.0,2.0,VP,IDS 1
18477,2.0,2.0,VP,IDS 1
18478,2.0,2.0,VP,IDS 1
19182,2.0,2.0,VP,IDS 1
19183,2.0,2.0,VP,IDS 1
19184,2.0,2.0,VP,IDS 1
19186,2.0,2.0,VP,IDS 1
19187,2.0,2.0,VP,IDS 1
18753,2.0,2.0,VP,IDS 1
19189,2.0,2.0,VP,IDS 1
19190,2.0,2.0,VP,IDS 1
19193,2.0,2.0,VP,IDS 1
19194,2.0,2.0,VP,IDS 3
19195,2.0,2.0,VP,IDS 1
19196,2.0,2.0,VP,IDS 1
19293,2.0,2.0,VP,IDS 1
19294,2.0,2.0,VP,IDS 1
18754,2.0,2.0,VP,IDS 1
18755,2.0,2.0,VP,IDS 1
18756,2.0,2.0,VP,IDS 1
18757,2.0,2.0,VP,IDS 1
18759,2.0,2.0,VP,IDS 1
18761,2.0,2.0,VP,IDS 1
18762,2.0,2.0,VP,IDS 1
18763,2.0,2.0,VP,IDS 1
18764,2.0,2.0,VP,IDS 1
18766,2.0,2.0,VP,IDS 1
18767,2.0,2.0,VP,IDS 1
18768,2.0,2.0,VP,IDS 1
19143,2.0,2.0,VP,IDS 1
19144,2.0,2.0,VP,IDS 1
19145,2.0,2.0,VP,IDS 1
19146,2.0,2.0,VP,IDS 1
19147,2.0,2.0,VP,IDS 1
19148,2.0,2.0,VP,IDS 1
19149,2.0,2.0,VP,IDS 1
19352,2.0,2.0,VP,IDS 3
19354,2.0,2.0,VP,IDS 1
19356,2.0,2.0,VP,IDS 1
19357,2.0,2.0,VP,IDS 1
19358,2.0,2.0,VP,IDS 1
19359,2.0,2.0,VP,IDS 1
19360,2.0,2.0,VP,IDS 1
19362,2.0,2.0,VP,IDS 1
19363,2.0,2.0,VP,IDS 1
19263,2.0,2.0,VP,IDS 1
19264,2.0,2.0,VP,IDS 1
19265,2.0,2.0,VP,IDS 1
19266,2.0,2.0,VP,IDS 1
19267,2.0,2.0,VP,IDS 1
19268,2.0,2.0,VP,IDS 1
19270,2.0,2.0,VP,IDS 1
19271,2.0,2.0,VP,IDS 1
19272,2.0,2.0,VP,IDS 1
19273,2.0,2.0,VP,IDS 1
19274,2.0,2.0,VP,IDS 1
19275,2.0,2.0,VP,IDS 1
19276,2.0,2.0,VP,IDS 1
19277,2.0,2.0,VP,IDS 1
19278,2.0,2.0,VP,IDS 1
19279,2.0,2.0,VP,IDS 1
19280,2.0,2.0,VP,IDS 1
19281,2.0,2.0,VP,IDS 1
19282,2.0,2.0,VP,IDS 1
19283,2.0,2.0,VP,IDS 1
19284,2.0,2.0,VP,IDS 1
19285,2.0,2.0,VP,IDS 1
19287,2.0,2.0,VP,IDS 1
19347,2.0,2.0,VP,IDS 1
19348,2.0,2.0,VP,IDS 1
19349,2.0,2.0,VP,IDS 1
19384,2.0,2.0,VP,IDS 1
19385,2.0,2.0,VP,IDS 1
19386,2.0,2.0,VP,IDS 1
19387,2.0,2.0,VP,IDS 1
19388,2.0,2.0,VP,IDS 1
19390,2.0,2.0,VP,IDS 1
19391,2.0,2.0,VP,IDS 1
19392,2.0,2.0,VP,IDS 1
19393,2.0,2.0,VP,IDS 1
19394,2.0,2.0,VP,IDS 1
19397,2.0,2.0,VP,IDS 1
19398,2.0,2.0,VP,IDS 1
19399,2.0,2.0,VP,IDS 1
19400,2.0,2.0,VP,IDS 1
19402,2.0,2.0,VP,IDS 1
19404,2.0,2.0,VP,IDS 1
19405,2.0,2.0,VP,IDS 1
19406,2.0,2.0,VP,IDS 1
19407,2.0,2.0,VP,IDS 1
19408,2.0,2.0,VP,IDS 1
19409,2.0,2.0,VP,IDS 1
19410,2.0,2.0,VP,IDS 1
19508,2.0,2.0,VP,IDS 1
19511,2.0,2.0,VP,IDS 1
19512,2.0,2.0,VP,IDS 1
19514,2.0,2.0,VP,IDS 1
19515,2.0,2.0,VP,IDS 1
19516,2.0,2.0,VP,IDS 1
19517,2.0,2.0,VP,IDS 1
19518,2.0,2.0,VP,IDS 1
19519,2.0,2.0,VP,IDS 1
19520,2.0,2.0,VP,IDS 1
19522,2.0,2.0,VP,IDS 1
19523,2.0,2.0,VP,IDS 1
19524,2.0,2.0,VP,IDS 1
19525,2.0,2.0,VP,IDS 1
19526,2.0,2.0,VP,IDS 1
19527,2.0,2.0,VP,IDS 1
19528,2.0,2.0,VP,IDS 1
19529,2.0,2.0,VP,IDS 1
19530,2.0,2.0,VP,IDS 1
19531,2.0,2.0,VP,IDS 1
19532,2.0,2.0,VP,IDS 1
19533,2.0,2.0,VP,IDS 1
19534,2.0,2.0,VP,IDS 1
19535,2.0,2.0,VP,IDS 1
19652,2.0,2.0,VP,IDS 1
19653,2.0,2.0,VP,IDS 1
20423,5.0,5.0,VP,IDS 1
20424,5.0,5.0,VP,IDS 1
20425,5.0,5.0,VP,IDS 1
20429,5.0,5.0,VP,IDS 1
20430,5.0,5.0,VP,IDS 1
20431,5.0,5.0,VP,IDS 1
20433,5.0,5.0,VP,IDS 1
20434,5.0,5.0,VP,IDS 1
20436,5.0,5.0,VP,IDS 1
20439,5.0,5.0,VP,IDS 1
20442,5.0,5.0,VP,IDS 1
20447,5.0,5.0,VP,IDS 1
20452,5.0,5.0,VP,IDS 1
20453,5.0,5.0,VP,IDS 1
20456,5.0,5.0,VP,IDS 1
20459,5.0,5.0,VP,IDS 1
20460,5.0,5.0,VP,IDS 1
20462,5.0,5.0,VP,IDS 1
20463,5.0,5.0,VP,IDS 1
20464,5.0,5.0,VP,IDS 1
18577,2.0,2.0,VP,IDS 1
18578,2.0,2.0,VP,IDS 1
18580,2.0,2.0,VP,IDS 1
18581,2.0,2.0,VP,IDS 1
18583,2.0,2.0,VP,IDS 1
18584,2.0,2.0,VP,IDS 1
18585,2.0,2.0,VP,IDS 1
18586,2.0,2.0,VP,IDS 1
18587,2.0,2.0,VP,IDS 1
20588,5.0,5.0,VP,IDS 1
20589,5.0,5.0,VP,IDS 1
20594,5.0,5.0,VP,IDS 1
20597,5.0,5.0,VP,IDS 1
20598,5.0,5.0,VP,IDS 1
20599,5.0,5.0,VP,IDS 1
20602,5.0,5.0,VP,IDS 1
20604,5.0,5.0,VP,IDS 1
20605,5.0,5.0,VP,IDS 1
20607,5.0,5.0,VP,IDS 1
20611,5.0,5.0,VP,IDS 1
20612,5.0,5.0,VP,IDS 1
20614,5.0,5.0,VP,IDS 1
20615,5.0,5.0,VP,IDS 1
20617,5.0,5.0,VP,IDS 1
20620,5.0,5.0,VP,IDS 1
20621,5.0,5.0,VP,IDS 1
20622,5.0,5.0,VP,IDS 1
20899,5.0,5.0,VP,IDS 1
20900,5.0,5.0,VP,IDS 1
20901,5.0,5.0,VP,IDS 1
21566,5.0,5.0,VP,IDS 1
21570,5.0,5.0,VP,IDS 1
21571,5.0,5.0,VP,IDS 1
21572,5.0,5.0,VP,IDS 1
21573,5.0,5.0,VP,IDS 1
21575,5.0,5.0,VP,IDS 1
21576,5.0,5.0,VP,IDS 1
21584,5.0,5.0,VP,IDS 1
21585,5.0,5.0,VP,IDS 1
21586,5.0,5.0,VP,IDS 1
21589,5.0,5.0,VP,IDS 1
21593,5.0,5.0,VP,IDS 1
21594,5.0,5.0,VP,IDS 1
21596,5.0,5.0,VP,IDS 1
21600,5.0,5.0,VP,IDS 1
21603,5.0,5.0,VP,IDS 1
21609,5.0,5.0,VP,IDS 1
21611,5.0,5.0,VP,IDS 1
21613,5.0,5.0,VP,IDS 1
21614,5.0,5.0,VP,IDS 1
21615,5.0,5.0,VP,IDS 1
21827,5.0,5.0,VP,IDS 1
21828,5.0,5.0,VP,IDS 1
21834,5.0,5.0,VP,IDS 1
21836,5.0,5.0,VP,IDS 1
21837,5.0,5.0,VP,IDS 1
21839,5.0,5.0,VP,IDS 1
21840,5.0,5.0,VP,IDS 1
21842,5.0,5.0,VP,IDS 1
21843,5.0,5.0,VP,IDS 1
21846,5.0,5.0,VP,IDS 1
21848,5.0,5.0,VP,IDS 1
21849,5.0,5.0,VP,IDS 1
21852,5.0,5.0,VP,IDS 1
21855,5.0,5.0,VP,IDS 1
21856,5.0,5.0,VP,IDS 1
21858,5.0,5.0,VP,IDS 1
21862,5.0,5.0,VP,IDS 1
21864,5.0,5.0,VP,IDS 1
21865,5.0,5.0,VP,IDS 1
21866,5.0,5.0,VP,IDS 1
21869,5.0,5.0,VP,IDS 1
22368,5.0,5.0,VP,IDS 1
22369,5.0,5.0,VP,IDS 1
22370,5.0,5.0,VP,IDS 1
22372,5.0,5.0,VP,IDS 1
22373,5.0,5.0,VP,IDS 1
22374,5.0,5.0,VP,IDS 1
22377,5.0,5.0,VP,IDS 1
22385,5.0,5.0,VP,IDS 1
22388,5.0,5.0,VP,IDS 1
22391,5.0,5.0,VP,IDS 1
22392,5.0,5.0,VP,IDS 1
22394,5.0,5.0,VP,IDS 1
22395,5.0,5.0,VP,IDS 1
22399,5.0,5.0,VP,IDS 1
22403,5.0,5.0,VP,IDS 1
22404,5.0,5.0,VP,IDS 1
22405,5.0,5.0,VP,IDS 1
22406,5.0,5.0,VP,IDS 1
22409,5.0,5.0,VP,IDS 1
22411,5.0,5.0,VP,IDS 1
22412,5.0,5.0,VP,IDS 1
22459,5.0,5.0,VP,IDS 1
22460,5.0,5.0,VP,IDS 1
22466,5.0,5.0,VP,IDS 1
22469,5.0,5.0,VP,IDS 1
22470,5.0,5.0,VP,IDS 1
22471,5.0,5.0,VP,IDS 1
22472,5.0,5.0,VP,IDS 1
22475,5.0,5.0,VP,IDS 1
22478,5.0,5.0,VP,IDS 1
22480,5.0,5.0,VP,IDS 1
22484,5.0,5.0,VP,IDS 1
22486,5.0,5.0,VP,IDS 1
22488,5.0,5.0,VP,IDS 1
22492,5.0,5.0,VP,IDS 1
22493,5.0,5.0,VP,IDS 1
22495,5.0,5.0,VP,IDS 1
22497,0.0,0.0,VN,IDS 1
22498,0.0,0.0,VN,IDS 1
22500,0.0,0.0,VN,IDS 1
19634,2.0,2.0,VP,IDS 1
19635,2.0,2.0,VP,IDS 1
19636,2.0,2.0,VP,IDS 1
19637,2.0,2.0,VP,IDS 1
19638,2.0,2.0,VP,IDS 1
19639,2.0,2.0,VP,IDS 1
19640,2.0,2.0,VP,IDS 1
19641,2.0,2.0,VP,IDS 1
19642,2.0,2.0,VP,IDS 1
19643,2.0,2.0,VP,IDS 1
19645,2.0,2.0,VP,IDS 1
19646,2.0,2.0,VP,IDS 1
19647,2.0,2.0,VP,IDS 1
23962,0.0,0.0,VN,IDS 1
23963,0.0,0.0,VN,IDS 1
23964,0.0,0.0,VN,IDS 1
23965,0.0,0.0,VN,IDS 1
24005,0.0,0.0,VN,IDS 1
24006,0.0,0.0,VN,IDS 1
24007,0.0,0.0,VN,IDS 1
24008,0.0,0.0,VN,IDS 1
18191,2.0,2.0,VP,IDS 1
18192,2.0,2.0,VP,IDS 1
18194,2.0,2.0,VP,IDS 1
18195,2.0,2.0,VP,IDS 1
18196,2.0,2.0,VP,IDS 1
18197,2.0,2.0,VP,IDS 1
18198,2.0,2.0,VP,IDS 1
18199,2.0,2.0,VP,IDS 1
18200,2.0,2.0,VP,IDS 1
18234,2.0,2.0,VP,IDS 1
18235,2.0,2.0,VP,IDS 1
18574,2.0,2.0,VP,IDS 1
18576,2.0,2.0,VP,IDS 1
18612,2.0,2.0,VP,IDS 1
18614,2.0,2.0,VP,IDS 1
18615,2.0,2.0,VP,IDS 1
18616,2.0,2.0,VP,IDS 1
18617,2.0,2.0,VP,IDS 1
18618,2.0,2.0,VP,IDS 1
18619,2.0,2.0,VP,IDS 1
18620,2.0,2.0,VP,IDS 1
18622,2.0,2.0,VP,IDS 1
18623,2.0,2.0,VP,IDS 1
18624,2.0,2.0,VP,IDS 1
18626,2.0,2.0,VP,IDS 1
18627,2.0,2.0,VP,IDS 1
18628,2.0,2.0,VP,IDS 1
18629,2.0,2.0,VP,IDS 1
18631,2.0,2.0,VP,IDS 1
18632,2.0,2.0,VP,IDS 1
18633,2.0,2.0,VP,IDS 1
18634,2.0,2.0,VP,IDS 1
18635,2.0,2.0,VP,IDS 1
18637,2.0,2.0,VP,IDS 1
18638,2.0,2.0,VP,IDS 1
18640,2.0,2.0,VP,IDS 1
18641,2.0,2.0,VP,IDS 1
18643,2.0,2.0,VP,IDS 1
18645,2.0,2.0,VP,IDS 1
19150,2.0,2.0,VP,IDS 1
19152,2.0,2.0,VP,IDS 1
19153,2.0,2.0,VP,IDS 1
19154,2.0,2.0,VP,IDS 1
19155,2.0,2.0,VP,IDS 1
19156,2.0,2.0,VP,IDS 1
19157,2.0,2.0,VP,IDS 1
19158,2.0,2.0,VP,IDS 1
19159,2.0,2.0,VP,IDS 1
19161,2.0,2.0,VP,IDS 1
19162,2.0,2.0,VP,IDS 1
19163,2.0,2.0,VP,IDS 1
19165,2.0,2.0,VP,IDS 1
19166,2.0,2.0,VP,IDS 1
19167,2.0,2.0,VP,IDS 1
19168,2.0,2.0,VP,IDS 1
19227,2.0,2.0,VP,IDS 1
19228,2.0,2.0,VP,IDS 1
19229,2.0,2.0,VP,IDS 1
19230,2.0,2.0,VP,IDS 1
19231,2.0,2.0,VP,IDS 1
19731,2.0,2.0,VP,IDS 1
19732,2.0,2.0,VP,IDS 1
19733,2.0,2.0,VP,IDS 1
19735,2.0,2.0,VP,IDS 1
19736,2.0,2.0,VP,IDS 1
19737,2.0,2.0,VP,IDS 1
19738,2.0,2.0,VP,IDS 1
19741,2.0,2.0,VP,IDS 1
19742,2.0,2.0,VP,IDS 1
19743,2.0,2.0,VP,IDS 1
19744,2.0,2.0,VP,IDS 1
19746,2.0,2.0,VP,IDS 1
19747,2.0,2.0,VP,IDS 1
19748,2.0,2.0,VP,IDS 1
19749,2.0,2.0,VP,IDS 1
19752,2.0,2.0,VP,IDS 1
19753,2.0,2.0,VP,IDS 1
19754,2.0,2.0,VP,IDS 1
19755,2.0,2.0,VP,IDS 1
19756,2.0,2.0,VP,IDS 1
19757,2.0,2.0,VP,IDS 1
19758,2.0,2.0,VP,IDS 1
19759,2.0,2.0,VP,IDS 1
19760,2.0,2.0,VP,IDS 1
19761,2.0,2.0,VP,IDS 1
19787,2.0,2.0,VP,IDS 1
19788,2.0,2.0,VP,IDS 1
19789,2.0,2.0,VP,IDS 1
19790,2.0,2.0,VP,IDS 1
19791,2.0,2.0,VP,IDS 1
19792,2.0,2.0,VP,IDS 1
19794,2.0,2.0,VP,IDS 1
19797,2.0,2.0,VP,IDS 1
19798,2.0,2.0,VP,IDS 1
19799,2.0,2.0,VP,IDS 1
19801,2.0,2.0,VP,IDS 1
19802,2.0,2.0,VP,IDS 1
19803,2.0,2.0,VP,IDS 1
19804,2.0,2.0,VP,IDS 1
19805,2.0,2.0,VP,IDS 1
19806,2.0,2.0,VP,IDS 1
19807,2.0,2.0,VP,IDS 1
19808,2.0,2.0,VP,IDS 1
19809,2.0,2.0,VP,IDS 1
19810,2.0,2.0,VP,IDS 1
19811,2.0,2.0,VP,IDS 1
19812,2.0,2.0,VP,IDS 1
19813,2.0,2.0,VP,IDS 1
19814,2.0,2.0,VP,IDS 1
19816,2.0,2.0,VP,IDS 1
19818,2.0,2.0,VP,IDS 1
20069,5.0,5.0,VP,IDS 1
20162,5.0,5.0,VP,IDS 1
20163,5.0,5.0,VP,IDS 1
20166,5.0,5.0,VP,IDS 1
20168,5.0,5.0,VP,IDS 1
20171,5.0,5.0,VP,IDS 1
20174,5.0,5.0,VP,IDS 1
20175,5.0,5.0,VP,IDS 1
20178,5.0,5.0,VP,IDS 1
20180,5.0,5.0,VP,IDS 1
20183,5.0,5.0,VP,IDS 1
20184,5.0,5.0,VP,IDS 1
20186,5.0,5.0,VP,IDS 1
20188,5.0,5.0,VP,IDS 1
20189,5.0,5.0,VP,IDS 1
20190,5.0,5.0,VP,IDS 1
20193,5.0,5.0,VP,IDS 1
20194,5.0,5.0,VP,IDS 1
20197,5.0,5.0,VP,IDS 1
20202,5.0,5.0,VP,IDS 1
20203,5.0,5.0,VP,IDS 1
18590,2.0,2.0,VP,IDS 1
18591,2.0,2.0,VP,IDS 1
18592,2.0,2.0,VP,IDS 1
18593,2.0,2.0,VP,IDS 1
18594,2.0,2.0,VP,IDS 1
18597,2.0,2.0,VP,IDS 1
18598,2.0,2.0,VP,IDS 1
18599,2.0,2.0,VP,IDS 1
18600,2.0,2.0,VP,IDS 1
18601,2.0,2.0,VP,IDS 1
18602,2.0,2.0,VP,IDS 1
18603,2.0,2.0,VP,IDS 1
18660,2.0,2.0,VP,IDS 1
18661,2.0,2.0,VP,IDS 1
18663,2.0,2.0,VP,IDS 1
18664,2.0,2.0,VP,IDS 1
18665,2.0,2.0,VP,IDS 1
18666,2.0,2.0,VP,IDS 1
24241,0.0,0.0,VN,IDS 1
24242,0.0,0.0,VN,IDS 1
24243,0.0,0.0,VN,IDS 1
24244,0.0,0.0,VN,IDS 1
24245,0.0,0.0,VN,IDS 1
24246,0.0,0.0,VN,IDS 1
24247,0.0,0.0,VN,IDS 1
24248,0.0,0.0,VN,IDS 1
24249,0.0,0.0,VN,IDS 1
24250,0.0,0.0,VN,IDS 1
24251,0.0,0.0,VN,IDS 1
24252,0.0,0.0,VN,IDS 1
24255,0.0,0.0,VN,IDS 1
24256,0.0,0.0,VN,IDS 1
24257,0.0,0.0,VN,IDS 1
24258,0.0,0.0,VN,IDS 1
24260,0.0,0.0,VN,IDS 1
24355,0.0,0.0,VN,IDS 1
24356,0.0,0.0,VN,IDS 1
24357,1.0,0.0,FP,IDS 1
24359,0.0,0.0,VN,IDS 1
24786,0.0,0.0,VN,IDS 1
24787,1.0,0.0,FP,IDS 1
24788,0.0,0.0,VN,IDS 1
24789,0.0,0.0,VN,IDS 1
24790,0.0,0.0,VN,IDS 1
24791,0.0,0.0,VN,IDS 1
24792,0.0,0.0,VN,IDS 1
24794,0.0,0.0,VN,IDS 1
24795,0.0,0.0,VN,IDS 1
24801,0.0,0.0,VN,IDS 1
24802,0.0,0.0,VN,IDS 1
24803,0.0,0.0,VN,IDS 1
24805,0.0,0.0,VN,IDS 1
24806,0.0,0.0,VN,IDS 1
24808,0.0,0.0,VN,IDS 1
24810,0.0,0.0,VN,IDS 1
24812,0.0,0.0,VN,IDS 1
24815,0.0,0.0,VN,IDS 1
24816,0.0,0.0,VN,IDS 1
24817,0.0,0.0,VN,IDS 1
24889,0.0,0.0,VN,IDS 1
24890,1.0,0.0,FP,IDS 1
24900,0.0,0.0,VN,IDS 1
24905,0.0,0.0,VN,IDS 1
24906,0.0,0.0,VN,IDS 1
24907,0.0,0.0,VN,IDS 1
24909,0.0,0.0,VN,IDS 1
24911,0.0,0.0,VN,IDS 1
24914,0.0,0.0,VN,IDS 1
24915,0.0,0.0,VN,IDS 1
24919,0.0,0.0,VN,IDS 1
24961,0.0,0.0,VN,IDS 1
24963,0.0,0.0,VN,IDS 1
24965,0.0,0.0,VN,IDS 1
24966,0.0,0.0,VN,IDS 1
24969,0.0,0.0,VN,IDS 1
24970,0.0,0.0,VN,IDS 1
24971,0.0,0.0,VN,IDS 1
24972,0.0,0.0,VN,IDS 1
24974,0.0,0.0,VN,IDS 1
24975,0.0,0.0,VN,IDS 1
25306,0.0,0.0,VN,IDS 1
25307,0.0,0.0,VN,IDS 1
25308,0.0,0.0,VN,IDS 1
25309,0.0,0.0,VN,IDS 1
25310,0.0,0.0,VN,IDS 1
25311,0.0,0.0,VN,IDS 1
26344,0.0,0.0,VN,IDS 1
26346,0.0,0.0,VN,IDS 1
26348,0.0,0.0,VN,IDS 1
26349,0.0,0.0,VN,IDS 1
26350,0.0,0.0,VN,IDS 1
26351,0.0,0.0,VN,IDS 1
26355,0.0,0.0,VN,IDS 1
26356,0.0,0.0,VN,IDS 1
26358,0.0,0.0,VN,IDS 1
26359,0.0,0.0,VN,IDS 1
26360,0.0,0.0,VN,IDS 1
19649,2.0,2.0,VP,IDS 1
19827,2.0,2.0,VP,IDS 1
19830,2.0,2.0,VP,IDS 1
19832,2.0,2.0,VP,IDS 1
19833,2.0,2.0,VP,IDS 1
19834,2.0,2.0,VP,IDS 1
25312,0.0,0.0,VN,IDS 1
25313,0.0,0.0,VN,IDS 1
20575,5.0,5.0,VP,IDS 1
20584,5.0,5.0,VP,IDS 1
25314,0.0,0.0,VN,IDS 1
20586,5.0,5.0,VP,IDS 1
25315,0.0,0.0,VN,IDS 1
25316,0.0,0.0,VN,IDS 1
21127,5.0,5.0,VP,IDS 1
21128,5.0,5.0,VP,IDS 1
21130,5.0,5.0,VP,IDS 1
21135,5.0,5.0,VP,IDS 1
21136,5.0,5.0,VP,IDS 1
21139,5.0,5.0,VP,IDS 1
21140,5.0,5.0,VP,IDS 1
21146,5.0,5.0,VP,IDS 1
21150,5.0,5.0,VP,IDS 1
21151,5.0,5.0,VP,IDS 1
21152,5.0,5.0,VP,IDS 1
21155,5.0,5.0,VP,IDS 1
21156,5.0,5.0,VP,IDS 1
21159,5.0,5.0,VP,IDS 1
21161,5.0,5.0,VP,IDS 1
21163,5.0,5.0,VP,IDS 1
21166,5.0,5.0,VP,IDS 1
21169,5.0,5.0,VP,IDS 1
21172,5.0,5.0,VP,IDS 1
21173,5.0,5.0,VP,IDS 1
21176,5.0,5.0,VP,IDS 1
21178,5.0,5.0,VP,IDS 1
21184,5.0,5.0,VP,IDS 1
21185,5.0,5.0,VP,IDS 1
21186,5.0,5.0,VP,IDS 1
21188,5.0,5.0,VP,IDS 1
21189,5.0,5.0,VP,IDS 1
21197,5.0,5.0,VP,IDS 1
21200,5.0,5.0,VP,IDS 1
21201,5.0,5.0,VP,IDS 1
21205,5.0,5.0,VP,IDS 1
21420,5.0,5.0,VP,IDS 1
21421,5.0,5.0,VP,IDS 1
21423,5.0,5.0,VP,IDS 1
21425,5.0,5.0,VP,IDS 1
21427,5.0,5.0,VP,IDS 1
21428,5.0,5.0,VP,IDS 1
21429,5.0,5.0,VP,IDS 1
21430,5.0,5.0,VP,IDS 1
21431,5.0,5.0,VP,IDS 1
21437,5.0,5.0,VP,IDS 1
21438,5.0,5.0,VP,IDS 1
21441,5.0,5.0,VP,IDS 1
21442,5.0,5.0,VP,IDS 1
21444,5.0,5.0,VP,IDS 1
21447,5.0,5.0,VP,IDS 1
21450,5.0,5.0,VP,IDS 1
21452,5.0,5.0,VP,IDS 1
21453,5.0,5.0,VP,IDS 1
21457,5.0,5.0,VP,IDS 1
21458,5.0,5.0,VP,IDS 1
21459,5.0,5.0,VP,IDS 1
21466,5.0,5.0,VP,IDS 1
21468,5.0,5.0,VP,IDS 1
21474,5.0,5.0,VP,IDS 1
21476,5.0,5.0,VP,IDS 1
21477,5.0,5.0,VP,IDS 1
21487,5.0,5.0,VP,IDS 1
21491,5.0,5.0,VP,IDS 1
21495,5.0,5.0,VP,IDS 1
21496,5.0,5.0,VP,IDS 1
21497,5.0,5.0,VP,IDS 1
21500,5.0,5.0,VP,IDS 1
21501,5.0,5.0,VP,IDS 1
21505,5.0,5.0,VP,IDS 1
21506,5.0,5.0,VP,IDS 1
21511,5.0,5.0,VP,IDS 1
21870,5.0,5.0,VP,IDS 1
21873,5.0,5.0,VP,IDS 1
21875,5.0,5.0,VP,IDS 1
21876,5.0,5.0,VP,IDS 1
21877,5.0,5.0,VP,IDS 1
21880,5.0,5.0,VP,IDS 1
21883,5.0,5.0,VP,IDS 1
21884,5.0,5.0,VP,IDS 1
21885,5.0,5.0,VP,IDS 1
21887,5.0,5.0,VP,IDS 1
21890,5.0,5.0,VP,IDS 1
21892,5.0,5.0,VP,IDS 1
21893,5.0,5.0,VP,IDS 1
21896,5.0,5.0,VP,IDS 1
21899,5.0,5.0,VP,IDS 1
21900,5.0,5.0,VP,IDS 1
21901,5.0,5.0,VP,IDS 1
21903,5.0,5.0,VP,IDS 1
21905,5.0,5.0,VP,IDS 1
21906,5.0,5.0,VP,IDS 1
21910,5.0,5.0,VP,IDS 1
21911,5.0,5.0,VP,IDS 1
21913,5.0,5.0,VP,IDS 1
21914,5.0,5.0,VP,IDS 1
21916,5.0,5.0,VP,IDS 1
21917,5.0,5.0,VP,IDS 1
21928,5.0,5.0,VP,IDS 1
21929,5.0,5.0,VP,IDS 1
21930,5.0,5.0,VP,IDS 1
21932,5.0,5.0,VP,IDS 1
21933,5.0,5.0,VP,IDS 1
21934,5.0,5.0,VP,IDS 1
21935,5.0,5.0,VP,IDS 1
21938,5.0,5.0,VP,IDS 1
22024,5.0,5.0,VP,IDS 1
22025,5.0,5.0,VP,IDS 1
22027,5.0,5.0,VP,IDS 1
22028,5.0,5.0,VP,IDS 1
22030,5.0,5.0,VP,IDS 1
22033,5.0,5.0,VP,IDS 1
22035,5.0,5.0,VP,IDS 1
22036,5.0,5.0,VP,IDS 1
22037,5.0,5.0,VP,IDS 1
22038,5.0,5.0,VP,IDS 1
22040,5.0,5.0,VP,IDS 1
22041,5.0,5.0,VP,IDS 1
22043,5.0,5.0,VP,IDS 1
22047,5.0,5.0,VP,IDS 1
22050,5.0,5.0,VP,IDS 1
22052,5.0,5.0,VP,IDS 1
22056,5.0,5.0,VP,IDS 1
22057,5.0,5.0,VP,IDS 1
22059,5.0,5.0,VP,IDS 1
22061,5.0,5.0,VP,IDS 1
22067,5.0,5.0,VP,IDS 1
22071,5.0,5.0,VP,IDS 1
22075,5.0,5.0,VP,IDS 1
22076,5.0,5.0,VP,IDS 1
22077,5.0,5.0,VP,IDS 1
22079,5.0,5.0,VP,IDS 1
22084,5.0,5.0,VP,IDS 1
22089,5.0,5.0,VP,IDS 1
22093,5.0,5.0,VP,IDS 1
22100,5.0,5.0,VP,IDS 1
22102,5.0,5.0,VP,IDS 1
22103,5.0,5.0,VP,IDS 1
22104,5.0,5.0,VP,IDS 1
22105,5.0,5.0,VP,IDS 1
22108,5.0,5.0,VP,IDS 1
22109,5.0,5.0,VP,IDS 1
22110,5.0,5.0,VP,IDS 1
22112,5.0,5.0,VP,IDS 1
22113,5.0,5.0,VP,IDS 1
22120,5.0,5.0,VP,IDS 1
22126,5.0,5.0,VP,IDS 1
22127,5.0,5.0,VP,IDS 1
22133,5.0,5.0,VP,IDS 1
22135,5.0,5.0,VP,IDS 1
22138,5.0,5.0,VP,IDS 1
22145,5.0,5.0,VP,IDS 1
22146,5.0,5.0,VP,IDS 1
22149,5.0,5.0,VP,IDS 1
22150,5.0,5.0,VP,IDS 1
22152,5.0,5.0,VP,IDS 1
22160,5.0,5.0,VP,IDS 1
22161,5.0,5.0,VP,IDS 1
22162,5.0,5.0,VP,IDS 1
22165,5.0,5.0,VP,IDS 1
22502,0.0,0.0,VN,IDS 1
22706,0.0,0.0,VN,IDS 1
22707,0.0,0.0,VN,IDS 1
22709,0.0,0.0,VN,IDS 1
22711,0.0,0.0,VN,IDS 1
22712,0.0,0.0,VN,IDS 1
22714,0.0,0.0,VN,IDS 1
22716,0.0,0.0,VN,IDS 1
22717,0.0,0.0,VN,IDS 1
22719,0.0,0.0,VN,IDS 1
22720,0.0,0.0,VN,IDS 1
22725,0.0,0.0,VN,IDS 1
22726,0.0,0.0,VN,IDS 1
22728,0.0,0.0,VN,IDS 1
22729,0.0,0.0,VN,IDS 1
22730,0.0,0.0,VN,IDS 1
22732,0.0,0.0,VN,IDS 1
22733,0.0,0.0,VN,IDS 1
22734,0.0,0.0,VN,IDS 1
22737,0.0,0.0,VN,IDS 1
22739,0.0,0.0,VN,IDS 1
22740,0.0,0.0,VN,IDS 1
22741,0.0,0.0,VN,IDS 1
22742,0.0,0.0,VN,IDS 1
22743,0.0,0.0,VN,IDS 1
22745,0.0,0.0,VN,IDS 1
22980,0.0,0.0,VN,IDS 1
22982,0.0,0.0,VN,IDS 1
22985,0.0,0.0,VN,IDS 1
22986,0.0,0.0,VN,IDS 1
22988,0.0,0.0,VN,IDS 1
22990,0.0,0.0,VN,IDS 1
22991,0.0,0.0,VN,IDS 1
22993,0.0,0.0,VN,IDS 1
22997,0.0,0.0,VN,IDS 1
22999,0.0,0.0,VN,IDS 1
23000,0.0,0.0,VN,IDS 1
23001,0.0,0.0,VN,IDS 1
23002,0.0,0.0,VN,IDS 1
23003,0.0,0.0,VN,IDS 1
23004,0.0,0.0,VN,IDS 1
23005,0.0,0.0,VN,IDS 1
23007,0.0,0.0,VN,IDS 1
23009,0.0,0.0,VN,IDS 1
23010,0.0,0.0,VN,IDS 1
23013,0.0,0.0,VN,IDS 1
23015,0.0,0.0,VN,IDS 1
23091,0.0,0.0,VN,IDS 1
23094,0.0,0.0,VN,IDS 1
23095,0.0,0.0,VN,IDS 1
23097,0.0,0.0,VN,IDS 1
23098,0.0,0.0,VN,IDS 1
23101,0.0,0.0,VN,IDS 1
23102,0.0,0.0,VN,IDS 1
23104,0.0,0.0,VN,IDS 1
23106,1.0,0.0,FP,IDS 1
23107,0.0,0.0,VN,IDS 1
23108,0.0,0.0,VN,IDS 1
23109,0.0,0.0,VN,IDS 1
23110,0.0,0.0,VN,IDS 1
23112,0.0,0.0,VN,IDS 1
23113,0.0,0.0,VN,IDS 1
23115,0.0,0.0,VN,IDS 1
23116,0.0,0.0,VN,IDS 1
23118,0.0,0.0,VN,IDS 1
23119,0.0,0.0,VN,IDS 1
23120,0.0,0.0,VN,IDS 1
23121,0.0,0.0,VN,IDS 1
23124,0.0,0.0,VN,IDS 1
23125,0.0,0.0,VN,IDS 1
23126,0.0,0.0,VN,IDS 1
23127,0.0,0.0,VN,IDS 1
23130,0.0,0.0,VN,IDS 1
23131,0.0,0.0,VN,IDS 1
23132,0.0,0.0,VN,IDS 1
23133,1.0,0.0,FP,IDS 1
23134,0.0,0.0,VN,IDS 1
23136,0.0,0.0,VN,IDS 1
23137,0.0,0.0,VN,IDS 1
23139,0.0,0.0,VN,IDS 1
23141,0.0,0.0,VN,IDS 1
23145,0.0,0.0,VN,IDS 1
23147,0.0,0.0,VN,IDS 1
23149,0.0,0.0,VN,IDS 1
23527,0.0,0.0,VN,IDS 1
23530,0.0,0.0,VN,IDS 1
23531,0.0,0.0,VN,IDS 1
23533,0.0,0.0,VN,IDS 1
23535,0.0,0.0,VN,IDS 1
23536,0.0,0.0,VN,IDS 1
23537,0.0,0.0,VN,IDS 1
23539,0.0,0.0,VN,IDS 1
23540,0.0,0.0,VN,IDS 1
23541,0.0,0.0,VN,IDS 1
23542,0.0,0.0,VN,IDS 1
23543,0.0,0.0,VN,IDS 1
23544,0.0,0.0,VN,IDS 1
23545,0.0,0.0,VN,IDS 1
23546,0.0,0.0,VN,IDS 1
23548,0.0,0.0,VN,IDS 1
23549,0.0,0.0,VN,IDS 1
23550,0.0,0.0,VN,IDS 1
23551,0.0,0.0,VN,IDS 1
23553,0.0,0.0,VN,IDS 1
23554,0.0,0.0,VN,IDS 1
19365,2.0,2.0,VP,IDS 1
19367,2.0,2.0,VP,IDS 1
19368,2.0,2.0,VP,IDS 1
19369,2.0,2.0,VP,IDS 1
19370,2.0,2.0,VP,IDS 1
19371,2.0,2.0,VP,IDS 1
19372,2.0,2.0,VP,IDS 1
19375,2.0,2.0,VP,IDS 1
19376,2.0,2.0,VP,IDS 1
19377,2.0,2.0,VP,IDS 1
19378,2.0,2.0,VP,IDS 1
19379,2.0,2.0,VP,IDS 1
19380,2.0,2.0,VP,IDS 1
19381,2.0,2.0,VP,IDS 1
19382,2.0,2.0,VP,IDS 1
19414,2.0,2.0,VP,IDS 1
19415,2.0,2.0,VP,IDS 1
19417,2.0,2.0,VP,IDS 1
19418,2.0,2.0,VP,IDS 1
19419,2.0,2.0,VP,IDS 1
19420,2.0,2.0,VP,IDS 1
19421,2.0,2.0,VP,IDS 1
19422,2.0,2.0,VP,IDS 1
19423,2.0,2.0,VP,IDS 1
19424,2.0,2.0,VP,IDS 1
19425,2.0,2.0,VP,IDS 1
19427,2.0,2.0,VP,IDS 1
19428,2.0,2.0,VP,IDS 1
19430,2.0,2.0,VP,IDS 1
19431,2.0,2.0,VP,IDS 1
19432,2.0,2.0,VP,IDS 1
19434,2.0,2.0,VP,IDS 1
19555,2.0,2.0,VP,IDS 1
19557,2.0,2.0,VP,IDS 1
19559,2.0,2.0,VP,IDS 1
19560,2.0,2.0,VP,IDS 1
19562,2.0,2.0,VP,IDS 1
19563,2.0,2.0,VP,IDS 1
19564,2.0,2.0,VP,IDS 1
19565,2.0,2.0,VP,IDS 1
19567,2.0,2.0,VP,IDS 1
19568,2.0,2.0,VP,IDS 1
19569,2.0,2.0,VP,IDS 1
19571,2.0,2.0,VP,IDS 1
19572,2.0,2.0,VP,IDS 1
19573,2.0,2.0,VP,IDS 1
19574,2.0,2.0,VP,IDS 1
19575,2.0,2.0,VP,IDS 1
19576,2.0,2.0,VP,IDS 1
19577,2.0,2.0,VP,IDS 1
19578,2.0,2.0,VP,IDS 1
19579,2.0,2.0,VP,IDS 1
19580,2.0,2.0,VP,IDS 1
19584,2.0,2.0,VP,IDS 1
19585,2.0,2.0,VP,IDS 1
19586,2.0,2.0,VP,IDS 1
19587,2.0,2.0,VP,IDS 1
19588,2.0,2.0,VP,IDS 1
19589,2.0,2.0,VP,IDS 1
19590,2.0,2.0,VP,IDS 1
19591,2.0,2.0,VP,IDS 1
19593,2.0,2.0,VP,IDS 1
19594,2.0,2.0,VP,IDS 1
19595,2.0,2.0,VP,IDS 1
19596,2.0,2.0,VP,IDS 1
19597,2.0,2.0,VP,IDS 1
19601,2.0,2.0,VP,IDS 1
19604,2.0,2.0,VP,IDS 1
19606,2.0,2.0,VP,IDS 1
24106,0.0,0.0,VN,IDS 1
24109,0.0,0.0,VN,IDS 1
24110,0.0,0.0,VN,IDS 1
24111,0.0,0.0,VN,IDS 1
24112,0.0,0.0,VN,IDS 1
24115,0.0,0.0,VN,IDS 1
24116,0.0,0.0,VN,IDS 1
24117,0.0,0.0,VN,IDS 1
24119,0.0,0.0,VN,IDS 1
24120,0.0,0.0,VN,IDS 1
24122,0.0,0.0,VN,IDS 1
24125,1.0,0.0,FP,IDS 1
24127,0.0,0.0,VN,IDS 1
24129,0.0,0.0,VN,IDS 1
24130,0.0,0.0,VN,IDS 1
24131,0.0,0.0,VN,IDS 1
24133,0.0,0.0,VN,IDS 1
24135,0.0,0.0,VN,IDS 1
24235,0.0,0.0,VN,IDS 1
24236,0.0,0.0,VN,IDS 1
24238,0.0,0.0,VN,IDS 1
24239,0.0,0.0,VN,IDS 1
24240,0.0,0.0,VN,IDS 1
24360,0.0,0.0,VN,IDS 1
24361,0.0,0.0,VN,IDS 1
24362,0.0,0.0,VN,IDS 1
24363,0.0,0.0,VN,IDS 1
24366,0.0,0.0,VN,IDS 1
24367,0.0,0.0,VN,IDS 1
24368,0.0,0.0,VN,IDS 1
24369,0.0,0.0,VN,IDS 1
24371,0.0,0.0,VN,IDS 1
24372,0.0,0.0,VN,IDS 1
24373,0.0,0.0,VN,IDS 1
24374,0.0,0.0,VN,IDS 1
24375,0.0,0.0,VN,IDS 1
24378,0.0,0.0,VN,IDS 1
24382,0.0,0.0,VN,IDS 1
24385,0.0,0.0,VN,IDS 1
24386,0.0,0.0,VN,IDS 1
24387,0.0,0.0,VN,IDS 1
24421,0.0,0.0,VN,IDS 1
24423,0.0,0.0,VN,IDS 1
24425,0.0,0.0,VN,IDS 1
24652,0.0,0.0,VN,IDS 1
24653,0.0,0.0,VN,IDS 1
24654,0.0,0.0,VN,IDS 1
24656,0.0,0.0,VN,IDS 1
24660,0.0,0.0,VN,IDS 1
24661,0.0,0.0,VN,IDS 1
24662,0.0,0.0,VN,IDS 1
24664,0.0,0.0,VN,IDS 1
24665,0.0,0.0,VN,IDS 1
24667,0.0,0.0,VN,IDS 1
24669,0.0,0.0,VN,IDS 1
24670,0.0,0.0,VN,IDS 1
24673,0.0,0.0,VN,IDS 1
24674,0.0,0.0,VN,IDS 1
24677,0.0,0.0,VN,IDS 1
24678,0.0,0.0,VN,IDS 1
24679,0.0,0.0,VN,IDS 1
24680,0.0,0.0,VN,IDS 1
24783,0.0,0.0,VN,IDS 1
24784,0.0,0.0,VN,IDS 1
25319,0.0,0.0,VN,IDS 1
25321,0.0,0.0,VN,IDS 1
25322,0.0,0.0,VN,IDS 1
25323,0.0,0.0,VN,IDS 1
25325,0.0,0.0,VN,IDS 1
25326,0.0,0.0,VN,IDS 1
25329,0.0,0.0,VN,IDS 1
25331,0.0,0.0,VN,IDS 1
25333,0.0,0.0,VN,IDS 1
25334,0.0,0.0,VN,IDS 1
25335,0.0,0.0,VN,IDS 1
25336,0.0,0.0,VN,IDS 1
25337,0.0,0.0,VN,IDS 1
25338,0.0,0.0,VN,IDS 1
25339,0.0,0.0,VN,IDS 1
25371,0.0,0.0,VN,IDS 1
25374,0.0,0.0,VN,IDS 1
25376,0.0,0.0,VN,IDS 1
25377,0.0,0.0,VN,IDS 1
25378,0.0,0.0,VN,IDS 1
25382,0.0,0.0,VN,IDS 1
25384,0.0,0.0,VN,IDS 1
25385,0.0,0.0,VN,IDS 1
25386,0.0,0.0,VN,IDS 1
25389,0.0,0.0,VN,IDS 1
25390,1.0,0.0,FP,IDS 1
25392,0.0,0.0,VN,IDS 1
25394,0.0,0.0,VN,IDS 1
25397,0.0,0.0,VN,IDS 1
25399,0.0,0.0,VN,IDS 1
25400,0.0,0.0,VN,IDS 1
25406,0.0,0.0,VN,IDS 1
25408,0.0,0.0,VN,IDS 1
25411,0.0,0.0,VN,IDS 1
25412,0.0,0.0,VN,IDS 1
25413,0.0,0.0,VN,IDS 1
25415,0.0,0.0,VN,IDS 1
25417,0.0,0.0,VN,IDS 1
25419,0.0,0.0,VN,IDS 1
25421,0.0,0.0,VN,IDS 1
25422,0.0,0.0,VN,IDS 1
25423,0.0,0.0,VN,IDS 1
25424,0.0,0.0,VN,IDS 1
25425,0.0,0.0,VN,IDS 1
25427,0.0,0.0,VN,IDS 1
25428,0.0,0.0,VN,IDS 1
25430,0.0,0.0,VN,IDS 1
25982,0.0,0.0,VN,IDS 1
25983,0.0,0.0,VN,IDS 1
25984,0.0,0.0,VN,IDS 1
25985,0.0,0.0,VN,IDS 1
25988,0.0,0.0,VN,IDS 1
25989,0.0,0.0,VN,IDS 1
25990,0.0,0.0,VN,IDS 1
25994,0.0,0.0,VN,IDS 1
25995,0.0,0.0,VN,IDS 1
25997,0.0,0.0,VN,IDS 1
25998,0.0,0.0,VN,IDS 1
25999,0.0,0.0,VN,IDS 1
26002,0.0,0.0,VN,IDS 1
26003,0.0,0.0,VN,IDS 1
26005,0.0,0.0,VN,IDS 1
26006,0.0,0.0,VN,IDS 1
26007,0.0,0.0,VN,IDS 1
26009,0.0,0.0,VN,IDS 1
26012,0.0,0.0,VN,IDS 1
26014,0.0,0.0,VN,IDS 1
26016,0.0,0.0,VN,IDS 1
26017,0.0,0.0,VN,IDS 1
26019,0.0,0.0,VN,IDS 1
26020,0.0,0.0,VN,IDS 1
26021,0.0,0.0,VN,IDS 1
26022,0.0,0.0,VN,IDS 1
26023,0.0,0.0,VN,IDS 1
26024,0.0,0.0,VN,IDS 1
26025,0.0,0.0,VN,IDS 1
20350,5.0,5.0,VP,IDS 1
20351,5.0,5.0,VP,IDS 1
20355,5.0,5.0,VP,IDS 1
20357,5.0,5.0,VP,IDS 1
20358,5.0,5.0,VP,IDS 1
20359,5.0,5.0,VP,IDS 1
20367,5.0,5.0,VP,IDS 1
20368,5.0,5.0,VP,IDS 1
20370,5.0,5.0,VP,IDS 1
20371,5.0,5.0,VP,IDS 1
20374,5.0,5.0,VP,IDS 1
20375,5.0,5.0,VP,IDS 1
20376,5.0,5.0,VP,IDS 1
20377,5.0,5.0,VP,IDS 1
20379,5.0,5.0,VP,IDS 1
20380,5.0,5.0,VP,IDS 1
20382,5.0,5.0,VP,IDS 1
20383,5.0,5.0,VP,IDS 1
20384,5.0,5.0,VP,IDS 1
20385,5.0,5.0,VP,IDS 1
20386,5.0,5.0,VP,IDS 1
20387,5.0,5.0,VP,IDS 1
21215,5.0,5.0,VP,IDS 1
21218,5.0,5.0,VP,IDS 1
21220,5.0,5.0,VP,IDS 1
21221,5.0,5.0,VP,IDS 1
21227,5.0,5.0,VP,IDS 1
21228,5.0,5.0,VP,IDS 1
21231,5.0,5.0,VP,IDS 1
21238,5.0,5.0,VP,IDS 1
21239,5.0,5.0,VP,IDS 1
21242,5.0,5.0,VP,IDS 1
21244,5.0,5.0,VP,IDS 1
21249,5.0,5.0,VP,IDS 1
21250,5.0,5.0,VP,IDS 1
21251,5.0,5.0,VP,IDS 1
21252,5.0,5.0,VP,IDS 1
21254,5.0,5.0,VP,IDS 1
21257,5.0,5.0,VP,IDS 1
21262,5.0,5.0,VP,IDS 1
21263,5.0,5.0,VP,IDS 1
21267,5.0,5.0,VP,IDS 1
21270,5.0,5.0,VP,IDS 1
22255,5.0,5.0,VP,IDS 1
22260,5.0,5.0,VP,IDS 1
22262,5.0,5.0,VP,IDS 1
22267,5.0,5.0,VP,IDS 1
22269,5.0,5.0,VP,IDS 1
22272,5.0,5.0,VP,IDS 1
22274,5.0,5.0,VP,IDS 1
22538,0.0,0.0,VN,IDS 1
22539,0.0,0.0,VN,IDS 1
22541,0.0,0.0,VN,IDS 1
22543,0.0,0.0,VN,IDS 1
22544,0.0,0.0,VN,IDS 1
22545,0.0,0.0,VN,IDS 1
23250,0.0,0.0,VN,IDS 1
23251,0.0,0.0,VN,IDS 1
23252,0.0,0.0,VN,IDS 1
23255,0.0,0.0,VN,IDS 1
23289,0.0,0.0,VN,IDS 1
23290,0.0,0.0,VN,IDS 1
23292,0.0,0.0,VN,IDS 1
23294,0.0,0.0,VN,IDS 1
23295,0.0,0.0,VN,IDS 1
23296,0.0,0.0,VN,IDS 1
23297,0.0,0.0,VN,IDS 1
23298,1.0,0.0,FP,IDS 1
23299,0.0,0.0,VN,IDS 1
23300,0.0,0.0,VN,IDS 1
23301,0.0,0.0,VN,IDS 1
23302,0.0,0.0,VN,IDS 1
23303,0.0,0.0,VN,IDS 1
23307,0.0,0.0,VN,IDS 1
23308,0.0,0.0,VN,IDS 1
23310,0.0,0.0,VN,IDS 1
23311,0.0,0.0,VN,IDS 1
23445,0.0,0.0,VN,IDS 1
23448,0.0,0.0,VN,IDS 1
23449,0.0,0.0,VN,IDS 1
23450,0.0,0.0,VN,IDS 1
23451,0.0,0.0,VN,IDS 1
23452,0.0,0.0,VN,IDS 1
23453,0.0,0.0,VN,IDS 1
23454,0.0,0.0,VN,IDS 1
23455,0.0,0.0,VN,IDS 1
23457,0.0,0.0,VN,IDS 1
23458,0.0,0.0,VN,IDS 1
23459,0.0,0.0,VN,IDS 1
23461,0.0,0.0,VN,IDS 1
23462,0.0,0.0,VN,IDS 1
23463,1.0,0.0,FP,IDS 1
23558,0.0,0.0,VN,IDS 1
23560,0.0,0.0,VN,IDS 1
23561,0.0,0.0,VN,IDS 1
23563,0.0,0.0,VN,IDS 1
23564,0.0,0.0,VN,IDS 1
23566,0.0,0.0,VN,IDS 1
23568,0.0,0.0,VN,IDS 1
23570,0.0,0.0,VN,IDS 1
23571,1.0,0.0,FP,IDS 1
23572,0.0,0.0,VN,IDS 1
23605,0.0,0.0,VN,IDS 1
23606,0.0,0.0,VN,IDS 1
23607,0.0,0.0,VN,IDS 1
23608,0.0,0.0,VN,IDS 1
23609,0.0,0.0,VN,IDS 1
23611,0.0,0.0,VN,IDS 1
23612,0.0,0.0,VN,IDS 1
23613,0.0,0.0,VN,IDS 1
23615,0.0,0.0,VN,IDS 1
23618,0.0,0.0,VN,IDS 1
23619,0.0,0.0,VN,IDS 1
23620,0.0,0.0,VN,IDS 1
19708,2.0,2.0,VP,IDS 1
19709,2.0,2.0,VP,IDS 1
19710,2.0,2.0,VP,IDS 1
19711,2.0,2.0,VP,IDS 1
19713,2.0,2.0,VP,IDS 1
19714,2.0,2.0,VP,IDS 1
19715,2.0,2.0,VP,IDS 1
19716,2.0,2.0,VP,IDS 1
19717,2.0,2.0,VP,IDS 1
19718,2.0,2.0,VP,IDS 1
19719,2.0,2.0,VP,IDS 1
19720,2.0,2.0,VP,IDS 1
19721,2.0,2.0,VP,IDS 1
19722,2.0,2.0,VP,IDS 1
19723,2.0,2.0,VP,IDS 1
19724,2.0,2.0,VP,IDS 1
19725,2.0,2.0,VP,IDS 1
19727,2.0,2.0,VP,IDS 1
19728,2.0,2.0,VP,IDS 1
19729,2.0,2.0,VP,IDS 1
19730,2.0,2.0,VP,IDS 1
19762,2.0,2.0,VP,IDS 1
19763,2.0,2.0,VP,IDS 1
19764,2.0,2.0,VP,IDS 1
19607,2.0,2.0,VP,IDS 1
19608,2.0,2.0,VP,IDS 1
19609,2.0,2.0,VP,IDS 1
19610,2.0,2.0,VP,IDS 1
19765,2.0,2.0,VP,IDS 1
19766,2.0,2.0,VP,IDS 1
19767,2.0,2.0,VP,IDS 1
19768,2.0,2.0,VP,IDS 1
19769,2.0,2.0,VP,IDS 1
19770,2.0,2.0,VP,IDS 1
19771,2.0,2.0,VP,IDS 1
19772,2.0,2.0,VP,IDS 1
19773,2.0,2.0,VP,IDS 1
19774,2.0,2.0,VP,IDS 1
19775,2.0,2.0,VP,IDS 1
19776,2.0,2.0,VP,IDS 1
19777,2.0,2.0,VP,IDS 1
19778,2.0,2.0,VP,IDS 1
19780,2.0,2.0,VP,IDS 1
19781,2.0,2.0,VP,IDS 1
19782,2.0,2.0,VP,IDS 1
19783,2.0,2.0,VP,IDS 1
19784,2.0,2.0,VP,IDS 1
19785,2.0,2.0,VP,IDS 1
19786,2.0,2.0,VP,IDS 1
19819,2.0,2.0,VP,IDS 1
19820,2.0,2.0,VP,IDS 1
19821,2.0,2.0,VP,IDS 1
19822,2.0,2.0,VP,IDS 1
19823,2.0,2.0,VP,IDS 1
19824,2.0,2.0,VP,IDS 1
19825,2.0,2.0,VP,IDS 1
19854,2.0,2.0,VP,IDS 1
19857,2.0,2.0,VP,IDS 1
19858,2.0,2.0,VP,IDS 1
19859,2.0,2.0,VP,IDS 1
19860,2.0,2.0,VP,IDS 1
19861,2.0,2.0,VP,IDS 1
19862,2.0,2.0,VP,IDS 1
19863,2.0,2.0,VP,IDS 1
19864,2.0,2.0,VP,IDS 1
19865,2.0,2.0,VP,IDS 1
19866,2.0,2.0,VP,IDS 1
19867,2.0,2.0,VP,IDS 1
19869,2.0,2.0,VP,IDS 1
19870,2.0,2.0,VP,IDS 1
19871,2.0,2.0,VP,IDS 1
19872,2.0,2.0,VP,IDS 1
19874,2.0,2.0,VP,IDS 1
19875,2.0,2.0,VP,IDS 1
19876,2.0,2.0,VP,IDS 1
19877,2.0,2.0,VP,IDS 1
19878,2.0,2.0,VP,IDS 1
19879,2.0,2.0,VP,IDS 1
19881,2.0,2.0,VP,IDS 1
19883,2.0,2.0,VP,IDS 1
19884,2.0,2.0,VP,IDS 1
19885,2.0,2.0,VP,IDS 1
19886,2.0,2.0,VP,IDS 1
19888,2.0,2.0,VP,IDS 1
19889,2.0,2.0,VP,IDS 1
19890,2.0,2.0,VP,IDS 1
19891,2.0,2.0,VP,IDS 1
19892,2.0,2.0,VP,IDS 1
19894,2.0,2.0,VP,IDS 1
19895,2.0,2.0,VP,IDS 1
19897,2.0,2.0,VP,IDS 1
19898,2.0,2.0,VP,IDS 1
19901,2.0,2.0,VP,IDS 1
19902,2.0,2.0,VP,IDS 1
19903,2.0,2.0,VP,IDS 1
19904,2.0,2.0,VP,IDS 1
19908,2.0,2.0,VP,IDS 1
19911,2.0,2.0,VP,IDS 1
19912,2.0,2.0,VP,IDS 1
19913,2.0,2.0,VP,IDS 1
20037,5.0,5.0,VP,IDS 1
20038,5.0,5.0,VP,IDS 1
20040,5.0,5.0,VP,IDS 1
20042,5.0,5.0,VP,IDS 1
20043,5.0,5.0,VP,IDS 1
20045,5.0,5.0,VP,IDS 1
20046,5.0,5.0,VP,IDS 1
20047,5.0,5.0,VP,IDS 1
20049,5.0,5.0,VP,IDS 1
20051,5.0,5.0,VP,IDS 1
20052,5.0,5.0,VP,IDS 1
20053,5.0,5.0,VP,IDS 1
20054,5.0,5.0,VP,IDS 1
20055,5.0,5.0,VP,IDS 1
20056,5.0,5.0,VP,IDS 1
20057,5.0,5.0,VP,IDS 1
20062,5.0,5.0,VP,IDS 1
20063,5.0,5.0,VP,IDS 1
20064,5.0,5.0,VP,IDS 1
20902,5.0,5.0,VP,IDS 1
20906,5.0,5.0,VP,IDS 1
20907,5.0,5.0,VP,IDS 1
20908,5.0,5.0,VP,IDS 1
20910,5.0,5.0,VP,IDS 1
20914,5.0,5.0,VP,IDS 1
20918,5.0,5.0,VP,IDS 1
20919,5.0,5.0,VP,IDS 1
20922,5.0,5.0,VP,IDS 1
20923,5.0,5.0,VP,IDS 1
20930,5.0,5.0,VP,IDS 1
20932,5.0,5.0,VP,IDS 1
20942,5.0,5.0,VP,IDS 1
20943,5.0,5.0,VP,IDS 1
20946,5.0,5.0,VP,IDS 1
20953,5.0,5.0,VP,IDS 1
20956,5.0,5.0,VP,IDS 1
21096,5.0,5.0,VP,IDS 1
21105,5.0,5.0,VP,IDS 1
21114,5.0,5.0,VP,IDS 1
21115,5.0,5.0,VP,IDS 1
21116,5.0,5.0,VP,IDS 1
21120,5.0,5.0,VP,IDS 1
21121,5.0,5.0,VP,IDS 1
21125,5.0,5.0,VP,IDS 1
21126,5.0,5.0,VP,IDS 1
25431,0.0,0.0,VN,IDS 1
25432,0.0,0.0,VN,IDS 1
25434,0.0,0.0,VN,IDS 1
25435,0.0,0.0,VN,IDS 1
25436,0.0,0.0,VN,IDS 1
25439,0.0,0.0,VN,IDS 1
25440,0.0,0.0,VN,IDS 1
25444,0.0,0.0,VN,IDS 1
25446,0.0,0.0,VN,IDS 1
25447,0.0,0.0,VN,IDS 1
21512,5.0,5.0,VP,IDS 1
21515,5.0,5.0,VP,IDS 1
21516,5.0,5.0,VP,IDS 1
21517,5.0,5.0,VP,IDS 1
25448,0.0,0.0,VN,IDS 1
25449,0.0,0.0,VN,IDS 1
25912,0.0,0.0,VN,IDS 1
25914,0.0,0.0,VN,IDS 1
25915,0.0,0.0,VN,IDS 1
25917,0.0,0.0,VN,IDS 1
21519,5.0,5.0,VP,IDS 1
21520,5.0,5.0,VP,IDS 1
21521,5.0,5.0,VP,IDS 1
21522,5.0,5.0,VP,IDS 1
21523,5.0,5.0,VP,IDS 1
21527,5.0,5.0,VP,IDS 1
21529,5.0,5.0,VP,IDS 1
21530,5.0,5.0,VP,IDS 1
21532,5.0,5.0,VP,IDS 1
21537,5.0,5.0,VP,IDS 1
21541,5.0,5.0,VP,IDS 1
21545,5.0,5.0,VP,IDS 1
21546,5.0,5.0,VP,IDS 1
21551,5.0,5.0,VP,IDS 1
21552,5.0,5.0,VP,IDS 1
21553,5.0,5.0,VP,IDS 1
21554,5.0,5.0,VP,IDS 1
21558,5.0,5.0,VP,IDS 1
21559,5.0,5.0,VP,IDS 1
21565,5.0,5.0,VP,IDS 1
26026,0.0,0.0,VN,IDS 1
26027,0.0,0.0,VN,IDS 1
26029,0.0,0.0,VN,IDS 1
26031,0.0,0.0,VN,IDS 1
26032,0.0,0.0,VN,IDS 1
26034,0.0,0.0,VN,IDS 1
26035,0.0,0.0,VN,IDS 1
26036,0.0,0.0,VN,IDS 1
26037,0.0,0.0,VN,IDS 1
26039,0.0,0.0,VN,IDS 1
21753,5.0,5.0,VP,IDS 1
21754,5.0,5.0,VP,IDS 1
21755,5.0,5.0,VP,IDS 1
21757,5.0,5.0,VP,IDS 1
21758,5.0,5.0,VP,IDS 1
21762,5.0,5.0,VP,IDS 1
21763,5.0,5.0,VP,IDS 1
21765,5.0,5.0,VP,IDS 1
21766,5.0,5.0,VP,IDS 1
21767,5.0,5.0,VP,IDS 1
21772,5.0,5.0,VP,IDS 1
21773,5.0,5.0,VP,IDS 1
21778,5.0,5.0,VP,IDS 1
21780,5.0,5.0,VP,IDS 1
21781,5.0,5.0,VP,IDS 1
21782,5.0,5.0,VP,IDS 1
21784,5.0,5.0,VP,IDS 1
21785,5.0,5.0,VP,IDS 1
21786,5.0,5.0,VP,IDS 1
21787,5.0,5.0,VP,IDS 1
21788,5.0,5.0,VP,IDS 1
21789,5.0,5.0,VP,IDS 1
21790,5.0,5.0,VP,IDS 1
21795,5.0,5.0,VP,IDS 1
21797,5.0,5.0,VP,IDS 1
21804,5.0,5.0,VP,IDS 1
21805,5.0,5.0,VP,IDS 1
21806,5.0,5.0,VP,IDS 1
21808,5.0,5.0,VP,IDS 1
21810,5.0,5.0,VP,IDS 1
21811,5.0,5.0,VP,IDS 1
21812,5.0,5.0,VP,IDS 1
21813,5.0,5.0,VP,IDS 1
21816,5.0,5.0,VP,IDS 1
21817,5.0,5.0,VP,IDS 1
21819,5.0,5.0,VP,IDS 1
21820,5.0,5.0,VP,IDS 1
21823,5.0,5.0,VP,IDS 1
21824,5.0,5.0,VP,IDS 1
21825,5.0,5.0,VP,IDS 1
20388,5.0,5.0,VP,IDS 1
20391,5.0,5.0,VP,IDS 3
20392,5.0,5.0,VP,IDS 1
20394,5.0,5.0,VP,IDS 1
20397,5.0,5.0,VP,IDS 1
20398,5.0,5.0,VP,IDS 1
20400,5.0,5.0,VP,IDS 3
20402,5.0,5.0,VP,IDS 1
20403,5.0,5.0,VP,IDS 1
20404,5.0,5.0,VP,IDS 1
20405,5.0,5.0,VP,IDS 3
20406,5.0,5.0,VP,IDS 1
20407,5.0,5.0,VP,IDS 1
20415,5.0,5.0,VP,IDS 1
20420,5.0,5.0,VP,IDS 1
20421,5.0,5.0,VP,IDS 1
20468,5.0,5.0,VP,IDS 1
20469,5.0,5.0,VP,IDS 1
20470,5.0,5.0,VP,IDS 1
20471,5.0,5.0,VP,IDS 1
20472,5.0,5.0,VP,IDS 1
20476,5.0,5.0,VP,IDS 1
23150,0.0,0.0,VN,IDS 1
23151,0.0,0.0,VN,IDS 1
23153,0.0,0.0,VN,IDS 1
23154,0.0,0.0,VN,IDS 1
23158,0.0,0.0,VN,IDS 1
23498,0.0,0.0,VN,IDS 1
23500,0.0,0.0,VN,IDS 1
23501,0.0,0.0,VN,IDS 1
23502,0.0,0.0,VN,IDS 1
23503,0.0,0.0,VN,IDS 1
23504,0.0,0.0,VN,IDS 1
23508,0.0,0.0,VN,IDS 1
23510,0.0,0.0,VN,IDS 1
23513,0.0,0.0,VN,IDS 1
23514,0.0,0.0,VN,IDS 1
23515,1.0,0.0,FP,IDS 1
23516,0.0,0.0,VN,IDS 1
23518,0.0,0.0,VN,IDS 1
23521,1.0,0.0,FP,IDS 1
23522,0.0,0.0,VN,IDS 1
23526,0.0,0.0,VN,IDS 1
23555,0.0,0.0,VN,IDS 1
23556,0.0,0.0,VN,IDS 1
23557,0.0,0.0,VN,IDS 1
23931,0.0,0.0,VN,IDS 1
23933,0.0,0.0,VN,IDS 1
23936,0.0,0.0,VN,IDS 1
23939,0.0,0.0,VN,IDS 1
23940,0.0,0.0,VN,IDS 1
23941,0.0,0.0,VN,IDS 1
23943,0.0,0.0,VN,IDS 1
23944,0.0,0.0,VN,IDS 1
23945,0.0,0.0,VN,IDS 1
23947,0.0,0.0,VN,IDS 1
23949,0.0,0.0,VN,IDS 1
23951,0.0,0.0,VN,IDS 1
23953,0.0,0.0,VN,IDS 1
23954,0.0,0.0,VN,IDS 1
23955,0.0,0.0,VN,IDS 1
23956,0.0,0.0,VN,IDS 1
23957,0.0,0.0,VN,IDS 1
23959,0.0,0.0,VN,IDS 1
23960,0.0,0.0,VN,IDS 1
23961,0.0,0.0,VN,IDS 1
19437,2.0,2.0,VP,IDS 1
19440,2.0,2.0,VP,IDS 1
19441,2.0,2.0,VP,IDS 1
19442,2.0,2.0,VP,IDS 1
19443,2.0,2.0,VP,IDS 1
19444,2.0,2.0,VP,IDS 1
19445,2.0,2.0,VP,IDS 1
19538,2.0,2.0,VP,IDS 1
19539,2.0,2.0,VP,IDS 1
19540,2.0,2.0,VP,IDS 1
19541,2.0,2.0,VP,IDS 1
19542,2.0,2.0,VP,IDS 1
19543,2.0,2.0,VP,IDS 1
19544,2.0,2.0,VP,IDS 1
19545,2.0,2.0,VP,IDS 1
19548,2.0,2.0,VP,IDS 1
19550,2.0,2.0,VP,IDS 1
19551,2.0,2.0,VP,IDS 1
19552,2.0,2.0,VP,IDS 1
19553,2.0,2.0,VP,IDS 1
19554,2.0,2.0,VP,IDS 1
22547,0.0,0.0,VN,IDS 1
22552,0.0,0.0,VN,IDS 1
22553,0.0,0.0,VN,IDS 1
22554,1.0,0.0,FP,IDS 1
22556,0.0,0.0,VN,IDS 1
22557,0.0,0.0,VN,IDS 1
22558,0.0,0.0,VN,IDS 1
22559,0.0,0.0,VN,IDS 1
22562,0.0,0.0,VN,IDS 1
22563,0.0,0.0,VN,IDS 1
19611,2.0,2.0,VP,IDS 1
19612,2.0,2.0,VP,IDS 1
19613,2.0,2.0,VP,IDS 1
19614,2.0,2.0,VP,IDS 1
19615,2.0,2.0,VP,IDS 1
19616,2.0,2.0,VP,IDS 1
19617,2.0,2.0,VP,IDS 1
19618,2.0,2.0,VP,IDS 1
19619,2.0,2.0,VP,IDS 1
19620,2.0,2.0,VP,IDS 1
19621,2.0,2.0,VP,IDS 1
19622,2.0,2.0,VP,IDS 1
19623,2.0,2.0,VP,IDS 1
19624,2.0,2.0,VP,IDS 1
19625,2.0,2.0,VP,IDS 1
19626,2.0,2.0,VP,IDS 1
19627,2.0,2.0,VP,IDS 1
19628,2.0,2.0,VP,IDS 1
19631,2.0,2.0,VP,IDS 1
19632,2.0,2.0,VP,IDS 1
19633,2.0,2.0,VP,IDS 1
24011,0.0,0.0,VN,IDS 1
24012,0.0,0.0,VN,IDS 1
24014,0.0,0.0,VN,IDS 1
24016,0.0,0.0,VN,IDS 1
24017,0.0,0.0,VN,IDS 1
24018,0.0,0.0,VN,IDS 1
24019,0.0,0.0,VN,IDS 1
24020,0.0,0.0,VN,IDS 1
24021,0.0,0.0,VN,IDS 1
24024,0.0,0.0,VN,IDS 1
24026,0.0,0.0,VN,IDS 1
24028,0.0,0.0,VN,IDS 1
24030,0.0,0.0,VN,IDS 1
24031,0.0,0.0,VN,IDS 1
24032,0.0,0.0,VN,IDS 1
24033,0.0,0.0,VN,IDS 1
24034,0.0,0.0,VN,IDS 1
24036,0.0,0.0,VN,IDS 1
24101,0.0,0.0,VN,IDS 1
24102,0.0,0.0,VN,IDS 1
24105,0.0,0.0,VN,IDS 1
24426,0.0,0.0,VN,IDS 1
24427,0.0,0.0,VN,IDS 1
23389,0.0,0.0,VN,IDS 1
23393,0.0,0.0,VN,IDS 1
24431,0.0,0.0,VN,IDS 1
23394,0.0,0.0,VN,IDS 1
24433,0.0,0.0,VN,IDS 1
23395,0.0,0.0,VN,IDS 1
24435,0.0,0.0,VN,IDS 1
24436,0.0,0.0,VN,IDS 1
24438,0.0,0.0,VN,IDS 1
23432,0.0,0.0,VN,IDS 1
24439,0.0,0.0,VN,IDS 1
23433,0.0,0.0,VN,IDS 1
23434,0.0,0.0,VN,IDS 1
24440,0.0,0.0,VN,IDS 1
23436,0.0,0.0,VN,IDS 1
24441,0.0,0.0,VN,IDS 1
23440,0.0,0.0,VN,IDS 1
23443,0.0,0.0,VN,IDS 1
24445,0.0,0.0,VN,IDS 1
24446,0.0,0.0,VN,IDS 1
23444,0.0,0.0,VN,IDS 1
24453,0.0,0.0,VN,IDS 1
24456,0.0,0.0,VN,IDS 1
24457,0.0,0.0,VN,IDS 1
24458,0.0,0.0,VN,IDS 1
24459,0.0,0.0,VN,IDS 1
24460,1.0,0.0,FP,IDS 1
24648,0.0,0.0,VN,IDS 1
24649,0.0,0.0,VN,IDS 1
24651,0.0,0.0,VN,IDS 1
24920,0.0,0.0,VN,IDS 1
24922,0.0,0.0,VN,IDS 1
24923,0.0,0.0,VN,IDS 1
24924,0.0,0.0,VN,IDS 1
24925,0.0,0.0,VN,IDS 1
24930,0.0,0.0,VN,IDS 1
24932,0.0,0.0,VN,IDS 1
24933,0.0,0.0,VN,IDS 1
24934,0.0,0.0,VN,IDS 1
24937,0.0,0.0,VN,IDS 1
24938,0.0,0.0,VN,IDS 1
24939,0.0,0.0,VN,IDS 1
24942,0.0,0.0,VN,IDS 1
24946,1.0,0.0,FP,IDS 1
24947,0.0,0.0,VN,IDS 1
24951,0.0,0.0,VN,IDS 1
24952,0.0,0.0,VN,IDS 1
24953,1.0,0.0,FP,IDS 1
24954,0.0,0.0,VN,IDS 1
24957,0.0,0.0,VN,IDS 1
24958,0.0,0.0,VN,IDS 1
24960,0.0,0.0,VN,IDS 1
23574,0.0,0.0,VN,IDS 1
23575,0.0,0.0,VN,IDS 1
23576,0.0,0.0,VN,IDS 1
23579,0.0,0.0,VN,IDS 1
23580,0.0,0.0,VN,IDS 1
23582,0.0,0.0,VN,IDS 1
23585,0.0,0.0,VN,IDS 1
23586,0.0,0.0,VN,IDS 1
23588,0.0,0.0,VN,IDS 1
23590,0.0,0.0,VN,IDS 1
23591,0.0,0.0,VN,IDS 1
23593,0.0,0.0,VN,IDS 1
23594,0.0,0.0,VN,IDS 1
23597,0.0,0.0,VN,IDS 1
23598,0.0,0.0,VN,IDS 1
23599,0.0,0.0,VN,IDS 1
23600,0.0,0.0,VN,IDS 1
23601,0.0,0.0,VN,IDS 1
23602,0.0,0.0,VN,IDS 1
23603,0.0,0.0,VN,IDS 1
23604,0.0,0.0,VN,IDS 1
25918,0.0,0.0,VN,IDS 1
25919,0.0,0.0,VN,IDS 1
25922,0.0,0.0,VN,IDS 1
25924,0.0,0.0,VN,IDS 1
25925,0.0,0.0,VN,IDS 1
25926,0.0,0.0,VN,IDS 1
25927,0.0,0.0,VN,IDS 1
25929,0.0,0.0,VN,IDS 1
25932,0.0,0.0,VN,IDS 1
25933,0.0,0.0,VN,IDS 1
25934,0.0,0.0,VN,IDS 1
25935,0.0,0.0,VN,IDS 1
25936,0.0,0.0,VN,IDS 1
25937,0.0,0.0,VN,IDS 1
25938,0.0,0.0,VN,IDS 1
25939,0.0,0.0,VN,IDS 1
25941,0.0,0.0,VN,IDS 1
25942,0.0,0.0,VN,IDS 1
25977,0.0,0.0,VN,IDS 1
25979,0.0,0.0,VN,IDS 1
25980,0.0,0.0,VN,IDS 1
26040,0.0,0.0,VN,IDS 1
26271,0.0,0.0,VN,IDS 1
26272,0.0,0.0,VN,IDS 1
26273,0.0,0.0,VN,IDS 1
26274,0.0,0.0,VN,IDS 1
26275,0.0,0.0,VN,IDS 1
26276,0.0,0.0,VN,IDS 1
26277,0.0,0.0,VN,IDS 1
26279,0.0,0.0,VN,IDS 1
26280,0.0,0.0,VN,IDS 1
26281,0.0,0.0,VN,IDS 1
26282,0.0,0.0,VN,IDS 1
26284,0.0,0.0,VN,IDS 1
26285,0.0,0.0,VN,IDS 1
26286,0.0,0.0,VN,IDS 1
26289,0.0,0.0,VN,IDS 1
26290,0.0,0.0,VN,IDS 1
26291,0.0,0.0,VN,IDS 1
26292,0.0,0.0,VN,IDS 1
26293,0.0,0.0,VN,IDS 1
26294,0.0,0.0,VN,IDS 1
26295,0.0,0.0,VN,IDS 1
26297,0.0,0.0,VN,IDS 1
26334,0.0,0.0,VN,IDS 1
26336,0.0,0.0,VN,IDS 1
26337,0.0,0.0,VN,IDS 1
26339,0.0,0.0,VN,IDS 1
26341,0.0,0.0,VN,IDS 1
26342,0.0,0.0,VN,IDS 1
19998,5.0,5.0,VP,IDS 1
20002,5.0,5.0,VP,IDS 1
20003,5.0,5.0,VP,IDS 1
20005,5.0,5.0,VP,IDS 1
20008,5.0,5.0,VP,IDS 1
20009,5.0,5.0,VP,IDS 1
20010,5.0,5.0,VP,IDS 1
20012,5.0,5.0,VP,IDS 1
20013,5.0,5.0,VP,IDS 1
20014,5.0,5.0,VP,IDS 1
20016,5.0,5.0,VP,IDS 1
20019,5.0,5.0,VP,IDS 1
20022,5.0,5.0,VP,IDS 1
20024,5.0,5.0,VP,IDS 1
20026,5.0,5.0,VP,IDS 1
20030,5.0,5.0,VP,IDS 1
20032,5.0,5.0,VP,IDS 1
20287,5.0,5.0,VP,IDS 1
20295,5.0,5.0,VP,IDS 1
20296,5.0,5.0,VP,IDS 1
20297,5.0,5.0,VP,IDS 1
20299,5.0,5.0,VP,IDS 1
20300,5.0,5.0,VP,IDS 1
20301,5.0,5.0,VP,IDS 1
20304,5.0,5.0,VP,IDS 1
20307,5.0,5.0,VP,IDS 1
20315,5.0,5.0,VP,IDS 1
20320,5.0,5.0,VP,IDS 1
20322,5.0,5.0,VP,IDS 1
20324,5.0,5.0,VP,IDS 1
20326,5.0,5.0,VP,IDS 1
20327,5.0,5.0,VP,IDS 1
20328,5.0,5.0,VP,IDS 1
20329,5.0,5.0,VP,IDS 1
20330,5.0,5.0,VP,IDS 1
20334,5.0,5.0,VP,IDS 1
20336,5.0,5.0,VP,IDS 1
20337,5.0,5.0,VP,IDS 1
20338,5.0,5.0,VP,IDS 1
20345,5.0,5.0,VP,IDS 1
20485,5.0,5.0,VP,IDS 1
20486,5.0,5.0,VP,IDS 1
20487,5.0,5.0,VP,IDS 1
20497,5.0,5.0,VP,IDS 1
20498,5.0,5.0,VP,IDS 1
20502,5.0,5.0,VP,IDS 1
20503,5.0,5.0,VP,IDS 1
20506,5.0,5.0,VP,IDS 1
20507,5.0,5.0,VP,IDS 1
20514,5.0,5.0,VP,IDS 1
20515,5.0,5.0,VP,IDS 1
20516,5.0,5.0,VP,IDS 1
20534,5.0,5.0,VP,IDS 1
20539,5.0,5.0,VP,IDS 1
20855,5.0,5.0,VP,IDS 1
20856,5.0,5.0,VP,IDS 1
20857,5.0,5.0,VP,IDS 1
20859,5.0,5.0,VP,IDS 1
20862,5.0,5.0,VP,IDS 1
20863,5.0,5.0,VP,IDS 1
20864,5.0,5.0,VP,IDS 1
20868,5.0,5.0,VP,IDS 1
20869,5.0,5.0,VP,IDS 1
20870,5.0,5.0,VP,IDS 1
20871,5.0,5.0,VP,IDS 1
20872,5.0,5.0,VP,IDS 1
20874,5.0,5.0,VP,IDS 1
20875,5.0,5.0,VP,IDS 1
20881,5.0,5.0,VP,IDS 1
20887,5.0,5.0,VP,IDS 1
20889,5.0,5.0,VP,IDS 1
20892,5.0,5.0,VP,IDS 1
20895,5.0,5.0,VP,IDS 1
20897,5.0,5.0,VP,IDS 1
20957,5.0,5.0,VP,IDS 1
20958,5.0,5.0,VP,IDS 1
20965,5.0,5.0,VP,IDS 1
20967,5.0,5.0,VP,IDS 1
20968,5.0,5.0,VP,IDS 1
20969,5.0,5.0,VP,IDS 1
20970,5.0,5.0,VP,IDS 1
20971,5.0,5.0,VP,IDS 1
20973,5.0,5.0,VP,IDS 1
20976,5.0,5.0,VP,IDS 1
20978,5.0,5.0,VP,IDS 1
20980,5.0,5.0,VP,IDS 1
20981,5.0,5.0,VP,IDS 1
20991,5.0,5.0,VP,IDS 1
20992,5.0,5.0,VP,IDS 1
20994,5.0,5.0,VP,IDS 1
20995,5.0,5.0,VP,IDS 1
21001,5.0,5.0,VP,IDS 1
21003,5.0,5.0,VP,IDS 1
21004,5.0,5.0,VP,IDS 1
21056,5.0,5.0,VP,IDS 1
21058,5.0,5.0,VP,IDS 1
21977,5.0,5.0,VP,IDS 1
21979,5.0,5.0,VP,IDS 1
21980,5.0,5.0,VP,IDS 1
21981,5.0,5.0,VP,IDS 1
21982,5.0,5.0,VP,IDS 1
21985,5.0,5.0,VP,IDS 1
22175,5.0,5.0,VP,IDS 1
22179,5.0,5.0,VP,IDS 1
22181,5.0,5.0,VP,IDS 1
22187,5.0,5.0,VP,IDS 1
22188,5.0,5.0,VP,IDS 1
22189,5.0,5.0,VP,IDS 1
22193,5.0,5.0,VP,IDS 1
22195,5.0,5.0,VP,IDS 1
22197,5.0,5.0,VP,IDS 1
22198,5.0,5.0,VP,IDS 1
22199,5.0,5.0,VP,IDS 1
22201,5.0,5.0,VP,IDS 1
22203,5.0,5.0,VP,IDS 1
22205,5.0,5.0,VP,IDS 1
22206,5.0,5.0,VP,IDS 1
22658,0.0,0.0,VN,IDS 1
22659,0.0,0.0,VN,IDS 1
22660,0.0,0.0,VN,IDS 1
22662,0.0,0.0,VN,IDS 1
22664,0.0,0.0,VN,IDS 1
22665,0.0,0.0,VN,IDS 1
22667,0.0,0.0,VN,IDS 1
22668,0.0,0.0,VN,IDS 1
22670,0.0,0.0,VN,IDS 1
22779,0.0,0.0,VN,IDS 1
22782,0.0,0.0,VN,IDS 1
22785,0.0,0.0,VN,IDS 1
22787,0.0,0.0,VN,IDS 1
22789,0.0,0.0,VN,IDS 1
22790,0.0,0.0,VN,IDS 1
22791,0.0,0.0,VN,IDS 1
22792,0.0,0.0,VN,IDS 1
22793,0.0,0.0,VN,IDS 1
22795,0.0,0.0,VN,IDS 1
22796,0.0,0.0,VN,IDS 1
22797,0.0,0.0,VN,IDS 1
22798,0.0,0.0,VN,IDS 1
22799,0.0,0.0,VN,IDS 1
22800,0.0,0.0,VN,IDS 1
22801,0.0,0.0,VN,IDS 1
22804,1.0,0.0,FP,IDS 1
22806,0.0,0.0,VN,IDS 1
22807,0.0,0.0,VN,IDS 1
22808,0.0,0.0,VN,IDS 1
22809,0.0,0.0,VN,IDS 1
22811,1.0,0.0,FP,IDS 1
22812,0.0,0.0,VN,IDS 1
22813,0.0,0.0,VN,IDS 1
22815,0.0,0.0,VN,IDS 1
22817,0.0,0.0,VN,IDS 1
22818,0.0,0.0,VN,IDS 1
22819,0.0,0.0,VN,IDS 1
22820,0.0,0.0,VN,IDS 1
22822,0.0,0.0,VN,IDS 1
22823,0.0,0.0,VN,IDS 1
22824,0.0,0.0,VN,IDS 1
22825,0.0,0.0,VN,IDS 1
22827,0.0,0.0,VN,IDS 1
22828,1.0,0.0,FP,IDS 1
23210,0.0,0.0,VN,IDS 1
23211,0.0,0.0,VN,IDS 1
23212,0.0,0.0,VN,IDS 1
23213,0.0,0.0,VN,IDS 1
23214,0.0,0.0,VN,IDS 1
23215,0.0,0.0,VN,IDS 1
23216,1.0,0.0,FP,IDS 1
23217,0.0,0.0,VN,IDS 1
23219,0.0,0.0,VN,IDS 1
23220,0.0,0.0,VN,IDS 1
23222,0.0,0.0,VN,IDS 1
23223,0.0,0.0,VN,IDS 1
23227,0.0,0.0,VN,IDS 1
23228,0.0,0.0,VN,IDS 1
23229,0.0,0.0,VN,IDS 1
23231,0.0,0.0,VN,IDS 1
23232,0.0,0.0,VN,IDS 1
23235,0.0,0.0,VN,IDS 1
23237,0.0,0.0,VN,IDS 1
23238,0.0,0.0,VN,IDS 1
23240,0.0,0.0,VN,IDS 1
23241,0.0,0.0,VN,IDS 1
23242,0.0,0.0,VN,IDS 1
23243,0.0,0.0,VN,IDS 1
23244,0.0,0.0,VN,IDS 1
23245,0.0,0.0,VN,IDS 1
23246,1.0,0.0,FP,IDS 1
23247,1.0,0.0,FP,IDS 1
23249,0.0,0.0,VN,IDS 1
23313,0.0,0.0,VN,IDS 1
23314,0.0,0.0,VN,IDS 1
23317,0.0,0.0,VN,IDS 1
23319,0.0,0.0,VN,IDS 1
23363,0.0,0.0,VN,IDS 1
23364,0.0,0.0,VN,IDS 1
19835,2.0,2.0,VP,IDS 1
19836,2.0,2.0,VP,IDS 1
19837,2.0,2.0,VP,IDS 1
19838,2.0,2.0,VP,IDS 1
19839,2.0,2.0,VP,IDS 1
19840,2.0,2.0,VP,IDS 1
19841,2.0,2.0,VP,IDS 1
19843,2.0,2.0,VP,IDS 1
19844,2.0,2.0,VP,IDS 1
19845,2.0,2.0,VP,IDS 1
19846,2.0,2.0,VP,IDS 1
19847,2.0,2.0,VP,IDS 1
19848,2.0,2.0,VP,IDS 1
19849,2.0,2.0,VP,IDS 1
19850,2.0,2.0,VP,IDS 1
19851,2.0,2.0,VP,IDS 1
19852,2.0,2.0,VP,IDS 1
19853,2.0,2.0,VP,IDS 1
19995,2.0,2.0,VP,IDS 1
19996,2.0,2.0,VP,IDS 1
19997,5.0,5.0,VP,IDS 1
21059,5.0,5.0,VP,IDS 1
21063,5.0,5.0,VP,IDS 1
21065,5.0,5.0,VP,IDS 1
21066,5.0,5.0,VP,IDS 1
21067,5.0,5.0,VP,IDS 1
21068,5.0,5.0,VP,IDS 1
21070,5.0,5.0,VP,IDS 1
21073,5.0,5.0,VP,IDS 1
21074,5.0,5.0,VP,IDS 1
21075,5.0,5.0,VP,IDS 1
21078,5.0,5.0,VP,IDS 1
21079,5.0,5.0,VP,IDS 1
21080,5.0,5.0,VP,IDS 1
21081,5.0,5.0,VP,IDS 1
21082,5.0,5.0,VP,IDS 1
21086,5.0,5.0,VP,IDS 1
21088,5.0,5.0,VP,IDS 1
21093,5.0,5.0,VP,IDS 1
21094,5.0,5.0,VP,IDS 1
21209,5.0,5.0,VP,IDS 1
21212,5.0,5.0,VP,IDS 1
21275,5.0,5.0,VP,IDS 1
21277,5.0,5.0,VP,IDS 1
21284,5.0,5.0,VP,IDS 1
21286,5.0,5.0,VP,IDS 1
21287,5.0,5.0,VP,IDS 1
21288,5.0,5.0,VP,IDS 1
21289,5.0,5.0,VP,IDS 1
21292,5.0,5.0,VP,IDS 1
21296,5.0,5.0,VP,IDS 1
21298,5.0,5.0,VP,IDS 1
21299,5.0,5.0,VP,IDS 1
21300,5.0,5.0,VP,IDS 1
21301,5.0,5.0,VP,IDS 1
21302,5.0,5.0,VP,IDS 1
21304,5.0,5.0,VP,IDS 1
21306,5.0,5.0,VP,IDS 1
21309,5.0,5.0,VP,IDS 1
21616,5.0,5.0,VP,IDS 1
21618,5.0,5.0,VP,IDS 1
21619,5.0,5.0,VP,IDS 1
21621,5.0,5.0,VP,IDS 1
21622,5.0,5.0,VP,IDS 1
21623,5.0,5.0,VP,IDS 1
21624,5.0,5.0,VP,IDS 1
21627,5.0,5.0,VP,IDS 1
21631,5.0,5.0,VP,IDS 1
21632,5.0,5.0,VP,IDS 1
21633,5.0,5.0,VP,IDS 1
21634,5.0,5.0,VP,IDS 1
21636,5.0,5.0,VP,IDS 1
21639,5.0,5.0,VP,IDS 1
21640,5.0,5.0,VP,IDS 1
21641,5.0,5.0,VP,IDS 1
21643,5.0,5.0,VP,IDS 1
21644,5.0,5.0,VP,IDS 1
21645,5.0,5.0,VP,IDS 1
21647,5.0,5.0,VP,IDS 1
21648,5.0,5.0,VP,IDS 1
21649,5.0,5.0,VP,IDS 1
21650,5.0,5.0,VP,IDS 1
21940,5.0,5.0,VP,IDS 1
21946,5.0,5.0,VP,IDS 1
21947,5.0,5.0,VP,IDS 1
21948,5.0,5.0,VP,IDS 1
21949,5.0,5.0,VP,IDS 1
21951,5.0,5.0,VP,IDS 1
21954,5.0,5.0,VP,IDS 1
21955,5.0,5.0,VP,IDS 1
21956,5.0,5.0,VP,IDS 1
21965,5.0,5.0,VP,IDS 1
21966,5.0,5.0,VP,IDS 1
21967,5.0,5.0,VP,IDS 1
21970,5.0,5.0,VP,IDS 1
21971,5.0,5.0,VP,IDS 1
21973,5.0,5.0,VP,IDS 1
21975,5.0,5.0,VP,IDS 1
21976,5.0,5.0,VP,IDS 1
22212,5.0,5.0,VP,IDS 1
22215,5.0,5.0,VP,IDS 1
22216,5.0,5.0,VP,IDS 1
22219,5.0,5.0,VP,IDS 1
22223,5.0,5.0,VP,IDS 1
22225,5.0,5.0,VP,IDS 1
22229,5.0,5.0,VP,IDS 1
22231,5.0,5.0,VP,IDS 1
22232,5.0,5.0,VP,IDS 1
22236,5.0,5.0,VP,IDS 1
22238,5.0,5.0,VP,IDS 1
22240,5.0,5.0,VP,IDS 1
22242,5.0,5.0,VP,IDS 1
22243,5.0,5.0,VP,IDS 1
22247,5.0,5.0,VP,IDS 1
22248,5.0,5.0,VP,IDS 1
22250,5.0,5.0,VP,IDS 1
22251,5.0,5.0,VP,IDS 1
22252,5.0,5.0,VP,IDS 1
22253,5.0,5.0,VP,IDS 1
22564,0.0,0.0,VN,IDS 1
22565,0.0,0.0,VN,IDS 1
22572,1.0,0.0,FP,IDS 1
22573,0.0,0.0,VN,IDS 1
22574,0.0,0.0,VN,IDS 1
22575,0.0,0.0,VN,IDS 1
22607,0.0,0.0,VN,IDS 1
22608,0.0,0.0,VN,IDS 1
22609,0.0,0.0,VN,IDS 1
22610,0.0,0.0,VN,IDS 1
22611,0.0,0.0,VN,IDS 1
22612,0.0,0.0,VN,IDS 1
22613,0.0,0.0,VN,IDS 1
22614,0.0,0.0,VN,IDS 1
22615,0.0,0.0,VN,IDS 1
22616,0.0,0.0,VN,IDS 1
22617,0.0,0.0,VN,IDS 1
22619,0.0,0.0,VN,IDS 1
22620,0.0,0.0,VN,IDS 1
22621,0.0,0.0,VN,IDS 1
22622,0.0,0.0,VN,IDS 1
22625,0.0,0.0,VN,IDS 1
22626,0.0,0.0,VN,IDS 1
22628,0.0,0.0,VN,IDS 1
22630,0.0,0.0,VN,IDS 1
22631,0.0,0.0,VN,IDS 1
22632,0.0,0.0,VN,IDS 1
22633,0.0,0.0,VN,IDS 1
22634,0.0,0.0,VN,IDS 1
22635,1.0,0.0,FP,IDS 1
22637,0.0,0.0,VN,IDS 1
22638,0.0,0.0,VN,IDS 1
22639,0.0,0.0,VN,IDS 1
22643,0.0,0.0,VN,IDS 1
22645,0.0,0.0,VN,IDS 1
22646,0.0,0.0,VN,IDS 1
23365,0.0,0.0,VN,IDS 1
23366,0.0,0.0,VN,IDS 1
23367,0.0,0.0,VN,IDS 1
23368,0.0,0.0,VN,IDS 1
23369,0.0,0.0,VN,IDS 1
23370,0.0,0.0,VN,IDS 1
23372,0.0,0.0,VN,IDS 1
23374,0.0,0.0,VN,IDS 1
23375,0.0,0.0,VN,IDS 1
23377,0.0,0.0,VN,IDS 1
23381,0.0,0.0,VN,IDS 1
23382,0.0,0.0,VN,IDS 1
23383,1.0,0.0,FP,IDS 1
23385,0.0,0.0,VN,IDS 1
23386,0.0,0.0,VN,IDS 1
23387,0.0,0.0,VN,IDS 1
23621,0.0,0.0,VN,IDS 1
23622,0.0,0.0,VN,IDS 1
23623,0.0,0.0,VN,IDS 1
23624,0.0,0.0,VN,IDS 1
23625,0.0,0.0,VN,IDS 1
23626,0.0,0.0,VN,IDS 1
23628,0.0,0.0,VN,IDS 1
23630,0.0,0.0,VN,IDS 1
23631,0.0,0.0,VN,IDS 1
23632,0.0,0.0,VN,IDS 1
23633,0.0,0.0,VN,IDS 1
23634,0.0,0.0,VN,IDS 1
23635,0.0,0.0,VN,IDS 1
23637,0.0,0.0,VN,IDS 1
23638,1.0,0.0,FP,IDS 1
23639,0.0,0.0,VN,IDS 1
23640,0.0,0.0,VN,IDS 1
23641,0.0,0.0,VN,IDS 1
23643,0.0,0.0,VN,IDS 1
23644,0.0,0.0,VN,IDS 1
23645,0.0,0.0,VN,IDS 1
23648,0.0,0.0,VN,IDS 1
23678,0.0,0.0,VN,IDS 1
23682,0.0,0.0,VN,IDS 1
23683,0.0,0.0,VN,IDS 1
23684,0.0,0.0,VN,IDS 1
23685,1.0,0.0,FP,IDS 1
23688,0.0,0.0,VN,IDS 1
23691,0.0,0.0,VN,IDS 1
23693,0.0,0.0,VN,IDS 1
23694,0.0,0.0,VN,IDS 1
23695,0.0,0.0,VN,IDS 1
23698,0.0,0.0,VN,IDS 1
23699,0.0,0.0,VN,IDS 1
23700,0.0,0.0,VN,IDS 1
23703,0.0,0.0,VN,IDS 1
23704,0.0,0.0,VN,IDS 1
23706,0.0,0.0,VN,IDS 1
23707,0.0,0.0,VN,IDS 1
23708,0.0,0.0,VN,IDS 1
23709,0.0,0.0,VN,IDS 1
23713,0.0,0.0,VN,IDS 1
23718,0.0,0.0,VN,IDS 1
23719,0.0,0.0,VN,IDS 1
23721,0.0,0.0,VN,IDS 1
23722,0.0,0.0,VN,IDS 1
23723,0.0,0.0,VN,IDS 1
23724,0.0,0.0,VN,IDS 1
23728,0.0,0.0,VN,IDS 1
23729,0.0,0.0,VN,IDS 1
23731,0.0,0.0,VN,IDS 1
23732,0.0,0.0,VN,IDS 1
23733,0.0,0.0,VN,IDS 1
23737,0.0,0.0,VN,IDS 1
23738,0.0,0.0,VN,IDS 1
23739,0.0,0.0,VN,IDS 1
23741,0.0,0.0,VN,IDS 1
25131,0.0,0.0,VN,IDS 1
25133,0.0,0.0,VN,IDS 1
25134,0.0,0.0,VN,IDS 1
25135,0.0,0.0,VN,IDS 1
25136,0.0,0.0,VN,IDS 1
25137,0.0,0.0,VN,IDS 1
25138,0.0,0.0,VN,IDS 1
25139,0.0,0.0,VN,IDS 1
25182,0.0,0.0,VN,IDS 1
25183,0.0,0.0,VN,IDS 1
25184,0.0,0.0,VN,IDS 1
25186,0.0,0.0,VN,IDS 1
25187,0.0,0.0,VN,IDS 1
25188,0.0,0.0,VN,IDS 1
25189,0.0,0.0,VN,IDS 1
25190,0.0,0.0,VN,IDS 1
25191,0.0,0.0,VN,IDS 1
25192,0.0,0.0,VN,IDS 1
25193,0.0,0.0,VN,IDS 1
25194,0.0,0.0,VN,IDS 1
25196,0.0,0.0,VN,IDS 1
25197,0.0,0.0,VN,IDS 1
25199,0.0,0.0,VN,IDS 1
25200,0.0,0.0,VN,IDS 1
25201,0.0,0.0,VN,IDS 1
25202,0.0,0.0,VN,IDS 1
25203,0.0,0.0,VN,IDS 1
22651,0.0,0.0,VN,IDS 1
22652,0.0,0.0,VN,IDS 1
22653,0.0,0.0,VN,IDS 1
22655,0.0,0.0,VN,IDS 1
22656,0.0,0.0,VN,IDS 1
22657,0.0,0.0,VN,IDS 1
22832,0.0,0.0,VN,IDS 1
22838,0.0,0.0,VN,IDS 1
22839,0.0,0.0,VN,IDS 1
22842,0.0,0.0,VN,IDS 1
22843,0.0,0.0,VN,IDS 1
22845,0.0,0.0,VN,IDS 1
22847,0.0,0.0,VN,IDS 1
22947,0.0,0.0,VN,IDS 1
22949,0.0,0.0,VN,IDS 1
22950,0.0,0.0,VN,IDS 1
22952,0.0,0.0,VN,IDS 1
22954,0.0,0.0,VN,IDS 1
22955,1.0,0.0,FP,IDS 1
22957,0.0,0.0,VN,IDS 1
22959,0.0,0.0,VN,IDS 1
22961,0.0,0.0,VN,IDS 1
22964,0.0,0.0,VN,IDS 1
22965,0.0,0.0,VN,IDS 1
22966,0.0,0.0,VN,IDS 1
22967,0.0,0.0,VN,IDS 1
22968,0.0,0.0,VN,IDS 1
22969,0.0,0.0,VN,IDS 1
22970,0.0,0.0,VN,IDS 1
22972,0.0,0.0,VN,IDS 1
22973,0.0,0.0,VN,IDS 1
22974,0.0,0.0,VN,IDS 1
22976,0.0,0.0,VN,IDS 1
22978,0.0,0.0,VN,IDS 1
22979,0.0,0.0,VN,IDS 1
23195,0.0,0.0,VN,IDS 1
23196,0.0,0.0,VN,IDS 1
23198,0.0,0.0,VN,IDS 1
23200,1.0,0.0,FP,IDS 1
23203,1.0,0.0,FP,IDS 1
23204,0.0,0.0,VN,IDS 1
23207,0.0,0.0,VN,IDS 1
23208,0.0,0.0,VN,IDS 1
23209,0.0,0.0,VN,IDS 1
25008,0.0,0.0,VN,IDS 1
25009,0.0,0.0,VN,IDS 1
25048,0.0,0.0,VN,IDS 1
25049,0.0,0.0,VN,IDS 1
25050,0.0,0.0,VN,IDS 1
25051,0.0,0.0,VN,IDS 1
25052,0.0,0.0,VN,IDS 1
25054,0.0,0.0,VN,IDS 1
25055,0.0,0.0,VN,IDS 1
25056,0.0,0.0,VN,IDS 1
25058,0.0,0.0,VN,IDS 1
25059,0.0,0.0,VN,IDS 1
25060,0.0,0.0,VN,IDS 1
25064,0.0,0.0,VN,IDS 1
23980,0.0,0.0,VN,IDS 1
23983,0.0,0.0,VN,IDS 1
23984,0.0,0.0,VN,IDS 1
23985,0.0,0.0,VN,IDS 1
23989,0.0,0.0,VN,IDS 1
23990,0.0,0.0,VN,IDS 1
23991,0.0,0.0,VN,IDS 1
23993,0.0,0.0,VN,IDS 1
23996,0.0,0.0,VN,IDS 1
23998,0.0,0.0,VN,IDS 1
23999,0.0,0.0,VN,IDS 1
24000,0.0,0.0,VN,IDS 1
24001,0.0,0.0,VN,IDS 1
24002,0.0,0.0,VN,IDS 1
24038,0.0,0.0,VN,IDS 1
24039,0.0,0.0,VN,IDS 1
24040,0.0,0.0,VN,IDS 1
24043,0.0,0.0,VN,IDS 1
24044,0.0,0.0,VN,IDS 1
24045,0.0,0.0,VN,IDS 1
24046,0.0,0.0,VN,IDS 1
24047,0.0,0.0,VN,IDS 1
24050,0.0,0.0,VN,IDS 1
24051,1.0,0.0,FP,IDS 1
24079,0.0,0.0,VN,IDS 1
24080,0.0,0.0,VN,IDS 1
24081,0.0,0.0,VN,IDS 1
24082,0.0,0.0,VN,IDS 1
24083,0.0,0.0,VN,IDS 1
24085,0.0,0.0,VN,IDS 1
24089,0.0,0.0,VN,IDS 1
24090,0.0,0.0,VN,IDS 1
24091,0.0,0.0,VN,IDS 1
24094,0.0,0.0,VN,IDS 1
24095,0.0,0.0,VN,IDS 1
24096,1.0,0.0,FP,IDS 1
24136,0.0,0.0,VN,IDS 1
24137,0.0,0.0,VN,IDS 1
24138,0.0,0.0,VN,IDS 1
24139,0.0,0.0,VN,IDS 1
24142,0.0,0.0,VN,IDS 1
24143,0.0,0.0,VN,IDS 1
24144,0.0,0.0,VN,IDS 1
24145,0.0,0.0,VN,IDS 1
24146,0.0,0.0,VN,IDS 1
24147,0.0,0.0,VN,IDS 1
24151,0.0,0.0,VN,IDS 1
24152,0.0,0.0,VN,IDS 1
24154,0.0,0.0,VN,IDS 1
24157,0.0,0.0,VN,IDS 1
24158,0.0,0.0,VN,IDS 1
24159,0.0,0.0,VN,IDS 1
24160,0.0,0.0,VN,IDS 1
24164,0.0,0.0,VN,IDS 1
24165,0.0,0.0,VN,IDS 1
24166,0.0,0.0,VN,IDS 1
24167,0.0,0.0,VN,IDS 1
24168,0.0,0.0,VN,IDS 1
24169,0.0,0.0,VN,IDS 1
24170,0.0,0.0,VN,IDS 1
24204,0.0,0.0,VN,IDS 1
24205,1.0,0.0,FP,IDS 1
24206,0.0,0.0,VN,IDS 1
24207,0.0,0.0,VN,IDS 1
24208,0.0,0.0,VN,IDS 1
24209,0.0,0.0,VN,IDS 1
24210,0.0,0.0,VN,IDS 1
24211,0.0,0.0,VN,IDS 1
24213,0.0,0.0,VN,IDS 1
24214,0.0,0.0,VN,IDS 1
24217,0.0,0.0,VN,IDS 1
24218,0.0,0.0,VN,IDS 1
24219,0.0,0.0,VN,IDS 1
24220,0.0,0.0,VN,IDS 1
24221,0.0,0.0,VN,IDS 1
24222,0.0,0.0,VN,IDS 1
24224,0.0,0.0,VN,IDS 1
24227,0.0,0.0,VN,IDS 1
24228,0.0,0.0,VN,IDS 1
24230,0.0,0.0,VN,IDS 1
24233,0.0,0.0,VN,IDS 1
24234,0.0,0.0,VN,IDS 1
24388,0.0,0.0,VN,IDS 1
24389,1.0,0.0,FP,IDS 1
24390,0.0,0.0,VN,IDS 1
24391,0.0,0.0,VN,IDS 1
24392,0.0,0.0,VN,IDS 1
24396,0.0,0.0,VN,IDS 1
24398,0.0,0.0,VN,IDS 1
24399,0.0,0.0,VN,IDS 1
24400,0.0,0.0,VN,IDS 1
24402,0.0,0.0,VN,IDS 1
24404,0.0,0.0,VN,IDS 1
24405,0.0,0.0,VN,IDS 1
24406,0.0,0.0,VN,IDS 1
24407,0.0,0.0,VN,IDS 1
24408,0.0,0.0,VN,IDS 1
24409,0.0,0.0,VN,IDS 1
24411,0.0,0.0,VN,IDS 1
24413,0.0,0.0,VN,IDS 1
24415,0.0,0.0,VN,IDS 1
24416,0.0,0.0,VN,IDS 1
24417,0.0,0.0,VN,IDS 1
18771,2.0,2.0,VP,IDS 1
18775,2.0,2.0,VP,IDS 1
18776,2.0,2.0,VP,IDS 3
24628,1.0,0.0,FP,IDS 1
24629,0.0,0.0,VN,IDS 1
24633,0.0,0.0,VN,IDS 1
24636,0.0,0.0,VN,IDS 1
24637,0.0,0.0,VN,IDS 1
24638,0.0,0.0,VN,IDS 1
24642,0.0,0.0,VN,IDS 1
24643,0.0,0.0,VN,IDS 1
24644,0.0,0.0,VN,IDS 1
24645,0.0,0.0,VN,IDS 1
24647,0.0,0.0,VN,IDS 1
24681,0.0,0.0,VN,IDS 1
24682,0.0,0.0,VN,IDS 1
24683,0.0,0.0,VN,IDS 1
24684,0.0,0.0,VN,IDS 1
24685,1.0,0.0,FP,IDS 1
24686,0.0,0.0,VN,IDS 1
24688,0.0,0.0,VN,IDS 1
24689,1.0,0.0,FP,IDS 1
24691,0.0,0.0,VN,IDS 1
24692,0.0,0.0,VN,IDS 1
24693,0.0,0.0,VN,IDS 1
24697,0.0,0.0,VN,IDS 1
24698,0.0,0.0,VN,IDS 1
24699,0.0,0.0,VN,IDS 1
24701,0.0,0.0,VN,IDS 1
24702,0.0,0.0,VN,IDS 1
24703,0.0,0.0,VN,IDS 1
24704,0.0,0.0,VN,IDS 1
24706,0.0,0.0,VN,IDS 1
24707,0.0,0.0,VN,IDS 1
24708,0.0,0.0,VN,IDS 1
24712,0.0,0.0,VN,IDS 1
24713,0.0,0.0,VN,IDS 1
24716,0.0,0.0,VN,IDS 1
24717,0.0,0.0,VN,IDS 1
24719,0.0,0.0,VN,IDS 1
24721,0.0,0.0,VN,IDS 1
24725,0.0,0.0,VN,IDS 1
24726,0.0,0.0,VN,IDS 1
24727,0.0,0.0,VN,IDS 1
24729,0.0,0.0,VN,IDS 1
24730,0.0,0.0,VN,IDS 1
24731,0.0,0.0,VN,IDS 1
24732,0.0,0.0,VN,IDS 1
24733,0.0,0.0,VN,IDS 1
24735,0.0,0.0,VN,IDS 1
24736,0.0,0.0,VN,IDS 1
24737,0.0,0.0,VN,IDS 1
24740,0.0,0.0,VN,IDS 1
24742,0.0,0.0,VN,IDS 1
24745,0.0,0.0,VN,IDS 1
24746,0.0,0.0,VN,IDS 1
24747,0.0,0.0,VN,IDS 1
24748,0.0,0.0,VN,IDS 1
24855,0.0,0.0,VN,IDS 1
24857,0.0,0.0,VN,IDS 1
24858,0.0,0.0,VN,IDS 1
24859,0.0,0.0,VN,IDS 1
24861,0.0,0.0,VN,IDS 1
24863,0.0,0.0,VN,IDS 1
24864,0.0,0.0,VN,IDS 1
24866,0.0,0.0,VN,IDS 1
24867,0.0,0.0,VN,IDS 1
24868,0.0,0.0,VN,IDS 1
24871,0.0,0.0,VN,IDS 1
24873,0.0,0.0,VN,IDS 1
25471,0.0,0.0,VN,IDS 1
25472,0.0,0.0,VN,IDS 1
25473,0.0,0.0,VN,IDS 1
25474,0.0,0.0,VN,IDS 1
25477,0.0,0.0,VN,IDS 1
25548,0.0,0.0,VN,IDS 1
25549,0.0,0.0,VN,IDS 1
25550,0.0,0.0,VN,IDS 1
25551,0.0,0.0,VN,IDS 1
25553,0.0,0.0,VN,IDS 1
25555,0.0,0.0,VN,IDS 1
25556,0.0,0.0,VN,IDS 1
25557,0.0,0.0,VN,IDS 1
25559,0.0,0.0,VN,IDS 1
25560,0.0,0.0,VN,IDS 1
25566,0.0,0.0,VN,IDS 1
25567,0.0,0.0,VN,IDS 1
25568,0.0,0.0,VN,IDS 1
25569,0.0,0.0,VN,IDS 1
25570,0.0,0.0,VN,IDS 1
25573,0.0,0.0,VN,IDS 1
25575,0.0,0.0,VN,IDS 1
25577,0.0,0.0,VN,IDS 1
25578,0.0,0.0,VN,IDS 1
25579,0.0,0.0,VN,IDS 1
25581,0.0,0.0,VN,IDS 1
25584,0.0,0.0,VN,IDS 1
25585,0.0,0.0,VN,IDS 1
25586,0.0,0.0,VN,IDS 1
25587,0.0,0.0,VN,IDS 1
25588,0.0,0.0,VN,IDS 1
25590,0.0,0.0,VN,IDS 1
25591,0.0,0.0,VN,IDS 1
25594,0.0,0.0,VN,IDS 1
25596,0.0,0.0,VN,IDS 1
25597,0.0,0.0,VN,IDS 1
25598,0.0,0.0,VN,IDS 1
25599,0.0,0.0,VN,IDS 1
25600,0.0,0.0,VN,IDS 1
25601,0.0,0.0,VN,IDS 1
25603,0.0,0.0,VN,IDS 1
25604,0.0,0.0,VN,IDS 1
25605,0.0,0.0,VN,IDS 1
25607,0.0,0.0,VN,IDS 1
25608,0.0,0.0,VN,IDS 1
18952,2.0,2.0,VP,IDS 1
18953,2.0,2.0,VP,IDS 1
18954,2.0,2.0,VP,IDS 1
18955,2.0,2.0,VP,IDS 1
18956,2.0,2.0,VP,IDS 1
18957,2.0,2.0,VP,IDS 1
18959,2.0,2.0,VP,IDS 1
18961,2.0,2.0,VP,IDS 1
18963,2.0,2.0,VP,IDS 1
18964,2.0,2.0,VP,IDS 1
18965,2.0,2.0,VP,IDS 1
18966,2.0,2.0,VP,IDS 1
19020,2.0,2.0,VP,IDS 1
19021,2.0,2.0,VP,IDS 1
19023,2.0,2.0,VP,IDS 1
19025,2.0,2.0,VP,IDS 1
19026,2.0,2.0,VP,IDS 1
19028,2.0,2.0,VP,IDS 1
19029,2.0,2.0,VP,IDS 1
19030,2.0,2.0,VP,IDS 1
19031,2.0,2.0,VP,IDS 1
19032,2.0,2.0,VP,IDS 1
19034,2.0,2.0,VP,IDS 1
19035,2.0,2.0,VP,IDS 1
19036,2.0,2.0,VP,IDS 1
19037,2.0,2.0,VP,IDS 1
19038,2.0,2.0,VP,IDS 1
19039,2.0,2.0,VP,IDS 1
19040,2.0,2.0,VP,IDS 1
19041,2.0,2.0,VP,IDS 1
19042,2.0,2.0,VP,IDS 1
19043,2.0,2.0,VP,IDS 1
19044,2.0,2.0,VP,IDS 1
19045,2.0,2.0,VP,IDS 1
19048,2.0,2.0,VP,IDS 1
19922,2.0,2.0,VP,IDS 1
19925,2.0,2.0,VP,IDS 1
19926,2.0,2.0,VP,IDS 1
19928,2.0,2.0,VP,IDS 1
19929,2.0,2.0,VP,IDS 1
19933,2.0,2.0,VP,IDS 1
19935,2.0,2.0,VP,IDS 1
19936,2.0,2.0,VP,IDS 1
19938,2.0,2.0,VP,IDS 1
19939,2.0,2.0,VP,IDS 1
19940,2.0,2.0,VP,IDS 1
19941,2.0,2.0,VP,IDS 1
19942,2.0,2.0,VP,IDS 1
19943,2.0,2.0,VP,IDS 1
21391,5.0,5.0,VP,IDS 1
21392,5.0,5.0,VP,IDS 1
21395,5.0,5.0,VP,IDS 1
21400,5.0,5.0,VP,IDS 1
21405,5.0,5.0,VP,IDS 1
21410,5.0,5.0,VP,IDS 1
21413,5.0,5.0,VP,IDS 1
21414,5.0,5.0,VP,IDS 1
21417,5.0,5.0,VP,IDS 1
21653,5.0,5.0,VP,IDS 1
21657,5.0,5.0,VP,IDS 1
24994,0.0,0.0,VN,IDS 1
24996,0.0,0.0,VN,IDS 1
24998,0.0,0.0,VN,IDS 1
24999,0.0,0.0,VN,IDS 1
25003,0.0,0.0,VN,IDS 1
25004,0.0,0.0,VN,IDS 1
25005,0.0,0.0,VN,IDS 1
25006,0.0,0.0,VN,IDS 1
25007,0.0,0.0,VN,IDS 1
23743,0.0,0.0,VN,IDS 1
23744,0.0,0.0,VN,IDS 1
23745,0.0,0.0,VN,IDS 1
23747,0.0,0.0,VN,IDS 1
23748,0.0,0.0,VN,IDS 1
23749,0.0,0.0,VN,IDS 1
23750,0.0,0.0,VN,IDS 1
23751,0.0,0.0,VN,IDS 1
23862,0.0,0.0,VN,IDS 1
23863,0.0,0.0,VN,IDS 1
23866,0.0,0.0,VN,IDS 1
23867,0.0,0.0,VN,IDS 1
23868,0.0,0.0,VN,IDS 1
23869,0.0,0.0,VN,IDS 1
23870,0.0,0.0,VN,IDS 1
23871,0.0,0.0,VN,IDS 1
23873,0.0,0.0,VN,IDS 1
23876,0.0,0.0,VN,IDS 1
23877,0.0,0.0,VN,IDS 1
23878,0.0,0.0,VN,IDS 1
23880,0.0,0.0,VN,IDS 1
23881,0.0,0.0,VN,IDS 1
23884,0.0,0.0,VN,IDS 1
23885,0.0,0.0,VN,IDS 1
23889,0.0,0.0,VN,IDS 1
25124,0.0,0.0,VN,IDS 1
25125,0.0,0.0,VN,IDS 1
23890,0.0,0.0,VN,IDS 1
25127,0.0,0.0,VN,IDS 1
25128,0.0,0.0,VN,IDS 1
25129,0.0,0.0,VN,IDS 1
23891,0.0,0.0,VN,IDS 1
23892,0.0,0.0,VN,IDS 1
25130,0.0,0.0,VN,IDS 1
23893,0.0,0.0,VN,IDS 1
23894,0.0,0.0,VN,IDS 1
23895,0.0,0.0,VN,IDS 1
23896,0.0,0.0,VN,IDS 1
23898,0.0,0.0,VN,IDS 1
23899,0.0,0.0,VN,IDS 1
23901,0.0,0.0,VN,IDS 1
23902,0.0,0.0,VN,IDS 1
23903,0.0,0.0,VN,IDS 1
23905,0.0,0.0,VN,IDS 1
23906,0.0,0.0,VN,IDS 1
23907,0.0,0.0,VN,IDS 1
23908,0.0,0.0,VN,IDS 1
23909,0.0,0.0,VN,IDS 1
23910,0.0,0.0,VN,IDS 1
23911,0.0,0.0,VN,IDS 1
23912,0.0,0.0,VN,IDS 1
23913,0.0,0.0,VN,IDS 1
23914,0.0,0.0,VN,IDS 1
23915,0.0,0.0,VN,IDS 1
23917,0.0,0.0,VN,IDS 1
23920,0.0,0.0,VN,IDS 1
23927,0.0,0.0,VN,IDS 1
23929,0.0,0.0,VN,IDS 1
23930,0.0,0.0,VN,IDS 1
23969,0.0,0.0,VN,IDS 1
23970,0.0,0.0,VN,IDS 1
23971,0.0,0.0,VN,IDS 1
23972,0.0,0.0,VN,IDS 1
23973,0.0,0.0,VN,IDS 1
23974,0.0,0.0,VN,IDS 1
23975,0.0,0.0,VN,IDS 1
23977,0.0,0.0,VN,IDS 1
23979,0.0,0.0,VN,IDS 1
24052,0.0,0.0,VN,IDS 1
24053,0.0,0.0,VN,IDS 1
24054,0.0,0.0,VN,IDS 1
24055,0.0,0.0,VN,IDS 1
24056,0.0,0.0,VN,IDS 1
24057,0.0,0.0,VN,IDS 1
24059,0.0,0.0,VN,IDS 1
24060,0.0,0.0,VN,IDS 1
24061,0.0,0.0,VN,IDS 1
24062,0.0,0.0,VN,IDS 1
24063,0.0,0.0,VN,IDS 1
24064,0.0,0.0,VN,IDS 1
24065,0.0,0.0,VN,IDS 1
24067,0.0,0.0,VN,IDS 1
24068,0.0,0.0,VN,IDS 1
24069,0.0,0.0,VN,IDS 1
24070,0.0,0.0,VN,IDS 1
24071,0.0,0.0,VN,IDS 1
24072,0.0,0.0,VN,IDS 1
24073,0.0,0.0,VN,IDS 1
24074,0.0,0.0,VN,IDS 1
25204,0.0,0.0,VN,IDS 1
25206,0.0,0.0,VN,IDS 1
25207,0.0,0.0,VN,IDS 1
25208,0.0,0.0,VN,IDS 1
25209,0.0,0.0,VN,IDS 1
25210,0.0,0.0,VN,IDS 1
25213,0.0,0.0,VN,IDS 1
25214,0.0,0.0,VN,IDS 1
25216,1.0,0.0,FP,IDS 1
25217,0.0,0.0,VN,IDS 1
25218,0.0,0.0,VN,IDS 1
25219,0.0,0.0,VN,IDS 1
25222,0.0,0.0,VN,IDS 1
25223,0.0,0.0,VN,IDS 1
25224,0.0,0.0,VN,IDS 1
25225,0.0,0.0,VN,IDS 1
25226,0.0,0.0,VN,IDS 1
25227,0.0,0.0,VN,IDS 1
25228,0.0,0.0,VN,IDS 1
25229,0.0,0.0,VN,IDS 1
25230,0.0,0.0,VN,IDS 1
24075,0.0,0.0,VN,IDS 1
24077,1.0,0.0,FP,IDS 1
25232,0.0,0.0,VN,IDS 1
25234,0.0,0.0,VN,IDS 1
25239,0.0,0.0,VN,IDS 1
25240,0.0,0.0,VN,IDS 1
25241,0.0,0.0,VN,IDS 1
25243,0.0,0.0,VN,IDS 1
25451,0.0,0.0,VN,IDS 1
25452,0.0,0.0,VN,IDS 1
25454,0.0,0.0,VN,IDS 1
25455,0.0,0.0,VN,IDS 1
25456,0.0,0.0,VN,IDS 1
25457,0.0,0.0,VN,IDS 1
25458,0.0,0.0,VN,IDS 1
25460,0.0,0.0,VN,IDS 1
25461,0.0,0.0,VN,IDS 1
25462,0.0,0.0,VN,IDS 1
25464,0.0,0.0,VN,IDS 1
25465,0.0,0.0,VN,IDS 1
25466,0.0,0.0,VN,IDS 1
25467,0.0,0.0,VN,IDS 1
25468,0.0,0.0,VN,IDS 1
25469,0.0,0.0,VN,IDS 1
25470,0.0,0.0,VN,IDS 1
24418,0.0,0.0,VN,IDS 1
24419,0.0,0.0,VN,IDS 1
24463,0.0,0.0,VN,IDS 1
24464,0.0,0.0,VN,IDS 1
24465,0.0,0.0,VN,IDS 1
24468,0.0,0.0,VN,IDS 1
25611,0.0,0.0,VN,IDS 1
24469,0.0,0.0,VN,IDS 1
25612,0.0,0.0,VN,IDS 1
24470,0.0,0.0,VN,IDS 1
24475,0.0,0.0,VN,IDS 1
25613,0.0,0.0,VN,IDS 1
25649,0.0,0.0,VN,IDS 1
25651,0.0,0.0,VN,IDS 1
25652,0.0,0.0,VN,IDS 1
18668,2.0,2.0,VP,IDS 1
18669,2.0,2.0,VP,IDS 1
18670,2.0,2.0,VP,IDS 1
18671,2.0,2.0,VP,IDS 1
24476,0.0,0.0,VN,IDS 1
24478,0.0,0.0,VN,IDS 1
24479,0.0,0.0,VN,IDS 1
24480,0.0,0.0,VN,IDS 1
24482,0.0,0.0,VN,IDS 1
24483,0.0,0.0,VN,IDS 1
24485,1.0,0.0,FP,IDS 1
24486,0.0,0.0,VN,IDS 1
18672,2.0,2.0,VP,IDS 1
18673,2.0,2.0,VP,IDS 1
24489,0.0,0.0,VN,IDS 1
24490,0.0,0.0,VN,IDS 1
18674,2.0,2.0,VP,IDS 1
24491,0.0,0.0,VN,IDS 1
24493,0.0,0.0,VN,IDS 1
18675,2.0,2.0,VP,IDS 1
24494,0.0,0.0,VN,IDS 1
18677,2.0,2.0,VP,IDS 1
18678,2.0,2.0,VP,IDS 1
24495,0.0,0.0,VN,IDS 1
18679,2.0,2.0,VP,IDS 1
24496,0.0,0.0,VN,IDS 1
18680,2.0,2.0,VP,IDS 1
18681,2.0,2.0,VP,IDS 1
18682,2.0,2.0,VP,IDS 1
18683,2.0,2.0,VP,IDS 1
18684,2.0,2.0,VP,IDS 1
18685,2.0,2.0,VP,IDS 1
24497,0.0,0.0,VN,IDS 1
24498,0.0,0.0,VN,IDS 1
24499,0.0,0.0,VN,IDS 1
24500,0.0,0.0,VN,IDS 1
24501,0.0,0.0,VN,IDS 1
24502,0.0,0.0,VN,IDS 1
24505,0.0,0.0,VN,IDS 1
24506,0.0,0.0,VN,IDS 1
24509,0.0,0.0,VN,IDS 1
24510,0.0,0.0,VN,IDS 1
24512,0.0,0.0,VN,IDS 1
24515,0.0,0.0,VN,IDS 1
24516,0.0,0.0,VN,IDS 1
24517,0.0,0.0,VN,IDS 1
24518,0.0,0.0,VN,IDS 1
24520,0.0,0.0,VN,IDS 1
24523,0.0,0.0,VN,IDS 1
24525,0.0,0.0,VN,IDS 1
24526,0.0,0.0,VN,IDS 1
24529,0.0,0.0,VN,IDS 1
24531,0.0,0.0,VN,IDS 1
24532,0.0,0.0,VN,IDS 1
24533,0.0,0.0,VN,IDS 1
24534,0.0,0.0,VN,IDS 1
24535,0.0,0.0,VN,IDS 1
24536,0.0,0.0,VN,IDS 1
24537,0.0,0.0,VN,IDS 1
24538,0.0,0.0,VN,IDS 1
24607,0.0,0.0,VN,IDS 1
24609,0.0,0.0,VN,IDS 1
24610,0.0,0.0,VN,IDS 1
24611,0.0,0.0,VN,IDS 1
24613,0.0,0.0,VN,IDS 1
24615,0.0,0.0,VN,IDS 1
24617,0.0,0.0,VN,IDS 1
24618,0.0,0.0,VN,IDS 1
24622,0.0,0.0,VN,IDS 1
24625,0.0,0.0,VN,IDS 1
24626,0.0,0.0,VN,IDS 1
24876,0.0,0.0,VN,IDS 1
24878,0.0,0.0,VN,IDS 1
24879,0.0,0.0,VN,IDS 1
24880,0.0,0.0,VN,IDS 1
24881,0.0,0.0,VN,IDS 1
24883,0.0,0.0,VN,IDS 1
24884,0.0,0.0,VN,IDS 1
24885,0.0,0.0,VN,IDS 1
24886,0.0,0.0,VN,IDS 1
24887,0.0,0.0,VN,IDS 1
24978,0.0,0.0,VN,IDS 1
24979,0.0,0.0,VN,IDS 1
24980,0.0,0.0,VN,IDS 1
24981,0.0,0.0,VN,IDS 1
24982,0.0,0.0,VN,IDS 1
24983,0.0,0.0,VN,IDS 1
24984,0.0,0.0,VN,IDS 1
24985,0.0,0.0,VN,IDS 1
24989,0.0,0.0,VN,IDS 1
24991,0.0,0.0,VN,IDS 1
24992,0.0,0.0,VN,IDS 1
25065,1.0,0.0,FP,IDS 1
25067,0.0,0.0,VN,IDS 1
25070,0.0,0.0,VN,IDS 1
25073,0.0,0.0,VN,IDS 1
25074,0.0,0.0,VN,IDS 1
25076,0.0,0.0,VN,IDS 1
25077,0.0,0.0,VN,IDS 1
25079,0.0,0.0,VN,IDS 1
25081,0.0,0.0,VN,IDS 1
25108,0.0,0.0,VN,IDS 1
25110,0.0,0.0,VN,IDS 1
25111,0.0,0.0,VN,IDS 1
25113,0.0,0.0,VN,IDS 1
25115,0.0,0.0,VN,IDS 1
25117,0.0,0.0,VN,IDS 1
25118,0.0,0.0,VN,IDS 1
25119,0.0,0.0,VN,IDS 1
25120,0.0,0.0,VN,IDS 1
25121,0.0,0.0,VN,IDS 1
25122,0.0,0.0,VN,IDS 1
25123,0.0,0.0,VN,IDS 1
18819,2.0,2.0,VP,IDS 1
18820,2.0,2.0,VP,IDS 1
18821,2.0,2.0,VP,IDS 1
18824,2.0,2.0,VP,IDS 1
18825,2.0,2.0,VP,IDS 1
18826,2.0,2.0,VP,IDS 1
18827,2.0,2.0,VP,IDS 1
20566,5.0,5.0,VP,IDS 1
20567,5.0,5.0,VP,IDS 1
20568,5.0,5.0,VP,IDS 1
20571,5.0,5.0,VP,IDS 1
20573,5.0,5.0,VP,IDS 1
20574,5.0,5.0,VP,IDS 1
20624,5.0,5.0,VP,IDS 1
20625,5.0,5.0,VP,IDS 1
18828,2.0,2.0,VP,IDS 1
18829,2.0,2.0,VP,IDS 1
18830,2.0,2.0,VP,IDS 1
18831,2.0,2.0,VP,IDS 1
18916,2.0,2.0,VP,IDS 1
18917,2.0,2.0,VP,IDS 1
18918,2.0,2.0,VP,IDS 1
18919,2.0,2.0,VP,IDS 1
18921,2.0,2.0,VP,IDS 1
18922,2.0,2.0,VP,IDS 1
18923,2.0,2.0,VP,IDS 1
18924,2.0,2.0,VP,IDS 1
18925,2.0,2.0,VP,IDS 1
21722,5.0,5.0,VP,IDS 1
21725,5.0,5.0,VP,IDS 1
22323,5.0,5.0,VP,IDS 1
22328,5.0,5.0,VP,IDS 1
22329,5.0,5.0,VP,IDS 1
22332,5.0,5.0,VP,IDS 1
22334,5.0,5.0,VP,IDS 1
22338,5.0,5.0,VP,IDS 1
22341,5.0,5.0,VP,IDS 1
22346,5.0,5.0,VP,IDS 1
22348,5.0,5.0,VP,IDS 1
22349,5.0,5.0,VP,IDS 1
22354,5.0,5.0,VP,IDS 1
22355,5.0,5.0,VP,IDS 1
22356,5.0,5.0,VP,IDS 1
22357,5.0,5.0,VP,IDS 1
22358,5.0,5.0,VP,IDS 1
22359,5.0,5.0,VP,IDS 1
22363,5.0,5.0,VP,IDS 1
22365,5.0,5.0,VP,IDS 1
22366,5.0,5.0,VP,IDS 1
22418,5.0,5.0,VP,IDS 1
22420,5.0,5.0,VP,IDS 1
22424,5.0,5.0,VP,IDS 1
22427,5.0,5.0,VP,IDS 1
22428,5.0,5.0,VP,IDS 1
22431,5.0,5.0,VP,IDS 1
22432,5.0,5.0,VP,IDS 1
22433,5.0,5.0,VP,IDS 1
22434,5.0,5.0,VP,IDS 1
22435,5.0,5.0,VP,IDS 1
18926,2.0,2.0,VP,IDS 1
18927,2.0,2.0,VP,IDS 1
18928,2.0,2.0,VP,IDS 1
18929,2.0,2.0,VP,IDS 1
18930,2.0,2.0,VP,IDS 1
18931,2.0,2.0,VP,IDS 1
18932,2.0,2.0,VP,IDS 1
18933,2.0,2.0,VP,IDS 1
18934,2.0,2.0,VP,IDS 1
18935,2.0,2.0,VP,IDS 1
18938,2.0,2.0,VP,IDS 1
18940,2.0,2.0,VP,IDS 1
18942,2.0,2.0,VP,IDS 1
18943,2.0,2.0,VP,IDS 1
18944,2.0,2.0,VP,IDS 1
18945,2.0,2.0,VP,IDS 1
18946,2.0,2.0,VP,IDS 1
18947,2.0,2.0,VP,IDS 1
18949,2.0,2.0,VP,IDS 1
18950,2.0,2.0,VP,IDS 1
18951,2.0,2.0,VP,IDS 1
20836,5.0,5.0,VP,IDS 1
20837,5.0,5.0,VP,IDS 1
20840,5.0,5.0,VP,IDS 3
20841,5.0,5.0,VP,IDS 1
20843,5.0,5.0,VP,IDS 1
20844,5.0,5.0,VP,IDS 1
20847,5.0,5.0,VP,IDS 1
20848,5.0,5.0,VP,IDS 1
20849,5.0,5.0,VP,IDS 1
20851,5.0,5.0,VP,IDS 1
19049,2.0,2.0,VP,IDS 1
19050,2.0,2.0,VP,IDS 1
19052,2.0,2.0,VP,IDS 1
19053,2.0,2.0,VP,IDS 1
19054,2.0,2.0,VP,IDS 1
19056,2.0,2.0,VP,IDS 1
19057,2.0,2.0,VP,IDS 1
19058,2.0,2.0,VP,IDS 1
19059,2.0,2.0,VP,IDS 1
19061,2.0,2.0,VP,IDS 1
19062,2.0,2.0,VP,IDS 1
19063,2.0,2.0,VP,IDS 1
19064,2.0,2.0,VP,IDS 1
19065,2.0,2.0,VP,IDS 1
19067,2.0,2.0,VP,IDS 1
19068,2.0,2.0,VP,IDS 1
19069,2.0,2.0,VP,IDS 1
19070,2.0,2.0,VP,IDS 1
19071,2.0,2.0,VP,IDS 1
19072,2.0,2.0,VP,IDS 1
19073,2.0,2.0,VP,IDS 1
19075,2.0,2.0,VP,IDS 1
19076,2.0,2.0,VP,IDS 1
19077,2.0,2.0,VP,IDS 1
19078,2.0,2.0,VP,IDS 1
19079,2.0,2.0,VP,IDS 1
19080,2.0,2.0,VP,IDS 1
19081,2.0,2.0,VP,IDS 1
19082,2.0,2.0,VP,IDS 1
19083,2.0,2.0,VP,IDS 1
19084,2.0,2.0,VP,IDS 1
19085,2.0,2.0,VP,IDS 1
19086,2.0,2.0,VP,IDS 1
19087,2.0,2.0,VP,IDS 1
19088,2.0,2.0,VP,IDS 1
19090,2.0,2.0,VP,IDS 1
19091,2.0,2.0,VP,IDS 1
19092,2.0,2.0,VP,IDS 1
19093,2.0,2.0,VP,IDS 1
19094,2.0,2.0,VP,IDS 1
19097,2.0,2.0,VP,IDS 1
19098,2.0,2.0,VP,IDS 1
19099,2.0,2.0,VP,IDS 1
19100,2.0,2.0,VP,IDS 1
19101,2.0,2.0,VP,IDS 1
19102,2.0,2.0,VP,IDS 1
19104,2.0,2.0,VP,IDS 1
19105,2.0,2.0,VP,IDS 1
19106,2.0,2.0,VP,IDS 1
19107,2.0,2.0,VP,IDS 1
19108,2.0,2.0,VP,IDS 1
19110,2.0,2.0,VP,IDS 1
19111,2.0,2.0,VP,IDS 1
19112,2.0,2.0,VP,IDS 1
19113,2.0,2.0,VP,IDS 1
19115,2.0,2.0,VP,IDS 1
19116,2.0,2.0,VP,IDS 1
19118,2.0,2.0,VP,IDS 1
19198,2.0,2.0,VP,IDS 1
20852,5.0,5.0,VP,IDS 1
21006,5.0,5.0,VP,IDS 1
21008,5.0,5.0,VP,IDS 3
21010,5.0,5.0,VP,IDS 1
21011,5.0,5.0,VP,IDS 1
21016,5.0,5.0,VP,IDS 1
21017,5.0,5.0,VP,IDS 3
21018,5.0,5.0,VP,IDS 3
21021,5.0,5.0,VP,IDS 1
21023,5.0,5.0,VP,IDS 3
21024,5.0,5.0,VP,IDS 1
21025,5.0,5.0,VP,IDS 1
21027,5.0,5.0,VP,IDS 1
19199,2.0,2.0,VP,IDS 1
19200,2.0,2.0,VP,IDS 1
19201,2.0,2.0,VP,IDS 1
19202,2.0,2.0,VP,IDS 1
19203,2.0,2.0,VP,IDS 1
19204,2.0,2.0,VP,IDS 1
19205,2.0,2.0,VP,IDS 1
19206,2.0,2.0,VP,IDS 1
19207,2.0,2.0,VP,IDS 1
19208,2.0,2.0,VP,IDS 1
19209,2.0,2.0,VP,IDS 1
19210,2.0,2.0,VP,IDS 1
19212,2.0,2.0,VP,IDS 1
19214,2.0,2.0,VP,IDS 1
19215,2.0,2.0,VP,IDS 1
19217,2.0,2.0,VP,IDS 1
19218,2.0,2.0,VP,IDS 1
19219,2.0,2.0,VP,IDS 1
19221,2.0,2.0,VP,IDS 1
19222,2.0,2.0,VP,IDS 1
19223,2.0,2.0,VP,IDS 1
20092,5.0,5.0,VP,IDS 1
20093,5.0,5.0,VP,IDS 1
20095,5.0,5.0,VP,IDS 1
20099,5.0,5.0,VP,IDS 1
20101,5.0,5.0,VP,IDS 1
20102,5.0,5.0,VP,IDS 1
20103,5.0,5.0,VP,IDS 1
20106,5.0,5.0,VP,IDS 1
20107,5.0,5.0,VP,IDS 1
20108,5.0,5.0,VP,IDS 1
20109,5.0,5.0,VP,IDS 1
20110,5.0,5.0,VP,IDS 1
20111,5.0,5.0,VP,IDS 1
20113,5.0,5.0,VP,IDS 1
20115,5.0,5.0,VP,IDS 1
20123,5.0,5.0,VP,IDS 1
20787,5.0,5.0,VP,IDS 1
20788,5.0,5.0,VP,IDS 1
20789,5.0,5.0,VP,IDS 1
20791,5.0,5.0,VP,IDS 1
20792,5.0,5.0,VP,IDS 1
20794,5.0,5.0,VP,IDS 1
20795,5.0,5.0,VP,IDS 1
20796,5.0,5.0,VP,IDS 1
20798,5.0,5.0,VP,IDS 1
20799,5.0,5.0,VP,IDS 1
20800,5.0,5.0,VP,IDS 1
20802,5.0,5.0,VP,IDS 1
20803,5.0,5.0,VP,IDS 1
20804,5.0,5.0,VP,IDS 1
20807,5.0,5.0,VP,IDS 1
20808,5.0,5.0,VP,IDS 1
20810,5.0,5.0,VP,IDS 1
20816,5.0,5.0,VP,IDS 1
20821,5.0,5.0,VP,IDS 1
20825,5.0,5.0,VP,IDS 1
20827,5.0,5.0,VP,IDS 1
20829,5.0,5.0,VP,IDS 1
20831,5.0,5.0,VP,IDS 1
20832,5.0,5.0,VP,IDS 1
20833,5.0,5.0,VP,IDS 1
21726,5.0,5.0,VP,IDS 1
21729,5.0,5.0,VP,IDS 1
21730,5.0,5.0,VP,IDS 1
21733,5.0,5.0,VP,IDS 1
21734,5.0,5.0,VP,IDS 1
21735,5.0,5.0,VP,IDS 1
21737,5.0,5.0,VP,IDS 1
21744,5.0,5.0,VP,IDS 1
21750,5.0,5.0,VP,IDS 1
21986,5.0,5.0,VP,IDS 1
21987,5.0,5.0,VP,IDS 1
21989,5.0,5.0,VP,IDS 1
21991,5.0,5.0,VP,IDS 1
21992,5.0,5.0,VP,IDS 1
21993,5.0,5.0,VP,IDS 1
21994,5.0,5.0,VP,IDS 1
21995,5.0,5.0,VP,IDS 1
21997,5.0,5.0,VP,IDS 1
21998,5.0,5.0,VP,IDS 1
21999,5.0,5.0,VP,IDS 1
22001,5.0,5.0,VP,IDS 1
22006,5.0,5.0,VP,IDS 1
22007,5.0,5.0,VP,IDS 1
22008,5.0,5.0,VP,IDS 1
22009,5.0,5.0,VP,IDS 1
22016,5.0,5.0,VP,IDS 1
22017,5.0,5.0,VP,IDS 1
22019,5.0,5.0,VP,IDS 1
22022,5.0,5.0,VP,IDS 1
22438,5.0,5.0,VP,IDS 1
22439,5.0,5.0,VP,IDS 1
22442,5.0,5.0,VP,IDS 1
22443,5.0,5.0,VP,IDS 1
22445,5.0,5.0,VP,IDS 1
22448,5.0,5.0,VP,IDS 1
22449,5.0,5.0,VP,IDS 1
22450,5.0,5.0,VP,IDS 1
22451,5.0,5.0,VP,IDS 1
22452,5.0,5.0,VP,IDS 1
22504,0.0,0.0,VN,IDS 1
22508,0.0,0.0,VN,IDS 1
22509,0.0,0.0,VN,IDS 1
22512,0.0,0.0,VN,IDS 1
22516,0.0,0.0,VN,IDS 1
22517,0.0,0.0,VN,IDS 1
22519,0.0,0.0,VN,IDS 1
22520,0.0,0.0,VN,IDS 1
22521,0.0,0.0,VN,IDS 1
22522,0.0,0.0,VN,IDS 1
22525,0.0,0.0,VN,IDS 1
22526,0.0,0.0,VN,IDS 1
22527,0.0,0.0,VN,IDS 1
22528,0.0,0.0,VN,IDS 1
22529,0.0,0.0,VN,IDS 1
22530,0.0,0.0,VN,IDS 1
22531,0.0,0.0,VN,IDS 1
22532,0.0,0.0,VN,IDS 1
22533,0.0,0.0,VN,IDS 1
22534,0.0,0.0,VN,IDS 1
22535,0.0,0.0,VN,IDS 1
22536,0.0,0.0,VN,IDS 1
22578,0.0,0.0,VN,IDS 1
22580,1.0,0.0,FP,IDS 1
22582,0.0,0.0,VN,IDS 1
22583,0.0,0.0,VN,IDS 1
22584,0.0,0.0,VN,IDS 1
22585,0.0,0.0,VN,IDS 1
22588,0.0,0.0,VN,IDS 1
22589,0.0,0.0,VN,IDS 1
22590,0.0,0.0,VN,IDS 1
22592,0.0,0.0,VN,IDS 1
22594,0.0,0.0,VN,IDS 1
22595,1.0,0.0,FP,IDS 1
22596,0.0,0.0,VN,IDS 1
22597,0.0,0.0,VN,IDS 1
22697,0.0,0.0,VN,IDS 1
22698,0.0,0.0,VN,IDS 1
22699,0.0,0.0,VN,IDS 1
22701,0.0,0.0,VN,IDS 1
22702,0.0,0.0,VN,IDS 1
22703,0.0,0.0,VN,IDS 1
22705,0.0,0.0,VN,IDS 1
22746,0.0,0.0,VN,IDS 1
22747,0.0,0.0,VN,IDS 1
22748,0.0,0.0,VN,IDS 1
22749,0.0,0.0,VN,IDS 1
22750,0.0,0.0,VN,IDS 1
22751,1.0,0.0,FP,IDS 1
22752,0.0,0.0,VN,IDS 1
22753,0.0,0.0,VN,IDS 1
22754,0.0,0.0,VN,IDS 1
22759,0.0,0.0,VN,IDS 1
22868,0.0,0.0,VN,IDS 1
22869,0.0,0.0,VN,IDS 1
22871,0.0,0.0,VN,IDS 1
22872,0.0,0.0,VN,IDS 1
22873,0.0,0.0,VN,IDS 1
22874,0.0,0.0,VN,IDS 1
22876,0.0,0.0,VN,IDS 1
22877,0.0,0.0,VN,IDS 1
22879,0.0,0.0,VN,IDS 1
22880,0.0,0.0,VN,IDS 1
22883,0.0,0.0,VN,IDS 1
22884,0.0,0.0,VN,IDS 1
22887,0.0,0.0,VN,IDS 1
22888,0.0,0.0,VN,IDS 1
22889,0.0,0.0,VN,IDS 1
22890,0.0,0.0,VN,IDS 1
22891,0.0,0.0,VN,IDS 1
22892,0.0,0.0,VN,IDS 1
22893,0.0,0.0,VN,IDS 1
22895,0.0,0.0,VN,IDS 1
22896,0.0,0.0,VN,IDS 1
23028,0.0,0.0,VN,IDS 1
23030,0.0,0.0,VN,IDS 1
23032,0.0,0.0,VN,IDS 1
23033,0.0,0.0,VN,IDS 1
23034,0.0,0.0,VN,IDS 1
23035,0.0,0.0,VN,IDS 1
23037,0.0,0.0,VN,IDS 1
23038,0.0,0.0,VN,IDS 1
23041,0.0,0.0,VN,IDS 1
23042,0.0,0.0,VN,IDS 1
23044,0.0,0.0,VN,IDS 1
23045,0.0,0.0,VN,IDS 1
23046,0.0,0.0,VN,IDS 1
23048,0.0,0.0,VN,IDS 1
23051,0.0,0.0,VN,IDS 1
23052,0.0,0.0,VN,IDS 1
23053,0.0,0.0,VN,IDS 1
23054,0.0,0.0,VN,IDS 1
23055,0.0,0.0,VN,IDS 1
23057,0.0,0.0,VN,IDS 1
23058,0.0,0.0,VN,IDS 1
23059,0.0,0.0,VN,IDS 1
23067,0.0,0.0,VN,IDS 1
23070,0.0,0.0,VN,IDS 1
23071,0.0,0.0,VN,IDS 1
23073,0.0,0.0,VN,IDS 1
23074,0.0,0.0,VN,IDS 1
23077,0.0,0.0,VN,IDS 1
23078,0.0,0.0,VN,IDS 1
23079,0.0,0.0,VN,IDS 1
23080,0.0,0.0,VN,IDS 1
23081,1.0,0.0,FP,IDS 1
23082,0.0,0.0,VN,IDS 1
23087,1.0,0.0,FP,IDS 1
23162,0.0,0.0,VN,IDS 1
23163,0.0,0.0,VN,IDS 1
23164,0.0,0.0,VN,IDS 1
23420,0.0,0.0,VN,IDS 1
23421,0.0,0.0,VN,IDS 1
23422,0.0,0.0,VN,IDS 1
23798,0.0,0.0,VN,IDS 1
23801,0.0,0.0,VN,IDS 1
23802,0.0,0.0,VN,IDS 1
23804,0.0,0.0,VN,IDS 1
23806,0.0,0.0,VN,IDS 1
23807,0.0,0.0,VN,IDS 1
23809,0.0,0.0,VN,IDS 1
23810,0.0,0.0,VN,IDS 1
23811,0.0,0.0,VN,IDS 1
23812,0.0,0.0,VN,IDS 1
23813,0.0,0.0,VN,IDS 1
23814,1.0,0.0,FP,IDS 1
23816,0.0,0.0,VN,IDS 1
23818,0.0,0.0,VN,IDS 1
23820,0.0,0.0,VN,IDS 1
23824,0.0,0.0,VN,IDS 1
23826,0.0,0.0,VN,IDS 1
23828,0.0,0.0,VN,IDS 1
23830,0.0,0.0,VN,IDS 1
23835,0.0,0.0,VN,IDS 1
23836,0.0,0.0,VN,IDS 1
23837,0.0,0.0,VN,IDS 1
23838,0.0,0.0,VN,IDS 1
23839,0.0,0.0,VN,IDS 1
23840,0.0,0.0,VN,IDS 1
23842,0.0,0.0,VN,IDS 1
23844,0.0,0.0,VN,IDS 1
24313,0.0,0.0,VN,IDS 1
24315,0.0,0.0,VN,IDS 1
24317,0.0,0.0,VN,IDS 1
24318,0.0,0.0,VN,IDS 1
24319,0.0,0.0,VN,IDS 1
26412,0.0,0.0,VN,IDS 1
26413,0.0,0.0,VN,IDS 1
26414,1.0,0.0,FP,IDS 1
26415,0.0,0.0,VN,IDS 1
26416,0.0,0.0,VN,IDS 1
26419,1.0,0.0,FP,IDS 1
26421,0.0,0.0,VN,IDS 1
26422,0.0,0.0,VN,IDS 1
26423,0.0,0.0,VN,IDS 1
26425,1.0,0.0,FP,IDS 1
26426,0.0,0.0,VN,IDS 1
26427,0.0,0.0,VN,IDS 1
27566,0.0,1.0,FN,IDS 1
27567,1.0,1.0,VP,IDS 1
27568,0.0,1.0,FN,IDS 1
28258,1.0,1.0,VP,IDS 1
28264,1.0,1.0,VP,IDS 1
28266,0.0,1.0,FN,IDS 1
28267,0.0,1.0,FN,IDS 1
28269,1.0,1.0,VP,IDS 1
28270,1.0,1.0,VP,IDS 1
28272,1.0,1.0,VP,IDS 1
28275,0.0,1.0,FN,IDS 1
28278,1.0,1.0,VP,IDS 1
28430,1.0,1.0,VP,IDS 1
28431,1.0,1.0,VP,IDS 1
28432,1.0,1.0,VP,IDS 1
28434,0.0,1.0,FN,IDS 1
28436,1.0,1.0,VP,IDS 1
28439,1.0,1.0,VP,IDS 1
19945,2.0,2.0,VP,IDS 1
19946,2.0,2.0,VP,IDS 1
19948,2.0,2.0,VP,IDS 1
19949,2.0,2.0,VP,IDS 1
19950,2.0,2.0,VP,IDS 1
19951,2.0,2.0,VP,IDS 1
19952,2.0,2.0,VP,IDS 1
19955,2.0,2.0,VP,IDS 1
20125,5.0,5.0,VP,IDS 1
20126,5.0,5.0,VP,IDS 1
20133,5.0,5.0,VP,IDS 3
20134,5.0,5.0,VP,IDS 1
20138,5.0,5.0,VP,IDS 1
18777,2.0,2.0,VP,IDS 1
18778,2.0,2.0,VP,IDS 1
18779,2.0,2.0,VP,IDS 1
18780,2.0,2.0,VP,IDS 1
18781,2.0,2.0,VP,IDS 1
18782,2.0,2.0,VP,IDS 1
18783,2.0,2.0,VP,IDS 1
18784,2.0,2.0,VP,IDS 1
18785,2.0,2.0,VP,IDS 1
18786,2.0,2.0,VP,IDS 1
18787,2.0,2.0,VP,IDS 1
18788,2.0,2.0,VP,IDS 1
18789,2.0,2.0,VP,IDS 1
18790,2.0,2.0,VP,IDS 1
18794,2.0,2.0,VP,IDS 1
18795,2.0,2.0,VP,IDS 1
18797,2.0,2.0,VP,IDS 1
18798,2.0,2.0,VP,IDS 1
18799,2.0,2.0,VP,IDS 1
18800,2.0,2.0,VP,IDS 1
18801,2.0,2.0,VP,IDS 1
18802,2.0,2.0,VP,IDS 1
18803,2.0,2.0,VP,IDS 1
18804,2.0,2.0,VP,IDS 1
18805,2.0,2.0,VP,IDS 1
18808,2.0,2.0,VP,IDS 1
18809,2.0,2.0,VP,IDS 1
18810,2.0,2.0,VP,IDS 1
18811,2.0,2.0,VP,IDS 1
18812,2.0,2.0,VP,IDS 1
18813,2.0,2.0,VP,IDS 1
18814,2.0,2.0,VP,IDS 1
18816,2.0,2.0,VP,IDS 1
18817,2.0,2.0,VP,IDS 1
20627,5.0,5.0,VP,IDS 1
20632,5.0,5.0,VP,IDS 1
20634,5.0,5.0,VP,IDS 1
20636,5.0,5.0,VP,IDS 1
20638,5.0,5.0,VP,IDS 1
20639,5.0,5.0,VP,IDS 1
20640,5.0,5.0,VP,IDS 1
20641,5.0,5.0,VP,IDS 1
20643,5.0,5.0,VP,IDS 1
20646,5.0,5.0,VP,IDS 1
20647,5.0,5.0,VP,IDS 1
20650,5.0,5.0,VP,IDS 1
20651,5.0,5.0,VP,IDS 1
20654,5.0,5.0,VP,IDS 1
20655,5.0,5.0,VP,IDS 1
20657,5.0,5.0,VP,IDS 1
20659,5.0,5.0,VP,IDS 1
20663,5.0,5.0,VP,IDS 1
20665,5.0,5.0,VP,IDS 1
20669,5.0,5.0,VP,IDS 3
20672,5.0,5.0,VP,IDS 1
20674,5.0,5.0,VP,IDS 3
20675,5.0,5.0,VP,IDS 1
20676,5.0,5.0,VP,IDS 1
20678,5.0,5.0,VP,IDS 1
20681,5.0,5.0,VP,IDS 1
20682,5.0,5.0,VP,IDS 1
20683,5.0,5.0,VP,IDS 1
20685,5.0,5.0,VP,IDS 1
20688,5.0,5.0,VP,IDS 1
20693,5.0,5.0,VP,IDS 1
20694,5.0,5.0,VP,IDS 1
20699,5.0,5.0,VP,IDS 1
20701,5.0,5.0,VP,IDS 1
20704,5.0,5.0,VP,IDS 1
20706,5.0,5.0,VP,IDS 1
20707,5.0,5.0,VP,IDS 1
20709,5.0,5.0,VP,IDS 1
20711,5.0,5.0,VP,IDS 1
21658,5.0,5.0,VP,IDS 1
21660,5.0,5.0,VP,IDS 1
21661,5.0,5.0,VP,IDS 1
21664,5.0,5.0,VP,IDS 1
21667,5.0,5.0,VP,IDS 1
19224,2.0,2.0,VP,IDS 1
19225,2.0,2.0,VP,IDS 1
19447,2.0,2.0,VP,IDS 1
19448,2.0,2.0,VP,IDS 1
19449,2.0,2.0,VP,IDS 1
19450,2.0,2.0,VP,IDS 1
19451,2.0,2.0,VP,IDS 1
19452,2.0,2.0,VP,IDS 1
19453,2.0,2.0,VP,IDS 1
19454,2.0,2.0,VP,IDS 1
19455,2.0,2.0,VP,IDS 1
19456,2.0,2.0,VP,IDS 1
19457,2.0,2.0,VP,IDS 1
19458,2.0,2.0,VP,IDS 1
19459,2.0,2.0,VP,IDS 1
19460,2.0,2.0,VP,IDS 1
19461,2.0,2.0,VP,IDS 1
19462,2.0,2.0,VP,IDS 1
19463,2.0,2.0,VP,IDS 1
19464,2.0,2.0,VP,IDS 1
19465,2.0,2.0,VP,IDS 1
21668,5.0,5.0,VP,IDS 3
21670,5.0,5.0,VP,IDS 1
21672,5.0,5.0,VP,IDS 1
21674,5.0,5.0,VP,IDS 1
19466,2.0,2.0,VP,IDS 1
19467,2.0,2.0,VP,IDS 1
19468,2.0,2.0,VP,IDS 1
19469,2.0,2.0,VP,IDS 1
19470,2.0,2.0,VP,IDS 1
19471,2.0,2.0,VP,IDS 1
19472,2.0,2.0,VP,IDS 1
19473,2.0,2.0,VP,IDS 1
19475,2.0,2.0,VP,IDS 1
19476,2.0,2.0,VP,IDS 1
19477,2.0,2.0,VP,IDS 1
19479,2.0,2.0,VP,IDS 1
19481,2.0,2.0,VP,IDS 1
19482,2.0,2.0,VP,IDS 1
19483,2.0,2.0,VP,IDS 1
19486,2.0,2.0,VP,IDS 1
19489,2.0,2.0,VP,IDS 1
19490,2.0,2.0,VP,IDS 1
19491,2.0,2.0,VP,IDS 1
19492,2.0,2.0,VP,IDS 1
19493,2.0,2.0,VP,IDS 1
19494,2.0,2.0,VP,IDS 1
19496,2.0,2.0,VP,IDS 1
19497,2.0,2.0,VP,IDS 1
19498,2.0,2.0,VP,IDS 1
19499,2.0,2.0,VP,IDS 1
19500,2.0,2.0,VP,IDS 1
19501,2.0,2.0,VP,IDS 1
19502,2.0,2.0,VP,IDS 1
19503,2.0,2.0,VP,IDS 1
19504,2.0,2.0,VP,IDS 1
19505,2.0,2.0,VP,IDS 1
19506,2.0,2.0,VP,IDS 1
19507,2.0,2.0,VP,IDS 1
19677,2.0,2.0,VP,IDS 1
19678,2.0,2.0,VP,IDS 1
19680,2.0,2.0,VP,IDS 1
19682,2.0,2.0,VP,IDS 1
19683,2.0,2.0,VP,IDS 1
19684,2.0,2.0,VP,IDS 1
19686,2.0,2.0,VP,IDS 1
19687,2.0,2.0,VP,IDS 1
19689,2.0,2.0,VP,IDS 1
19690,2.0,2.0,VP,IDS 1
19691,2.0,2.0,VP,IDS 1
19693,2.0,2.0,VP,IDS 1
19694,2.0,2.0,VP,IDS 1
19695,2.0,2.0,VP,IDS 1
19696,2.0,2.0,VP,IDS 1
19697,2.0,2.0,VP,IDS 1
19698,2.0,2.0,VP,IDS 1
19700,2.0,2.0,VP,IDS 1
19701,2.0,2.0,VP,IDS 1
19702,2.0,2.0,VP,IDS 1
19704,2.0,2.0,VP,IDS 1
19705,2.0,2.0,VP,IDS 1
19706,2.0,2.0,VP,IDS 1
19707,2.0,2.0,VP,IDS 1
19914,2.0,2.0,VP,IDS 1
19915,2.0,2.0,VP,IDS 1
19916,2.0,2.0,VP,IDS 1
19917,2.0,2.0,VP,IDS 1
19919,2.0,2.0,VP,IDS 1
21677,5.0,5.0,VP,IDS 1
21682,5.0,5.0,VP,IDS 1
21687,5.0,5.0,VP,IDS 1
21689,5.0,5.0,VP,IDS 3
21690,5.0,5.0,VP,IDS 1
21691,5.0,5.0,VP,IDS 1
21695,5.0,5.0,VP,IDS 1
21698,5.0,5.0,VP,IDS 1
21703,5.0,5.0,VP,IDS 1
21704,5.0,5.0,VP,IDS 1
21708,5.0,5.0,VP,IDS 1
21709,5.0,5.0,VP,IDS 1
21710,5.0,5.0,VP,IDS 1
21711,5.0,5.0,VP,IDS 1
21713,5.0,5.0,VP,IDS 1
21717,5.0,5.0,VP,IDS 1
21720,5.0,5.0,VP,IDS 1
21721,5.0,5.0,VP,IDS 3
19956,2.0,2.0,VP,IDS 1
19957,2.0,2.0,VP,IDS 1
19958,2.0,2.0,VP,IDS 1
22023,5.0,5.0,VP,IDS 1
22279,5.0,5.0,VP,IDS 1
22281,5.0,5.0,VP,IDS 1
22285,5.0,5.0,VP,IDS 1
19959,2.0,2.0,VP,IDS 1
19960,2.0,2.0,VP,IDS 1
19961,2.0,2.0,VP,IDS 1
19962,2.0,2.0,VP,IDS 1
19963,2.0,2.0,VP,IDS 1
19964,2.0,2.0,VP,IDS 1
19965,2.0,2.0,VP,IDS 1
19966,2.0,2.0,VP,IDS 1
19968,2.0,2.0,VP,IDS 1
19969,2.0,2.0,VP,IDS 1
19970,2.0,2.0,VP,IDS 1
19971,2.0,2.0,VP,IDS 1
19972,2.0,2.0,VP,IDS 1
19974,2.0,2.0,VP,IDS 1
19976,2.0,2.0,VP,IDS 1
19977,2.0,2.0,VP,IDS 1
19978,2.0,2.0,VP,IDS 1
19979,2.0,2.0,VP,IDS 1
19981,2.0,2.0,VP,IDS 1
19982,2.0,2.0,VP,IDS 1
19983,2.0,2.0,VP,IDS 1
19984,2.0,2.0,VP,IDS 1
19985,2.0,2.0,VP,IDS 1
19986,2.0,2.0,VP,IDS 1
19987,2.0,2.0,VP,IDS 1
19988,2.0,2.0,VP,IDS 1
19989,2.0,2.0,VP,IDS 1
19990,2.0,2.0,VP,IDS 1
19991,2.0,2.0,VP,IDS 1
19992,2.0,2.0,VP,IDS 1
19993,2.0,2.0,VP,IDS 1
19994,2.0,2.0,VP,IDS 1
20070,5.0,5.0,VP,IDS 1
20071,5.0,5.0,VP,IDS 1
20073,5.0,5.0,VP,IDS 1
20076,5.0,5.0,VP,IDS 1
20077,5.0,5.0,VP,IDS 1
20078,5.0,5.0,VP,IDS 1
20079,5.0,5.0,VP,IDS 1
20080,5.0,5.0,VP,IDS 1
22288,5.0,5.0,VP,IDS 1
22290,5.0,5.0,VP,IDS 1
22292,5.0,5.0,VP,IDS 1
22293,5.0,5.0,VP,IDS 1
22295,5.0,5.0,VP,IDS 1
22296,5.0,5.0,VP,IDS 1
22297,5.0,5.0,VP,IDS 1
22299,5.0,5.0,VP,IDS 1
22300,5.0,5.0,VP,IDS 1
22303,5.0,5.0,VP,IDS 3
22305,5.0,5.0,VP,IDS 1
22307,5.0,5.0,VP,IDS 1
22311,5.0,5.0,VP,IDS 3
22313,5.0,5.0,VP,IDS 3
22316,5.0,5.0,VP,IDS 1
22318,5.0,5.0,VP,IDS 1
22319,5.0,5.0,VP,IDS 3
22320,5.0,5.0,VP,IDS 1
20084,5.0,5.0,VP,IDS 1
20088,5.0,5.0,VP,IDS 1
20140,5.0,5.0,VP,IDS 1
20147,5.0,5.0,VP,IDS 1
20149,5.0,5.0,VP,IDS 1
20150,5.0,5.0,VP,IDS 1
20151,5.0,5.0,VP,IDS 1
20152,5.0,5.0,VP,IDS 1
20153,5.0,5.0,VP,IDS 1
20154,5.0,5.0,VP,IDS 1
20158,5.0,5.0,VP,IDS 1
20204,5.0,5.0,VP,IDS 1
20206,5.0,5.0,VP,IDS 1
20207,5.0,5.0,VP,IDS 1
20208,5.0,5.0,VP,IDS 1
20209,5.0,5.0,VP,IDS 1
20213,5.0,5.0,VP,IDS 1
20215,5.0,5.0,VP,IDS 1
20217,5.0,5.0,VP,IDS 1
20220,5.0,5.0,VP,IDS 1
20221,5.0,5.0,VP,IDS 1
20222,5.0,5.0,VP,IDS 1
20225,5.0,5.0,VP,IDS 1
20227,5.0,5.0,VP,IDS 1
20228,5.0,5.0,VP,IDS 1
20229,5.0,5.0,VP,IDS 1
20235,5.0,5.0,VP,IDS 1
20237,5.0,5.0,VP,IDS 1
20238,5.0,5.0,VP,IDS 1
20239,5.0,5.0,VP,IDS 1
20241,5.0,5.0,VP,IDS 1
20243,5.0,5.0,VP,IDS 1
20244,5.0,5.0,VP,IDS 1
20245,5.0,5.0,VP,IDS 1
20246,5.0,5.0,VP,IDS 1
20247,5.0,5.0,VP,IDS 1
20251,5.0,5.0,VP,IDS 1
20252,5.0,5.0,VP,IDS 1
20253,5.0,5.0,VP,IDS 1
20255,5.0,5.0,VP,IDS 1
20258,5.0,5.0,VP,IDS 1
20263,5.0,5.0,VP,IDS 1
20266,5.0,5.0,VP,IDS 1
20268,5.0,5.0,VP,IDS 1
20271,5.0,5.0,VP,IDS 1
20274,5.0,5.0,VP,IDS 1
20275,5.0,5.0,VP,IDS 1
20277,5.0,5.0,VP,IDS 1
20281,5.0,5.0,VP,IDS 1
20285,5.0,5.0,VP,IDS 1
20286,5.0,5.0,VP,IDS 1
20542,5.0,5.0,VP,IDS 1
22598,1.0,0.0,FP,IDS 1
20543,5.0,5.0,VP,IDS 1
20544,5.0,5.0,VP,IDS 1
20545,5.0,5.0,VP,IDS 1
20546,5.0,5.0,VP,IDS 1
20548,5.0,5.0,VP,IDS 1
20549,5.0,5.0,VP,IDS 1
20551,5.0,5.0,VP,IDS 1
20552,5.0,5.0,VP,IDS 1
20553,5.0,5.0,VP,IDS 1
20554,5.0,5.0,VP,IDS 1
20557,5.0,5.0,VP,IDS 1
20558,5.0,5.0,VP,IDS 1
20560,5.0,5.0,VP,IDS 1
20565,5.0,5.0,VP,IDS 1
22599,0.0,0.0,VN,IDS 1
22600,0.0,0.0,VN,IDS 1
22601,0.0,0.0,VN,IDS 1
22602,0.0,0.0,VN,IDS 1
22604,0.0,0.0,VN,IDS 1
22606,0.0,0.0,VN,IDS 1
22672,0.0,0.0,VN,IDS 1
22674,0.0,0.0,VN,IDS 1
22675,0.0,0.0,VN,IDS 1
22677,0.0,0.0,VN,IDS 1
22679,0.0,0.0,VN,IDS 1
22680,0.0,0.0,VN,IDS 1
22681,0.0,0.0,VN,IDS 1
22682,0.0,0.0,VN,IDS 1
22683,0.0,0.0,VN,IDS 1
22685,0.0,0.0,VN,IDS 1
22689,0.0,0.0,VN,IDS 1
22693,0.0,0.0,VN,IDS 1
22694,0.0,0.0,VN,IDS 1
22695,0.0,0.0,VN,IDS 1
20712,5.0,5.0,VP,IDS 1
20713,5.0,5.0,VP,IDS 1
20714,5.0,5.0,VP,IDS 1
20716,5.0,5.0,VP,IDS 1
20717,5.0,5.0,VP,IDS 1
20720,5.0,5.0,VP,IDS 1
20723,5.0,5.0,VP,IDS 1
20724,5.0,5.0,VP,IDS 1
20731,5.0,5.0,VP,IDS 1
20734,5.0,5.0,VP,IDS 1
20739,5.0,5.0,VP,IDS 1
20742,5.0,5.0,VP,IDS 1
20743,5.0,5.0,VP,IDS 1
20745,5.0,5.0,VP,IDS 1
20746,5.0,5.0,VP,IDS 1
20753,5.0,5.0,VP,IDS 1
20761,5.0,5.0,VP,IDS 1
20762,5.0,5.0,VP,IDS 1
20763,5.0,5.0,VP,IDS 1
20764,5.0,5.0,VP,IDS 1
20765,5.0,5.0,VP,IDS 1
20770,5.0,5.0,VP,IDS 1
20773,5.0,5.0,VP,IDS 1
20781,5.0,5.0,VP,IDS 1
20785,5.0,5.0,VP,IDS 1
21029,5.0,5.0,VP,IDS 1
21031,5.0,5.0,VP,IDS 1
21034,5.0,5.0,VP,IDS 1
21035,5.0,5.0,VP,IDS 1
21036,5.0,5.0,VP,IDS 1
21045,5.0,5.0,VP,IDS 1
21048,5.0,5.0,VP,IDS 1
21049,5.0,5.0,VP,IDS 1
21050,5.0,5.0,VP,IDS 1
21311,5.0,5.0,VP,IDS 1
21314,5.0,5.0,VP,IDS 1
21315,5.0,5.0,VP,IDS 1
21318,5.0,5.0,VP,IDS 1
21319,5.0,5.0,VP,IDS 1
21321,5.0,5.0,VP,IDS 1
21322,5.0,5.0,VP,IDS 1
21326,5.0,5.0,VP,IDS 1
21340,5.0,5.0,VP,IDS 1
21342,5.0,5.0,VP,IDS 1
21347,5.0,5.0,VP,IDS 1
21348,5.0,5.0,VP,IDS 1
21354,5.0,5.0,VP,IDS 1
21357,5.0,5.0,VP,IDS 1
21358,5.0,5.0,VP,IDS 1
21359,5.0,5.0,VP,IDS 1
21365,5.0,5.0,VP,IDS 1
21368,5.0,5.0,VP,IDS 1
21371,5.0,5.0,VP,IDS 1
21372,5.0,5.0,VP,IDS 1
21373,5.0,5.0,VP,IDS 1
21375,5.0,5.0,VP,IDS 1
21377,5.0,5.0,VP,IDS 1
21378,5.0,5.0,VP,IDS 1
21379,5.0,5.0,VP,IDS 1
21382,5.0,5.0,VP,IDS 1
21383,5.0,5.0,VP,IDS 1
21384,5.0,5.0,VP,IDS 1
21387,5.0,5.0,VP,IDS 1
21389,5.0,5.0,VP,IDS 1
21390,5.0,5.0,VP,IDS 1
22760,0.0,0.0,VN,IDS 1
22761,1.0,0.0,FP,IDS 1
22764,0.0,0.0,VN,IDS 1
22766,0.0,0.0,VN,IDS 1
23026,0.0,0.0,VN,IDS 1
23027,0.0,0.0,VN,IDS 1
22768,0.0,0.0,VN,IDS 1
22769,0.0,0.0,VN,IDS 1
22770,0.0,0.0,VN,IDS 1
22771,0.0,0.0,VN,IDS 1
22773,0.0,0.0,VN,IDS 1
22774,0.0,0.0,VN,IDS 1
22776,0.0,0.0,VN,IDS 1
22778,0.0,0.0,VN,IDS 1
22851,0.0,0.0,VN,IDS 1
22854,0.0,0.0,VN,IDS 1
22856,0.0,0.0,VN,IDS 1
22858,0.0,0.0,VN,IDS 1
22859,0.0,0.0,VN,IDS 1
22861,0.0,0.0,VN,IDS 1
22863,0.0,0.0,VN,IDS 1
22864,0.0,0.0,VN,IDS 1
22865,0.0,0.0,VN,IDS 1
22867,0.0,0.0,VN,IDS 1
23353,0.0,0.0,VN,IDS 1
23354,0.0,0.0,VN,IDS 1
23355,0.0,0.0,VN,IDS 1
23356,0.0,0.0,VN,IDS 1
23358,0.0,0.0,VN,IDS 1
23360,0.0,0.0,VN,IDS 1
23361,0.0,0.0,VN,IDS 1
23397,0.0,0.0,VN,IDS 1
23398,0.0,0.0,VN,IDS 1
23401,0.0,0.0,VN,IDS 1
23404,0.0,0.0,VN,IDS 1
23405,0.0,0.0,VN,IDS 1
23406,0.0,0.0,VN,IDS 1
23407,0.0,0.0,VN,IDS 1
23410,0.0,0.0,VN,IDS 1
23411,0.0,0.0,VN,IDS 1
23412,0.0,0.0,VN,IDS 1
23415,0.0,0.0,VN,IDS 1
23417,0.0,0.0,VN,IDS 1
23419,0.0,0.0,VN,IDS 1
23165,0.0,0.0,VN,IDS 1
23166,0.0,0.0,VN,IDS 1
23167,0.0,0.0,VN,IDS 1
23169,0.0,0.0,VN,IDS 1
23172,0.0,0.0,VN,IDS 1
23175,0.0,0.0,VN,IDS 1
23176,0.0,0.0,VN,IDS 1
23177,0.0,0.0,VN,IDS 1
23178,0.0,0.0,VN,IDS 1
23179,0.0,0.0,VN,IDS 1
23181,0.0,0.0,VN,IDS 1
23182,0.0,0.0,VN,IDS 1
23183,0.0,0.0,VN,IDS 1
23185,0.0,0.0,VN,IDS 1
23760,0.0,0.0,VN,IDS 1
23186,0.0,0.0,VN,IDS 1
23762,0.0,0.0,VN,IDS 1
23188,0.0,0.0,VN,IDS 1
23764,0.0,0.0,VN,IDS 1
23766,0.0,0.0,VN,IDS 1
23190,0.0,0.0,VN,IDS 1
23191,0.0,0.0,VN,IDS 1
23256,0.0,0.0,VN,IDS 1
23257,0.0,0.0,VN,IDS 1
23259,0.0,0.0,VN,IDS 1
23263,0.0,0.0,VN,IDS 1
23264,0.0,0.0,VN,IDS 1
23768,0.0,0.0,VN,IDS 1
23770,0.0,0.0,VN,IDS 1
23772,0.0,0.0,VN,IDS 1
23773,0.0,0.0,VN,IDS 1
23776,0.0,0.0,VN,IDS 1
23777,0.0,0.0,VN,IDS 1
23778,0.0,0.0,VN,IDS 1
23780,0.0,0.0,VN,IDS 1
23781,0.0,0.0,VN,IDS 1
23783,0.0,0.0,VN,IDS 1
23785,0.0,0.0,VN,IDS 1
23786,0.0,0.0,VN,IDS 1
23791,0.0,0.0,VN,IDS 1
23792,0.0,0.0,VN,IDS 1
23793,0.0,0.0,VN,IDS 1
23794,0.0,0.0,VN,IDS 1
23795,0.0,0.0,VN,IDS 1
23796,0.0,0.0,VN,IDS 1
23332,0.0,0.0,VN,IDS 1
23334,0.0,0.0,VN,IDS 1
23337,1.0,0.0,FP,IDS 1
23339,0.0,0.0,VN,IDS 1
23340,0.0,0.0,VN,IDS 1
23341,0.0,0.0,VN,IDS 1
23343,0.0,0.0,VN,IDS 1
23344,0.0,0.0,VN,IDS 1
23352,0.0,0.0,VN,IDS 1
23423,0.0,0.0,VN,IDS 1
23424,0.0,0.0,VN,IDS 1
23425,0.0,0.0,VN,IDS 1
23426,0.0,0.0,VN,IDS 1
23427,0.0,0.0,VN,IDS 1
23428,0.0,0.0,VN,IDS 1
23429,0.0,0.0,VN,IDS 1
23430,0.0,0.0,VN,IDS 1
23466,0.0,0.0,VN,IDS 1
23467,0.0,0.0,VN,IDS 1
23468,0.0,0.0,VN,IDS 1
23470,0.0,0.0,VN,IDS 1
23471,0.0,0.0,VN,IDS 1
23472,0.0,0.0,VN,IDS 1
23475,0.0,0.0,VN,IDS 1
23478,1.0,0.0,FP,IDS 1
23479,0.0,0.0,VN,IDS 1
23480,0.0,0.0,VN,IDS 1
23481,0.0,0.0,VN,IDS 1
23482,0.0,0.0,VN,IDS 1
23483,0.0,0.0,VN,IDS 1
23484,0.0,0.0,VN,IDS 1
23846,0.0,0.0,VN,IDS 1
23847,0.0,0.0,VN,IDS 1
23848,0.0,0.0,VN,IDS 1
23849,0.0,0.0,VN,IDS 1
23850,0.0,0.0,VN,IDS 1
24320,0.0,0.0,VN,IDS 1
24321,0.0,0.0,VN,IDS 1
24322,0.0,0.0,VN,IDS 1
24327,0.0,0.0,VN,IDS 1
24328,0.0,0.0,VN,IDS 1
24332,0.0,0.0,VN,IDS 1
24333,0.0,0.0,VN,IDS 1
24334,0.0,0.0,VN,IDS 1
24335,0.0,0.0,VN,IDS 1
24336,0.0,0.0,VN,IDS 1
24337,0.0,0.0,VN,IDS 1
24338,0.0,0.0,VN,IDS 1
24342,0.0,0.0,VN,IDS 1
24343,0.0,0.0,VN,IDS 1
24344,0.0,0.0,VN,IDS 1
24345,0.0,0.0,VN,IDS 1
24346,0.0,0.0,VN,IDS 1
24347,0.0,0.0,VN,IDS 1
24348,0.0,0.0,VN,IDS 1
24349,0.0,0.0,VN,IDS 1
24350,0.0,0.0,VN,IDS 1
24602,0.0,0.0,VN,IDS 1
24604,0.0,0.0,VN,IDS 1
24605,0.0,0.0,VN,IDS 1
24749,0.0,0.0,VN,IDS 1
24751,0.0,0.0,VN,IDS 1
26791,0.0,0.0,VN,IDS 1
24753,0.0,0.0,VN,IDS 1
24755,0.0,0.0,VN,IDS 1
24756,0.0,0.0,VN,IDS 1
24757,0.0,0.0,VN,IDS 1
24758,0.0,0.0,VN,IDS 1
26795,0.0,0.0,VN,IDS 1
26796,0.0,0.0,VN,IDS 1
26797,0.0,0.0,VN,IDS 1
26798,0.0,0.0,VN,IDS 1
26799,0.0,0.0,VN,IDS 1
26800,0.0,0.0,VN,IDS 1
26801,0.0,0.0,VN,IDS 1
26803,0.0,0.0,VN,IDS 1
26804,0.0,0.0,VN,IDS 1
26805,0.0,0.0,VN,IDS 1
26806,0.0,0.0,VN,IDS 1
26809,0.0,0.0,VN,IDS 1
26811,0.0,0.0,VN,IDS 1
26814,0.0,0.0,VN,IDS 1
26815,0.0,0.0,VN,IDS 1
26816,0.0,0.0,VN,IDS 1
26818,0.0,0.0,VN,IDS 1
26819,0.0,0.0,VN,IDS 1
26820,0.0,0.0,VN,IDS 1
26821,0.0,0.0,VN,IDS 1
26822,0.0,0.0,VN,IDS 1
26823,0.0,0.0,VN,IDS 1
26825,0.0,0.0,VN,IDS 1
26826,0.0,0.0,VN,IDS 1
26828,0.0,0.0,VN,IDS 1
26829,0.0,0.0,VN,IDS 1
26830,0.0,0.0,VN,IDS 1
26370,0.0,0.0,VN,IDS 1
26372,0.0,0.0,VN,IDS 1
26373,1.0,0.0,FP,IDS 1
26374,0.0,0.0,VN,IDS 1
26377,0.0,0.0,VN,IDS 1
26378,0.0,0.0,VN,IDS 1
26379,0.0,0.0,VN,IDS 1
26382,0.0,0.0,VN,IDS 1
26383,0.0,0.0,VN,IDS 1
26384,0.0,0.0,VN,IDS 1
26385,0.0,0.0,VN,IDS 1
26386,0.0,0.0,VN,IDS 1
26388,0.0,0.0,VN,IDS 1
26390,0.0,0.0,VN,IDS 1
26394,0.0,0.0,VN,IDS 1
27571,1.0,1.0,VP,IDS 1
26397,0.0,0.0,VN,IDS 1
27573,0.0,1.0,FN,IDS 1
26400,0.0,0.0,VN,IDS 1
26404,0.0,0.0,VN,IDS 1
26405,0.0,0.0,VN,IDS 1
26408,0.0,0.0,VN,IDS 1
26411,0.0,0.0,VN,IDS 1
27575,1.0,1.0,VP,IDS 1
27576,1.0,1.0,VP,IDS 1
27578,1.0,1.0,VP,IDS 1
27580,1.0,1.0,VP,IDS 1
27581,1.0,1.0,VP,IDS 1
27582,1.0,1.0,VP,IDS 1
27584,1.0,1.0,VP,IDS 1
27585,1.0,1.0,VP,IDS 1
27588,1.0,1.0,VP,IDS 1
27589,1.0,1.0,VP,IDS 1
27591,1.0,1.0,VP,IDS 1
27592,1.0,1.0,VP,IDS 1
27594,1.0,1.0,VP,IDS 1
27596,1.0,1.0,VP,IDS 1
27597,1.0,1.0,VP,IDS 1
27598,0.0,1.0,FN,IDS 1
27149,0.0,0.0,VN,IDS 1
27150,0.0,0.0,VN,IDS 1
27151,0.0,0.0,VN,IDS 1
27152,0.0,0.0,VN,IDS 1
27394,0.0,0.0,VN,IDS 1
27395,0.0,0.0,VN,IDS 1
27396,0.0,0.0,VN,IDS 1
27544,0.0,1.0,FN,IDS 1
27545,1.0,1.0,VP,IDS 1
27546,0.0,1.0,FN,IDS 1
27547,1.0,1.0,VP,IDS 1
27548,0.0,1.0,FN,IDS 1
27549,1.0,1.0,VP,IDS 1
27550,0.0,1.0,FN,IDS 1
27551,1.0,1.0,VP,IDS 1
27553,1.0,1.0,VP,IDS 1
27554,0.0,1.0,FN,IDS 1
27555,1.0,1.0,VP,IDS 1
27557,1.0,1.0,VP,IDS 1
27558,1.0,1.0,VP,IDS 1
27560,0.0,1.0,FN,IDS 1
27863,1.0,1.0,VP,IDS 1
27865,1.0,1.0,VP,IDS 1
27867,1.0,1.0,VP,IDS 1
27868,0.0,1.0,FN,IDS 1
27869,1.0,1.0,VP,IDS 1
27870,1.0,1.0,VP,IDS 1
27871,1.0,1.0,VP,IDS 1
27564,1.0,1.0,VP,IDS 1
27874,1.0,1.0,VP,IDS 1
27877,1.0,1.0,VP,IDS 1
27878,1.0,1.0,VP,IDS 1
27879,1.0,1.0,VP,IDS 1
27880,1.0,1.0,VP,IDS 1
27919,1.0,1.0,VP,IDS 1
27924,1.0,1.0,VP,IDS 1
27925,1.0,1.0,VP,IDS 1
27927,1.0,1.0,VP,IDS 1
27928,1.0,1.0,VP,IDS 1
27929,1.0,1.0,VP,IDS 1
27931,1.0,1.0,VP,IDS 1
27934,1.0,1.0,VP,IDS 1
27936,0.0,1.0,FN,IDS 1
27937,1.0,1.0,VP,IDS 1
27938,1.0,1.0,VP,IDS 1
27640,1.0,1.0,VP,IDS 1
27641,0.0,1.0,FN,IDS 1
27642,1.0,1.0,VP,IDS 1
27644,0.0,1.0,FN,IDS 1
27645,1.0,1.0,VP,IDS 1
27647,1.0,1.0,VP,IDS 1
27648,1.0,1.0,VP,IDS 1
27650,0.0,1.0,FN,IDS 1
27652,1.0,1.0,VP,IDS 1
27655,1.0,1.0,VP,IDS 1
27657,0.0,1.0,FN,IDS 1
27659,1.0,1.0,VP,IDS 1
27660,1.0,1.0,VP,IDS 1
27662,1.0,1.0,VP,IDS 1
27664,1.0,1.0,VP,IDS 1
27667,1.0,1.0,VP,IDS 1
27669,0.0,1.0,FN,IDS 1
27670,1.0,1.0,VP,IDS 1
27672,0.0,1.0,FN,IDS 1
27673,0.0,1.0,FN,IDS 1
27678,1.0,1.0,VP,IDS 1
27679,1.0,1.0,VP,IDS 1
27683,0.0,1.0,FN,IDS 1
27686,1.0,1.0,VP,IDS 1
27687,1.0,1.0,VP,IDS 1
27690,1.0,1.0,VP,IDS 1
27691,0.0,1.0,FN,IDS 1
27693,1.0,1.0,VP,IDS 1
27694,1.0,1.0,VP,IDS 1
27780,1.0,1.0,VP,IDS 1
27939,1.0,1.0,VP,IDS 1
27941,1.0,1.0,VP,IDS 1
27943,1.0,1.0,VP,IDS 1
27944,0.0,1.0,FN,IDS 1
27946,1.0,1.0,VP,IDS 1
27947,1.0,1.0,VP,IDS 1
27949,1.0,1.0,VP,IDS 1
27950,1.0,1.0,VP,IDS 1
23265,0.0,0.0,VN,IDS 1
23266,0.0,0.0,VN,IDS 1
23268,0.0,0.0,VN,IDS 1
23269,0.0,0.0,VN,IDS 1
23270,0.0,0.0,VN,IDS 1
23271,1.0,0.0,FP,IDS 1
23272,1.0,0.0,FP,IDS 1
23273,0.0,0.0,VN,IDS 1
23274,0.0,0.0,VN,IDS 1
23275,0.0,0.0,VN,IDS 1
23276,0.0,0.0,VN,IDS 1
23278,0.0,0.0,VN,IDS 1
23280,0.0,0.0,VN,IDS 1
23281,0.0,0.0,VN,IDS 1
23284,0.0,0.0,VN,IDS 1
23288,0.0,0.0,VN,IDS 1
23321,0.0,0.0,VN,IDS 1
23322,0.0,0.0,VN,IDS 1
23324,0.0,0.0,VN,IDS 1
23325,0.0,0.0,VN,IDS 1
23326,0.0,0.0,VN,IDS 1
22897,0.0,0.0,VN,IDS 1
22898,0.0,0.0,VN,IDS 1
22900,0.0,0.0,VN,IDS 1
22901,0.0,0.0,VN,IDS 1
22902,0.0,0.0,VN,IDS 1
22903,0.0,0.0,VN,IDS 1
22904,0.0,0.0,VN,IDS 1
22905,0.0,0.0,VN,IDS 1
22907,0.0,0.0,VN,IDS 1
22908,0.0,0.0,VN,IDS 1
22909,0.0,0.0,VN,IDS 1
22910,0.0,0.0,VN,IDS 1
22911,0.0,0.0,VN,IDS 1
22912,0.0,0.0,VN,IDS 1
22914,0.0,0.0,VN,IDS 1
22915,0.0,0.0,VN,IDS 1
22916,0.0,0.0,VN,IDS 1
22919,0.0,0.0,VN,IDS 1
22920,0.0,0.0,VN,IDS 1
22921,0.0,0.0,VN,IDS 1
22922,0.0,0.0,VN,IDS 1
22924,0.0,0.0,VN,IDS 1
22925,0.0,0.0,VN,IDS 1
22929,0.0,0.0,VN,IDS 1
22930,0.0,0.0,VN,IDS 1
22932,0.0,0.0,VN,IDS 1
22933,0.0,0.0,VN,IDS 1
22934,0.0,0.0,VN,IDS 1
22936,0.0,0.0,VN,IDS 1
22937,0.0,0.0,VN,IDS 1
22939,0.0,0.0,VN,IDS 1
22940,0.0,0.0,VN,IDS 1
22942,0.0,0.0,VN,IDS 1
22943,0.0,0.0,VN,IDS 1
22945,0.0,0.0,VN,IDS 1
23016,0.0,0.0,VN,IDS 1
23017,0.0,0.0,VN,IDS 1
23018,0.0,0.0,VN,IDS 1
23019,0.0,0.0,VN,IDS 1
23021,0.0,0.0,VN,IDS 1
23022,0.0,0.0,VN,IDS 1
23023,0.0,0.0,VN,IDS 1
23024,0.0,0.0,VN,IDS 1
23025,0.0,0.0,VN,IDS 1
23756,0.0,0.0,VN,IDS 1
23759,0.0,0.0,VN,IDS 1
23486,0.0,0.0,VN,IDS 1
23487,0.0,0.0,VN,IDS 1
23489,0.0,0.0,VN,IDS 1
23491,0.0,0.0,VN,IDS 1
23492,0.0,0.0,VN,IDS 1
23494,0.0,0.0,VN,IDS 1
23497,0.0,0.0,VN,IDS 1
23649,0.0,0.0,VN,IDS 1
23650,0.0,0.0,VN,IDS 1
23651,0.0,0.0,VN,IDS 1
23652,0.0,0.0,VN,IDS 1
23653,0.0,0.0,VN,IDS 1
23654,0.0,0.0,VN,IDS 1
23655,0.0,0.0,VN,IDS 1
23656,0.0,0.0,VN,IDS 1
23657,0.0,0.0,VN,IDS 1
23658,0.0,0.0,VN,IDS 1
23659,0.0,0.0,VN,IDS 1
23660,0.0,0.0,VN,IDS 1
23661,0.0,0.0,VN,IDS 1
23664,0.0,0.0,VN,IDS 1
23666,0.0,0.0,VN,IDS 1
23667,0.0,0.0,VN,IDS 1
23668,0.0,0.0,VN,IDS 1
23669,0.0,0.0,VN,IDS 1
23671,0.0,0.0,VN,IDS 1
23672,0.0,0.0,VN,IDS 1
23673,0.0,0.0,VN,IDS 1
23674,0.0,0.0,VN,IDS 1
23752,0.0,0.0,VN,IDS 1
23753,0.0,0.0,VN,IDS 1
23754,0.0,0.0,VN,IDS 1
24263,0.0,0.0,VN,IDS 1
24264,0.0,0.0,VN,IDS 1
24265,0.0,0.0,VN,IDS 1
24266,0.0,0.0,VN,IDS 1
24267,0.0,0.0,VN,IDS 1
24268,0.0,0.0,VN,IDS 1
24269,0.0,0.0,VN,IDS 1
24270,0.0,0.0,VN,IDS 1
24271,0.0,0.0,VN,IDS 1
24272,0.0,0.0,VN,IDS 1
24273,0.0,0.0,VN,IDS 1
24274,0.0,0.0,VN,IDS 1
24275,0.0,0.0,VN,IDS 1
24276,0.0,0.0,VN,IDS 1
24277,0.0,0.0,VN,IDS 1
24279,0.0,0.0,VN,IDS 1
24280,0.0,0.0,VN,IDS 1
24281,0.0,0.0,VN,IDS 1
24283,0.0,0.0,VN,IDS 1
24284,0.0,0.0,VN,IDS 1
24285,0.0,0.0,VN,IDS 1
24288,0.0,0.0,VN,IDS 1
24289,0.0,0.0,VN,IDS 1
24290,0.0,0.0,VN,IDS 1
24291,0.0,0.0,VN,IDS 1
24293,0.0,0.0,VN,IDS 1
24295,0.0,0.0,VN,IDS 1
24297,0.0,0.0,VN,IDS 1
24298,0.0,0.0,VN,IDS 1
24301,0.0,0.0,VN,IDS 1
24302,0.0,0.0,VN,IDS 1
24303,0.0,0.0,VN,IDS 1
24307,0.0,0.0,VN,IDS 1
24308,0.0,0.0,VN,IDS 1
24310,0.0,0.0,VN,IDS 1
24311,0.0,0.0,VN,IDS 1
24312,0.0,0.0,VN,IDS 1
24759,0.0,0.0,VN,IDS 1
24761,0.0,0.0,VN,IDS 1
24762,0.0,0.0,VN,IDS 1
24763,0.0,0.0,VN,IDS 1
24764,0.0,0.0,VN,IDS 1
24765,0.0,0.0,VN,IDS 1
24766,0.0,0.0,VN,IDS 1
24767,0.0,0.0,VN,IDS 1
24771,0.0,0.0,VN,IDS 1
24772,0.0,0.0,VN,IDS 1
24773,0.0,0.0,VN,IDS 1
24774,0.0,0.0,VN,IDS 1
24775,0.0,0.0,VN,IDS 1
24779,0.0,0.0,VN,IDS 1
24782,0.0,0.0,VN,IDS 1
24819,0.0,0.0,VN,IDS 1
24820,0.0,0.0,VN,IDS 1
24821,0.0,0.0,VN,IDS 1
24822,0.0,0.0,VN,IDS 1
24823,0.0,0.0,VN,IDS 1
24824,0.0,0.0,VN,IDS 1
24825,0.0,0.0,VN,IDS 1
24826,0.0,0.0,VN,IDS 1
24827,0.0,0.0,VN,IDS 1
24829,0.0,0.0,VN,IDS 1
24833,0.0,0.0,VN,IDS 1
24834,0.0,0.0,VN,IDS 1
24835,0.0,0.0,VN,IDS 1
24836,0.0,0.0,VN,IDS 1
24838,0.0,0.0,VN,IDS 1
24839,0.0,0.0,VN,IDS 1
24843,0.0,0.0,VN,IDS 1
23852,0.0,0.0,VN,IDS 1
23854,0.0,0.0,VN,IDS 1
23857,0.0,0.0,VN,IDS 1
23861,0.0,0.0,VN,IDS 1
24171,0.0,0.0,VN,IDS 1
24173,0.0,0.0,VN,IDS 1
24174,0.0,0.0,VN,IDS 1
24175,0.0,0.0,VN,IDS 1
24176,0.0,0.0,VN,IDS 1
24177,0.0,0.0,VN,IDS 1
24179,0.0,0.0,VN,IDS 1
24181,0.0,0.0,VN,IDS 1
24183,0.0,0.0,VN,IDS 1
24184,1.0,0.0,FP,IDS 1
24186,0.0,0.0,VN,IDS 1
24188,0.0,0.0,VN,IDS 1
24189,0.0,0.0,VN,IDS 1
24190,0.0,0.0,VN,IDS 1
24191,0.0,0.0,VN,IDS 1
24192,0.0,0.0,VN,IDS 1
24193,0.0,0.0,VN,IDS 1
24194,0.0,0.0,VN,IDS 1
24196,0.0,0.0,VN,IDS 1
24200,0.0,0.0,VN,IDS 1
24201,0.0,0.0,VN,IDS 1
24262,0.0,0.0,VN,IDS 1
26428,0.0,0.0,VN,IDS 1
26430,0.0,0.0,VN,IDS 1
26431,0.0,0.0,VN,IDS 1
26433,0.0,0.0,VN,IDS 1
26434,0.0,0.0,VN,IDS 1
26435,1.0,0.0,FP,IDS 1
24351,0.0,0.0,VN,IDS 1
24352,0.0,0.0,VN,IDS 1
26436,0.0,0.0,VN,IDS 1
26445,0.0,0.0,VN,IDS 1
24540,0.0,0.0,VN,IDS 1
24541,0.0,0.0,VN,IDS 1
24542,0.0,0.0,VN,IDS 1
24543,0.0,0.0,VN,IDS 1
24544,0.0,0.0,VN,IDS 1
27951,1.0,1.0,VP,IDS 1
27952,1.0,1.0,VP,IDS 1
28050,1.0,1.0,VP,IDS 1
28051,1.0,1.0,VP,IDS 1
28053,1.0,1.0,VP,IDS 1
28054,1.0,1.0,VP,IDS 1
28055,1.0,1.0,VP,IDS 1
28059,0.0,1.0,FN,IDS 1
28062,1.0,1.0,VP,IDS 1
28063,0.0,1.0,FN,IDS 1
28064,0.0,1.0,FN,IDS 1
28066,0.0,1.0,FN,IDS 1
28067,0.0,1.0,FN,IDS 1
28070,1.0,1.0,VP,IDS 1
28071,1.0,1.0,VP,IDS 1
28074,1.0,1.0,VP,IDS 1
28075,1.0,1.0,VP,IDS 1
28076,1.0,1.0,VP,IDS 1
28077,0.0,1.0,FN,IDS 1
28080,1.0,1.0,VP,IDS 1
28081,0.0,1.0,FN,IDS 1
28082,0.0,1.0,FN,IDS 1
28204,1.0,1.0,VP,IDS 1
28208,1.0,1.0,VP,IDS 1
28209,1.0,1.0,VP,IDS 1
28210,1.0,1.0,VP,IDS 1
28212,1.0,1.0,VP,IDS 1
28213,1.0,1.0,VP,IDS 1
28215,1.0,1.0,VP,IDS 1
28216,1.0,1.0,VP,IDS 1
28217,0.0,1.0,FN,IDS 1
28219,1.0,1.0,VP,IDS 1
28220,1.0,1.0,VP,IDS 1
28222,1.0,1.0,VP,IDS 1
28223,0.0,1.0,FN,IDS 1
28226,1.0,1.0,VP,IDS 1
28227,0.0,1.0,FN,IDS 1
28230,1.0,1.0,VP,IDS 1
28231,1.0,1.0,VP,IDS 1
28232,1.0,1.0,VP,IDS 1
28234,1.0,1.0,VP,IDS 1
28235,1.0,1.0,VP,IDS 1
28236,0.0,1.0,FN,IDS 1
28237,1.0,1.0,VP,IDS 1
28239,0.0,1.0,FN,IDS 1
28240,0.0,1.0,FN,IDS 1
28241,1.0,1.0,VP,IDS 1
28242,1.0,1.0,VP,IDS 1
28243,1.0,1.0,VP,IDS 1
28244,1.0,1.0,VP,IDS 1
28246,1.0,1.0,VP,IDS 1
28248,0.0,1.0,FN,IDS 1
28252,1.0,1.0,VP,IDS 1
28253,1.0,1.0,VP,IDS 1
28257,1.0,1.0,VP,IDS 1
28554,1.0,1.0,VP,IDS 1
28556,1.0,1.0,VP,IDS 1
28558,1.0,1.0,VP,IDS 1
28559,1.0,1.0,VP,IDS 1
28561,1.0,1.0,VP,IDS 1
28564,1.0,1.0,VP,IDS 1
28565,1.0,1.0,VP,IDS 1
28566,1.0,1.0,VP,IDS 1
28567,1.0,1.0,VP,IDS 1
24545,0.0,0.0,VN,IDS 1
24548,0.0,0.0,VN,IDS 1
24550,0.0,0.0,VN,IDS 1
24551,0.0,0.0,VN,IDS 1
24552,0.0,0.0,VN,IDS 1
24553,0.0,0.0,VN,IDS 1
26446,0.0,0.0,VN,IDS 1
26486,0.0,0.0,VN,IDS 1
24554,0.0,0.0,VN,IDS 1
24556,0.0,0.0,VN,IDS 1
24559,0.0,0.0,VN,IDS 1
24560,0.0,0.0,VN,IDS 1
24561,1.0,0.0,FP,IDS 1
24563,0.0,0.0,VN,IDS 1
24565,0.0,0.0,VN,IDS 1
24566,1.0,0.0,FP,IDS 1
24569,0.0,0.0,VN,IDS 1
24570,0.0,0.0,VN,IDS 1
24571,0.0,0.0,VN,IDS 1
26488,0.0,0.0,VN,IDS 1
26491,0.0,0.0,VN,IDS 1
26492,0.0,0.0,VN,IDS 1
26493,0.0,0.0,VN,IDS 1
26497,0.0,0.0,VN,IDS 1
26498,0.0,0.0,VN,IDS 1
24572,0.0,0.0,VN,IDS 1
24579,0.0,0.0,VN,IDS 1
24580,0.0,0.0,VN,IDS 1
26499,0.0,0.0,VN,IDS 1
26500,0.0,0.0,VN,IDS 1
26502,0.0,0.0,VN,IDS 1
26503,0.0,0.0,VN,IDS 1
26506,0.0,0.0,VN,IDS 1
24581,0.0,0.0,VN,IDS 1
26508,0.0,0.0,VN,IDS 1
26509,0.0,0.0,VN,IDS 1
24582,0.0,0.0,VN,IDS 1
26510,0.0,0.0,VN,IDS 1
26511,0.0,0.0,VN,IDS 1
26513,0.0,0.0,VN,IDS 1
26515,0.0,0.0,VN,IDS 1
26517,0.0,0.0,VN,IDS 1
26518,0.0,0.0,VN,IDS 1
24583,0.0,0.0,VN,IDS 1
24584,1.0,0.0,FP,IDS 1
24585,0.0,0.0,VN,IDS 1
24588,0.0,0.0,VN,IDS 1
26520,0.0,0.0,VN,IDS 1
26552,0.0,0.0,VN,IDS 1
26553,0.0,0.0,VN,IDS 1
26560,0.0,0.0,VN,IDS 1
26562,0.0,0.0,VN,IDS 1
26563,0.0,0.0,VN,IDS 1
26564,0.0,0.0,VN,IDS 1
26566,0.0,0.0,VN,IDS 1
26567,0.0,0.0,VN,IDS 1
26569,0.0,0.0,VN,IDS 1
26570,0.0,0.0,VN,IDS 1
26571,0.0,0.0,VN,IDS 1
26573,0.0,0.0,VN,IDS 1
26575,0.0,0.0,VN,IDS 1
26577,0.0,0.0,VN,IDS 1
26578,0.0,0.0,VN,IDS 1
26579,0.0,0.0,VN,IDS 1
26581,0.0,0.0,VN,IDS 1
26582,0.0,0.0,VN,IDS 1
26583,0.0,0.0,VN,IDS 1
24589,0.0,0.0,VN,IDS 1
26585,0.0,0.0,VN,IDS 1
26586,0.0,0.0,VN,IDS 1
26587,0.0,0.0,VN,IDS 1
24590,0.0,0.0,VN,IDS 1
24591,0.0,0.0,VN,IDS 1
26767,0.0,0.0,VN,IDS 1
24592,0.0,0.0,VN,IDS 1
26768,0.0,0.0,VN,IDS 1
24593,0.0,0.0,VN,IDS 1
24594,0.0,0.0,VN,IDS 1
24595,0.0,0.0,VN,IDS 1
26769,0.0,0.0,VN,IDS 1
24596,0.0,0.0,VN,IDS 1
24597,0.0,0.0,VN,IDS 1
26771,0.0,0.0,VN,IDS 1
24599,0.0,0.0,VN,IDS 1
24600,0.0,0.0,VN,IDS 1
24601,1.0,0.0,FP,IDS 1
26772,0.0,0.0,VN,IDS 1
26773,0.0,0.0,VN,IDS 1
26777,0.0,0.0,VN,IDS 1
26778,0.0,0.0,VN,IDS 1
26779,0.0,0.0,VN,IDS 1
26780,1.0,0.0,FP,IDS 1
26782,0.0,0.0,VN,IDS 1
26783,0.0,0.0,VN,IDS 1
26785,0.0,0.0,VN,IDS 1
26786,0.0,0.0,VN,IDS 1
26787,0.0,0.0,VN,IDS 1
26788,0.0,0.0,VN,IDS 1
26789,0.0,0.0,VN,IDS 1
26790,0.0,0.0,VN,IDS 1
24848,0.0,0.0,VN,IDS 1
27154,0.0,0.0,VN,IDS 1
24849,0.0,0.0,VN,IDS 1
24850,0.0,0.0,VN,IDS 1
24851,0.0,0.0,VN,IDS 1
24854,0.0,0.0,VN,IDS 1
25012,0.0,0.0,VN,IDS 1
25013,0.0,0.0,VN,IDS 1
25015,0.0,0.0,VN,IDS 1
25016,0.0,0.0,VN,IDS 1
25017,0.0,0.0,VN,IDS 1
25018,0.0,0.0,VN,IDS 1
25019,0.0,0.0,VN,IDS 1
27155,0.0,0.0,VN,IDS 1
27367,0.0,0.0,VN,IDS 1
27368,0.0,0.0,VN,IDS 1
27369,0.0,0.0,VN,IDS 1
25022,0.0,0.0,VN,IDS 1
27370,0.0,0.0,VN,IDS 1
25023,0.0,0.0,VN,IDS 1
25027,0.0,0.0,VN,IDS 1
25028,0.0,0.0,VN,IDS 1
27371,0.0,0.0,VN,IDS 1
27372,0.0,0.0,VN,IDS 1
27373,0.0,0.0,VN,IDS 1
27375,0.0,0.0,VN,IDS 1
27377,0.0,0.0,VN,IDS 1
27378,0.0,0.0,VN,IDS 1
27379,0.0,0.0,VN,IDS 1
27380,0.0,0.0,VN,IDS 1
27382,0.0,0.0,VN,IDS 1
27384,0.0,0.0,VN,IDS 1
27385,0.0,0.0,VN,IDS 1
27387,0.0,0.0,VN,IDS 1
27389,0.0,0.0,VN,IDS 1
27390,0.0,0.0,VN,IDS 1
27391,0.0,0.0,VN,IDS 1
26362,0.0,0.0,VN,IDS 1
26363,0.0,0.0,VN,IDS 1
26364,0.0,0.0,VN,IDS 1
26366,0.0,0.0,VN,IDS 1
26367,0.0,0.0,VN,IDS 1
26834,0.0,0.0,VN,IDS 1
26835,0.0,0.0,VN,IDS 1
27066,1.0,0.0,FP,IDS 1
27067,0.0,0.0,VN,IDS 1
27069,0.0,0.0,VN,IDS 1
27070,0.0,0.0,VN,IDS 1
27071,0.0,0.0,VN,IDS 1
27073,0.0,0.0,VN,IDS 1
27074,0.0,0.0,VN,IDS 1
27075,0.0,0.0,VN,IDS 1
27076,0.0,0.0,VN,IDS 1
27078,0.0,0.0,VN,IDS 1
27079,1.0,0.0,FP,IDS 1
27080,0.0,0.0,VN,IDS 1
27081,0.0,0.0,VN,IDS 1
27082,0.0,0.0,VN,IDS 1
27083,0.0,0.0,VN,IDS 1
27086,0.0,0.0,VN,IDS 1
27088,0.0,0.0,VN,IDS 1
27089,0.0,0.0,VN,IDS 1
27090,0.0,0.0,VN,IDS 1
27781,0.0,1.0,FN,IDS 1
27783,0.0,1.0,FN,IDS 1
27784,1.0,1.0,VP,IDS 1
27785,0.0,1.0,FN,IDS 1
27788,0.0,1.0,FN,IDS 1
27789,1.0,1.0,VP,IDS 1
27792,1.0,1.0,VP,IDS 1
27795,1.0,1.0,VP,IDS 3
27092,0.0,0.0,VN,IDS 1
27093,0.0,0.0,VN,IDS 1
27094,0.0,0.0,VN,IDS 1
27095,0.0,0.0,VN,IDS 1
27127,0.0,0.0,VN,IDS 1
27128,0.0,0.0,VN,IDS 1
27129,0.0,0.0,VN,IDS 1
27130,0.0,0.0,VN,IDS 1
27131,0.0,0.0,VN,IDS 1
27133,0.0,0.0,VN,IDS 1
27134,0.0,0.0,VN,IDS 1
27136,0.0,0.0,VN,IDS 1
27139,0.0,0.0,VN,IDS 1
27140,0.0,0.0,VN,IDS 1
27141,0.0,0.0,VN,IDS 1
27142,0.0,0.0,VN,IDS 1
27144,0.0,0.0,VN,IDS 1
27145,0.0,0.0,VN,IDS 1
27146,0.0,0.0,VN,IDS 1
27147,0.0,0.0,VN,IDS 1
27148,0.0,0.0,VN,IDS 1
27796,0.0,1.0,FN,IDS 1
27599,1.0,1.0,VP,IDS 1
27601,0.0,1.0,FN,IDS 1
27604,0.0,1.0,FN,IDS 1
27606,1.0,1.0,VP,IDS 1
27607,0.0,1.0,FN,IDS 1
27610,0.0,1.0,FN,IDS 1
27612,0.0,1.0,FN,IDS 1
27614,1.0,1.0,VP,IDS 1
27616,1.0,1.0,VP,IDS 1
27618,1.0,1.0,VP,IDS 1
27620,1.0,1.0,VP,IDS 1
27625,0.0,1.0,FN,IDS 1
27626,1.0,1.0,VP,IDS 1
27627,1.0,1.0,VP,IDS 1
27628,1.0,1.0,VP,IDS 1
27630,1.0,1.0,VP,IDS 1
27632,1.0,1.0,VP,IDS 1
27634,1.0,1.0,VP,IDS 1
27635,1.0,1.0,VP,IDS 1
27637,0.0,1.0,FN,IDS 1
27639,1.0,1.0,VP,IDS 1
27797,1.0,1.0,VP,IDS 1
27798,0.0,1.0,FN,IDS 1
27800,0.0,1.0,FN,IDS 1
27802,1.0,1.0,VP,IDS 1
27803,0.0,1.0,FN,IDS 1
27804,1.0,1.0,VP,IDS 1
27805,0.0,1.0,FN,IDS 1
27806,0.0,1.0,FN,IDS 1
27807,1.0,1.0,VP,IDS 1
27808,1.0,1.0,VP,IDS 1
27815,1.0,1.0,VP,IDS 1
27816,0.0,1.0,FN,IDS 1
27852,0.0,1.0,FN,IDS 1
27853,1.0,1.0,VP,IDS 1
27854,1.0,1.0,VP,IDS 1
27856,0.0,1.0,FN,IDS 1
27857,1.0,1.0,VP,IDS 1
27859,1.0,1.0,VP,IDS 1
27860,0.0,1.0,FN,IDS 1
27861,1.0,1.0,VP,IDS 1
27862,1.0,1.0,VP,IDS 1
28084,1.0,1.0,VP,IDS 1
28086,1.0,1.0,VP,IDS 1
28088,1.0,1.0,VP,IDS 1
28089,1.0,1.0,VP,IDS 1
28090,1.0,1.0,VP,IDS 1
28091,0.0,1.0,FN,IDS 1
28095,0.0,1.0,FN,IDS 1
28097,1.0,1.0,VP,IDS 1
28101,1.0,1.0,VP,IDS 1
28102,1.0,1.0,VP,IDS 1
28103,1.0,1.0,VP,IDS 1
28105,1.0,1.0,VP,IDS 1
28106,1.0,1.0,VP,IDS 1
28107,0.0,1.0,FN,IDS 1
28109,1.0,1.0,VP,IDS 1
28113,0.0,1.0,FN,IDS 1
28115,0.0,1.0,FN,IDS 1
28117,0.0,1.0,FN,IDS 1
28118,0.0,1.0,FN,IDS 1
28122,1.0,1.0,VP,IDS 1
28123,1.0,1.0,VP,IDS 3
28124,0.0,1.0,FN,IDS 1
28440,1.0,1.0,VP,IDS 1
28443,1.0,1.0,VP,IDS 1
28444,0.0,1.0,FN,IDS 1
28445,1.0,1.0,VP,IDS 1
28446,0.0,1.0,FN,IDS 1
28448,0.0,1.0,FN,IDS 1
28449,1.0,1.0,VP,IDS 1
28450,1.0,1.0,VP,IDS 1
28451,1.0,1.0,VP,IDS 1
28452,1.0,1.0,VP,IDS 1
28453,1.0,1.0,VP,IDS 1
28457,0.0,1.0,FN,IDS 1
28460,1.0,1.0,VP,IDS 1
28461,1.0,1.0,VP,IDS 1
28462,1.0,1.0,VP,IDS 1
28541,1.0,1.0,VP,IDS 1
28542,1.0,1.0,VP,IDS 1
28543,1.0,1.0,VP,IDS 1
28545,1.0,1.0,VP,IDS 1
28547,1.0,1.0,VP,IDS 1
28549,1.0,1.0,VP,IDS 1
28551,0.0,1.0,FN,IDS 1
28552,1.0,1.0,VP,IDS 1
25029,0.0,0.0,VN,IDS 1
25030,0.0,0.0,VN,IDS 1
28569,1.0,1.0,VP,IDS 1
28572,1.0,1.0,VP,IDS 1
28573,1.0,1.0,VP,IDS 1
28577,1.0,1.0,VP,IDS 1
28645,1.0,1.0,VP,IDS 1
28646,0.0,1.0,FN,IDS 1
28649,0.0,1.0,FN,IDS 1
28651,1.0,1.0,VP,IDS 1
28654,1.0,1.0,VP,IDS 1
28655,0.0,1.0,FN,IDS 1
28657,1.0,1.0,VP,IDS 1
28660,1.0,1.0,VP,IDS 1
28661,0.0,1.0,FN,IDS 1
28663,1.0,1.0,VP,IDS 1
28665,1.0,1.0,VP,IDS 1
28668,1.0,1.0,VP,IDS 1
28669,1.0,1.0,VP,IDS 1
28671,0.0,1.0,FN,IDS 1
28673,0.0,1.0,FN,IDS 1
28674,1.0,1.0,VP,IDS 1
28678,1.0,1.0,VP,IDS 1
28679,1.0,1.0,VP,IDS 1
28680,1.0,1.0,VP,IDS 1
28681,1.0,1.0,VP,IDS 1
28682,1.0,1.0,VP,IDS 1
28683,0.0,1.0,FN,IDS 1
28686,1.0,1.0,VP,IDS 1
28687,1.0,1.0,VP,IDS 1
28688,1.0,1.0,VP,IDS 1
28689,1.0,1.0,VP,IDS 1
28691,1.0,1.0,VP,IDS 1
28692,0.0,1.0,FN,IDS 1
28693,1.0,1.0,VP,IDS 1
28695,1.0,1.0,VP,IDS 1
28697,1.0,1.0,VP,IDS 1
28698,1.0,1.0,VP,IDS 1
28699,1.0,1.0,VP,IDS 1
28701,1.0,1.0,VP,IDS 1
28702,1.0,1.0,VP,IDS 1
28703,1.0,1.0,VP,IDS 3
28704,1.0,1.0,VP,IDS 1
28705,1.0,1.0,VP,IDS 1
28707,1.0,1.0,VP,IDS 3
28708,1.0,1.0,VP,IDS 1
28810,1.0,1.0,VP,IDS 3
28811,0.0,1.0,FN,IDS 1
28812,1.0,1.0,VP,IDS 1
28813,1.0,1.0,VP,IDS 1
28814,1.0,1.0,VP,IDS 1
28815,1.0,1.0,VP,IDS 1
28816,0.0,1.0,FN,IDS 1
28817,1.0,1.0,VP,IDS 1
28818,1.0,1.0,VP,IDS 1
28819,0.0,1.0,FN,IDS 1
28823,1.0,1.0,VP,IDS 1
28824,0.0,1.0,FN,IDS 1
29067,1.0,1.0,VP,IDS 1
29068,1.0,1.0,VP,IDS 1
29069,0.0,1.0,FN,IDS 1
29070,1.0,1.0,VP,IDS 1
29169,0.0,1.0,FN,IDS 1
29278,1.0,1.0,VP,IDS 1
29279,1.0,1.0,VP,IDS 1
29520,1.0,1.0,VP,IDS 1
29521,0.0,1.0,FN,IDS 1
29523,1.0,1.0,VP,IDS 1
29526,1.0,1.0,VP,IDS 1
29527,1.0,1.0,VP,IDS 1
29528,1.0,1.0,VP,IDS 1
29530,0.0,1.0,FN,IDS 1
29536,1.0,1.0,VP,IDS 1
29539,1.0,1.0,VP,IDS 1
29540,0.0,1.0,FN,IDS 1
29541,0.0,1.0,FN,IDS 1
29543,1.0,1.0,VP,IDS 1
29545,1.0,1.0,VP,IDS 1
29548,1.0,1.0,VP,IDS 1
29553,1.0,1.0,VP,IDS 1
29554,1.0,1.0,VP,IDS 1
29555,1.0,1.0,VP,IDS 1
29557,1.0,1.0,VP,IDS 1
29558,1.0,1.0,VP,IDS 1
29559,0.0,1.0,FN,IDS 1
29731,1.0,1.0,VP,IDS 1
29732,1.0,1.0,VP,IDS 1
29733,1.0,1.0,VP,IDS 1
29734,0.0,1.0,FN,IDS 1
29735,1.0,1.0,VP,IDS 1
29737,1.0,1.0,VP,IDS 1
29738,1.0,1.0,VP,IDS 1
29739,1.0,1.0,VP,IDS 1
29741,1.0,1.0,VP,IDS 1
29746,0.0,1.0,FN,IDS 1
29748,1.0,1.0,VP,IDS 1
29751,1.0,1.0,VP,IDS 1
29752,1.0,1.0,VP,IDS 1
29755,1.0,1.0,VP,IDS 1
29757,0.0,1.0,FN,IDS 1
29758,0.0,1.0,FN,IDS 1
29760,1.0,1.0,VP,IDS 1
29762,1.0,1.0,VP,IDS 1
29764,1.0,1.0,VP,IDS 1
29765,1.0,1.0,VP,IDS 1
29767,1.0,1.0,VP,IDS 1
29917,1.0,1.0,VP,IDS 1
30187,2.0,2.0,VP,IDS 1
30188,2.0,2.0,VP,IDS 1
30189,2.0,2.0,VP,IDS 1
30191,2.0,2.0,VP,IDS 1
30193,2.0,2.0,VP,IDS 1
30194,2.0,2.0,VP,IDS 1
30195,2.0,2.0,VP,IDS 1
30196,2.0,2.0,VP,IDS 1
30275,2.0,2.0,VP,IDS 1
30276,2.0,2.0,VP,IDS 1
30277,2.0,2.0,VP,IDS 1
30278,2.0,2.0,VP,IDS 1
30279,2.0,2.0,VP,IDS 1
30280,2.0,2.0,VP,IDS 1
30284,2.0,2.0,VP,IDS 1
30285,2.0,2.0,VP,IDS 3
30286,2.0,2.0,VP,IDS 1
30288,2.0,2.0,VP,IDS 1
30289,2.0,2.0,VP,IDS 1
30290,2.0,2.0,VP,IDS 1
30291,2.0,2.0,VP,IDS 1
30331,2.0,2.0,VP,IDS 1
30332,2.0,2.0,VP,IDS 1
30333,2.0,2.0,VP,IDS 1
30334,2.0,2.0,VP,IDS 1
30335,2.0,2.0,VP,IDS 1
30336,2.0,2.0,VP,IDS 1
30337,2.0,2.0,VP,IDS 1
30338,2.0,2.0,VP,IDS 1
30495,2.0,2.0,VP,IDS 1
30496,2.0,2.0,VP,IDS 1
30497,2.0,2.0,VP,IDS 1
30498,2.0,2.0,VP,IDS 1
30499,2.0,2.0,VP,IDS 3
30500,2.0,2.0,VP,IDS 1
30501,2.0,2.0,VP,IDS 1
30503,2.0,2.0,VP,IDS 1
30504,2.0,2.0,VP,IDS 1
30505,2.0,2.0,VP,IDS 1
30506,2.0,2.0,VP,IDS 1
30507,2.0,2.0,VP,IDS 1
30508,2.0,2.0,VP,IDS 1
30509,2.0,2.0,VP,IDS 1
30510,2.0,2.0,VP,IDS 1
30513,2.0,2.0,VP,IDS 1
30514,2.0,2.0,VP,IDS 1
30894,2.0,2.0,VP,IDS 1
31114,2.0,2.0,VP,IDS 1
31115,2.0,2.0,VP,IDS 1
31116,2.0,2.0,VP,IDS 1
31117,2.0,2.0,VP,IDS 1
31118,2.0,2.0,VP,IDS 1
31119,2.0,2.0,VP,IDS 1
25032,0.0,0.0,VN,IDS 1
25034,0.0,0.0,VN,IDS 1
25037,0.0,0.0,VN,IDS 1
25038,0.0,0.0,VN,IDS 1
25041,0.0,0.0,VN,IDS 1
25042,0.0,0.0,VN,IDS 1
25043,0.0,0.0,VN,IDS 1
25044,0.0,0.0,VN,IDS 1
25045,0.0,0.0,VN,IDS 1
28709,1.0,1.0,VP,IDS 1
28710,0.0,1.0,FN,IDS 1
28711,0.0,1.0,FN,IDS 1
28712,0.0,1.0,FN,IDS 1
28713,1.0,1.0,VP,IDS 1
28714,1.0,1.0,VP,IDS 1
28715,0.0,1.0,FN,IDS 1
28716,1.0,1.0,VP,IDS 1
28717,0.0,1.0,FN,IDS 1
28753,1.0,1.0,VP,IDS 1
28756,0.0,1.0,FN,IDS 1
28757,1.0,1.0,VP,IDS 1
28762,1.0,1.0,VP,IDS 1
28763,1.0,1.0,VP,IDS 1
28764,1.0,1.0,VP,IDS 1
28765,1.0,1.0,VP,IDS 1
28766,0.0,1.0,FN,IDS 1
28768,0.0,1.0,FN,IDS 1
28769,0.0,1.0,FN,IDS 1
28772,1.0,1.0,VP,IDS 1
28773,1.0,1.0,VP,IDS 1
28774,1.0,1.0,VP,IDS 1
28775,1.0,1.0,VP,IDS 1
28777,0.0,1.0,FN,IDS 1
28780,1.0,1.0,VP,IDS 1
28781,0.0,1.0,FN,IDS 1
28783,0.0,1.0,FN,IDS 1
28784,1.0,1.0,VP,IDS 1
28785,1.0,1.0,VP,IDS 1
28786,1.0,1.0,VP,IDS 1
28787,1.0,1.0,VP,IDS 1
28788,1.0,1.0,VP,IDS 1
28789,1.0,1.0,VP,IDS 1
28790,1.0,1.0,VP,IDS 1
28792,1.0,1.0,VP,IDS 1
28793,1.0,1.0,VP,IDS 1
28794,1.0,1.0,VP,IDS 1
28798,0.0,1.0,FN,IDS 1
28799,1.0,1.0,VP,IDS 1
28802,1.0,1.0,VP,IDS 1
28803,1.0,1.0,VP,IDS 1
28805,0.0,1.0,FN,IDS 1
28806,1.0,1.0,VP,IDS 1
29144,1.0,1.0,VP,IDS 1
29146,1.0,1.0,VP,IDS 1
29148,1.0,1.0,VP,IDS 1
29149,1.0,1.0,VP,IDS 1
29150,1.0,1.0,VP,IDS 1
29151,0.0,1.0,FN,IDS 1
29152,0.0,1.0,FN,IDS 1
29154,1.0,1.0,VP,IDS 1
29156,1.0,1.0,VP,IDS 1
29157,1.0,1.0,VP,IDS 1
29158,0.0,1.0,FN,IDS 1
29159,1.0,1.0,VP,IDS 1
29160,0.0,1.0,FN,IDS 1
29162,1.0,1.0,VP,IDS 1
29163,1.0,1.0,VP,IDS 1
29164,1.0,1.0,VP,IDS 1
29167,1.0,1.0,VP,IDS 1
29168,1.0,1.0,VP,IDS 1
29918,1.0,1.0,VP,IDS 1
29919,0.0,1.0,FN,IDS 1
29923,1.0,1.0,VP,IDS 1
29925,1.0,1.0,VP,IDS 1
29926,1.0,1.0,VP,IDS 1
29927,1.0,1.0,VP,IDS 1
29929,1.0,1.0,VP,IDS 1
29930,1.0,1.0,VP,IDS 1
29931,1.0,1.0,VP,IDS 1
29934,1.0,1.0,VP,IDS 1
29935,1.0,1.0,VP,IDS 1
29937,1.0,1.0,VP,IDS 1
29941,1.0,1.0,VP,IDS 1
29942,0.0,1.0,FN,IDS 1
29943,1.0,1.0,VP,IDS 1
29944,0.0,1.0,FN,IDS 1
29949,1.0,1.0,VP,IDS 1
29950,1.0,1.0,VP,IDS 1
29953,1.0,1.0,VP,IDS 1
30329,2.0,2.0,VP,IDS 1
30330,2.0,2.0,VP,IDS 1
30695,2.0,2.0,VP,IDS 1
30696,2.0,2.0,VP,IDS 1
30697,2.0,2.0,VP,IDS 1
30698,2.0,2.0,VP,IDS 1
30699,2.0,2.0,VP,IDS 1
30700,2.0,2.0,VP,IDS 1
30701,2.0,2.0,VP,IDS 1
30702,2.0,2.0,VP,IDS 1
30703,2.0,2.0,VP,IDS 1
30705,2.0,2.0,VP,IDS 1
30707,2.0,2.0,VP,IDS 1
30708,2.0,2.0,VP,IDS 1
30709,2.0,2.0,VP,IDS 1
30710,2.0,2.0,VP,IDS 1
30711,2.0,2.0,VP,IDS 1
30712,2.0,2.0,VP,IDS 1
30713,2.0,2.0,VP,IDS 1
30714,2.0,2.0,VP,IDS 1
30715,2.0,2.0,VP,IDS 1
30716,2.0,2.0,VP,IDS 1
30717,2.0,2.0,VP,IDS 1
30718,2.0,2.0,VP,IDS 1
30719,2.0,2.0,VP,IDS 1
30720,2.0,2.0,VP,IDS 1
30721,2.0,2.0,VP,IDS 1
30722,2.0,2.0,VP,IDS 1
30874,2.0,2.0,VP,IDS 1
30875,2.0,2.0,VP,IDS 1
30876,2.0,2.0,VP,IDS 1
30877,2.0,2.0,VP,IDS 1
30878,2.0,2.0,VP,IDS 1
30879,2.0,2.0,VP,IDS 1
30882,2.0,2.0,VP,IDS 1
30883,2.0,2.0,VP,IDS 1
30884,2.0,2.0,VP,IDS 1
30885,2.0,2.0,VP,IDS 1
30886,2.0,2.0,VP,IDS 1
30888,2.0,2.0,VP,IDS 1
30891,2.0,2.0,VP,IDS 1
29456,1.0,1.0,VP,IDS 1
30892,2.0,2.0,VP,IDS 1
30893,2.0,2.0,VP,IDS 1
29457,1.0,1.0,VP,IDS 1
29458,1.0,1.0,VP,IDS 1
29461,0.0,1.0,FN,IDS 1
29462,0.0,1.0,FN,IDS 1
29463,1.0,1.0,VP,IDS 1
29465,1.0,1.0,VP,IDS 1
29466,1.0,1.0,VP,IDS 1
29468,0.0,1.0,FN,IDS 1
29471,1.0,1.0,VP,IDS 1
29474,1.0,1.0,VP,IDS 1
29475,1.0,1.0,VP,IDS 1
29476,1.0,1.0,VP,IDS 1
29477,1.0,1.0,VP,IDS 1
29478,1.0,1.0,VP,IDS 3
29479,1.0,1.0,VP,IDS 1
29480,1.0,1.0,VP,IDS 1
29482,0.0,1.0,FN,IDS 1
29485,0.0,1.0,FN,IDS 1
29518,1.0,1.0,VP,IDS 1
29519,1.0,1.0,VP,IDS 1
26721,0.0,0.0,VN,IDS 1
26722,0.0,0.0,VN,IDS 1
26723,0.0,0.0,VN,IDS 1
26725,0.0,0.0,VN,IDS 1
26728,0.0,0.0,VN,IDS 1
26729,0.0,0.0,VN,IDS 1
26730,0.0,0.0,VN,IDS 1
26732,0.0,0.0,VN,IDS 1
26734,0.0,0.0,VN,IDS 1
26736,0.0,0.0,VN,IDS 1
26737,0.0,0.0,VN,IDS 1
26836,0.0,0.0,VN,IDS 1
26837,0.0,0.0,VN,IDS 1
26840,0.0,0.0,VN,IDS 1
26841,0.0,0.0,VN,IDS 1
26842,0.0,0.0,VN,IDS 1
26844,0.0,0.0,VN,IDS 1
26845,0.0,0.0,VN,IDS 1
26846,0.0,0.0,VN,IDS 1
26849,0.0,0.0,VN,IDS 1
26850,0.0,0.0,VN,IDS 1
31121,2.0,2.0,VP,IDS 1
31122,2.0,2.0,VP,IDS 1
31123,2.0,2.0,VP,IDS 1
31125,2.0,2.0,VP,IDS 1
31126,2.0,2.0,VP,IDS 1
31127,2.0,2.0,VP,IDS 1
31128,2.0,2.0,VP,IDS 1
31130,2.0,2.0,VP,IDS 1
31131,2.0,2.0,VP,IDS 1
31132,2.0,2.0,VP,IDS 1
31133,2.0,2.0,VP,IDS 1
31134,2.0,2.0,VP,IDS 1
31136,2.0,2.0,VP,IDS 1
32279,2.0,2.0,VP,IDS 1
32280,2.0,2.0,VP,IDS 1
32281,2.0,2.0,VP,IDS 1
32282,2.0,2.0,VP,IDS 1
32283,2.0,2.0,VP,IDS 1
32284,2.0,2.0,VP,IDS 1
32285,2.0,2.0,VP,IDS 1
32286,2.0,2.0,VP,IDS 1
32287,2.0,2.0,VP,IDS 1
32288,2.0,2.0,VP,IDS 1
32289,2.0,2.0,VP,IDS 1
32290,2.0,2.0,VP,IDS 1
32291,2.0,2.0,VP,IDS 1
32329,2.0,2.0,VP,IDS 1
32331,2.0,2.0,VP,IDS 1
32332,2.0,2.0,VP,IDS 1
32333,2.0,2.0,VP,IDS 1
32334,2.0,2.0,VP,IDS 1
32335,2.0,2.0,VP,IDS 1
25718,0.0,0.0,VN,IDS 1
25719,0.0,0.0,VN,IDS 1
25723,0.0,0.0,VN,IDS 1
25725,0.0,0.0,VN,IDS 1
25726,0.0,0.0,VN,IDS 1
25727,0.0,0.0,VN,IDS 1
25729,0.0,0.0,VN,IDS 1
25730,0.0,0.0,VN,IDS 1
25731,0.0,0.0,VN,IDS 1
25732,0.0,0.0,VN,IDS 1
25733,0.0,0.0,VN,IDS 1
25734,0.0,0.0,VN,IDS 1
25735,0.0,0.0,VN,IDS 1
25736,0.0,0.0,VN,IDS 1
25737,0.0,0.0,VN,IDS 1
25738,0.0,0.0,VN,IDS 1
25740,0.0,0.0,VN,IDS 1
25742,0.0,0.0,VN,IDS 1
25943,0.0,0.0,VN,IDS 1
25944,0.0,0.0,VN,IDS 1
25946,0.0,0.0,VN,IDS 1
25947,0.0,0.0,VN,IDS 1
26852,0.0,0.0,VN,IDS 1
26854,0.0,0.0,VN,IDS 1
26855,0.0,0.0,VN,IDS 1
31070,2.0,2.0,VP,IDS 3
31071,2.0,2.0,VP,IDS 1
31073,2.0,2.0,VP,IDS 1
31075,2.0,2.0,VP,IDS 1
31076,2.0,2.0,VP,IDS 1
31137,2.0,2.0,VP,IDS 1
31139,2.0,2.0,VP,IDS 1
31140,2.0,2.0,VP,IDS 1
31142,2.0,2.0,VP,IDS 1
31144,2.0,2.0,VP,IDS 1
31285,2.0,2.0,VP,IDS 1
31286,2.0,2.0,VP,IDS 1
31287,2.0,2.0,VP,IDS 1
31288,2.0,2.0,VP,IDS 1
31289,2.0,2.0,VP,IDS 1
31293,2.0,2.0,VP,IDS 1
31398,2.0,2.0,VP,IDS 1
31399,2.0,2.0,VP,IDS 1
31400,2.0,2.0,VP,IDS 1
31401,2.0,2.0,VP,IDS 1
31402,2.0,2.0,VP,IDS 1
31403,2.0,2.0,VP,IDS 1
31404,2.0,2.0,VP,IDS 1
31405,2.0,2.0,VP,IDS 1
31406,2.0,2.0,VP,IDS 1
31407,2.0,2.0,VP,IDS 1
31408,2.0,2.0,VP,IDS 1
31409,2.0,2.0,VP,IDS 1
31410,2.0,2.0,VP,IDS 1
31411,2.0,2.0,VP,IDS 1
31412,2.0,2.0,VP,IDS 1
31413,2.0,2.0,VP,IDS 1
31415,2.0,2.0,VP,IDS 1
31416,2.0,2.0,VP,IDS 1
31417,2.0,2.0,VP,IDS 1
31418,2.0,2.0,VP,IDS 1
31420,2.0,2.0,VP,IDS 1
31421,2.0,2.0,VP,IDS 1
31449,2.0,2.0,VP,IDS 1
31450,2.0,2.0,VP,IDS 1
31451,2.0,2.0,VP,IDS 1
31452,2.0,2.0,VP,IDS 1
31453,2.0,2.0,VP,IDS 1
31454,2.0,2.0,VP,IDS 1
31455,2.0,2.0,VP,IDS 1
31456,2.0,2.0,VP,IDS 1
31458,2.0,2.0,VP,IDS 1
31460,2.0,2.0,VP,IDS 1
31462,2.0,2.0,VP,IDS 1
31463,2.0,2.0,VP,IDS 1
31464,2.0,2.0,VP,IDS 1
31465,2.0,2.0,VP,IDS 1
31467,2.0,2.0,VP,IDS 1
31468,2.0,2.0,VP,IDS 1
31469,2.0,2.0,VP,IDS 1
31471,2.0,2.0,VP,IDS 1
31473,2.0,2.0,VP,IDS 1
31474,2.0,2.0,VP,IDS 1
31475,2.0,2.0,VP,IDS 1
31505,2.0,2.0,VP,IDS 3
31506,2.0,2.0,VP,IDS 1
31507,2.0,2.0,VP,IDS 1
31508,2.0,2.0,VP,IDS 1
31509,2.0,2.0,VP,IDS 1
31510,2.0,2.0,VP,IDS 1
31511,2.0,2.0,VP,IDS 1
31512,2.0,2.0,VP,IDS 1
31513,2.0,2.0,VP,IDS 1
31514,2.0,2.0,VP,IDS 1
31515,2.0,2.0,VP,IDS 1
31516,2.0,2.0,VP,IDS 1
31517,2.0,2.0,VP,IDS 1
31518,2.0,2.0,VP,IDS 1
31519,2.0,2.0,VP,IDS 1
31520,2.0,2.0,VP,IDS 1
31522,2.0,2.0,VP,IDS 1
31524,2.0,2.0,VP,IDS 1
31525,2.0,2.0,VP,IDS 1
31723,2.0,2.0,VP,IDS 1
31724,2.0,2.0,VP,IDS 1
31726,2.0,2.0,VP,IDS 1
31727,2.0,2.0,VP,IDS 1
31728,2.0,2.0,VP,IDS 1
31729,2.0,2.0,VP,IDS 1
31810,2.0,2.0,VP,IDS 1
31811,2.0,2.0,VP,IDS 1
31812,2.0,2.0,VP,IDS 1
31813,2.0,2.0,VP,IDS 1
31814,2.0,2.0,VP,IDS 1
32134,2.0,2.0,VP,IDS 1
32135,2.0,2.0,VP,IDS 1
32136,2.0,2.0,VP,IDS 3
32137,2.0,2.0,VP,IDS 1
32138,2.0,2.0,VP,IDS 1
32139,2.0,2.0,VP,IDS 1
26896,0.0,0.0,VN,IDS 1
26898,0.0,0.0,VN,IDS 1
26900,0.0,0.0,VN,IDS 1
27006,0.0,0.0,VN,IDS 1
27007,0.0,0.0,VN,IDS 1
27008,0.0,0.0,VN,IDS 1
27009,0.0,0.0,VN,IDS 1
27010,0.0,0.0,VN,IDS 1
27050,0.0,0.0,VN,IDS 1
27051,0.0,0.0,VN,IDS 1
27052,0.0,0.0,VN,IDS 1
27053,0.0,0.0,VN,IDS 1
27054,0.0,0.0,VN,IDS 1
27055,0.0,0.0,VN,IDS 1
27056,0.0,0.0,VN,IDS 1
27057,0.0,0.0,VN,IDS 1
27058,0.0,0.0,VN,IDS 1
27060,0.0,0.0,VN,IDS 1
27061,0.0,0.0,VN,IDS 1
27062,0.0,0.0,VN,IDS 1
27063,0.0,0.0,VN,IDS 1
27096,0.0,0.0,VN,IDS 1
27099,0.0,0.0,VN,IDS 1
27100,0.0,0.0,VN,IDS 1
27101,0.0,0.0,VN,IDS 1
27102,0.0,0.0,VN,IDS 1
27104,0.0,0.0,VN,IDS 1
27105,0.0,0.0,VN,IDS 1
27414,0.0,0.0,VN,IDS 1
27418,0.0,0.0,VN,IDS 1
27419,0.0,0.0,VN,IDS 1
27420,0.0,0.0,VN,IDS 1
28636,1.0,1.0,VP,IDS 1
28637,1.0,1.0,VP,IDS 1
28638,1.0,1.0,VP,IDS 1
28640,1.0,1.0,VP,IDS 1
28641,1.0,1.0,VP,IDS 1
28643,1.0,1.0,VP,IDS 1
28720,1.0,1.0,VP,IDS 1
28721,1.0,1.0,VP,IDS 1
28722,1.0,1.0,VP,IDS 1
28723,0.0,1.0,FN,IDS 1
28724,1.0,1.0,VP,IDS 1
28725,0.0,1.0,FN,IDS 1
28730,0.0,1.0,FN,IDS 1
28731,1.0,1.0,VP,IDS 1
28732,0.0,1.0,FN,IDS 1
28733,1.0,1.0,VP,IDS 1
28734,0.0,1.0,FN,IDS 1
28735,1.0,1.0,VP,IDS 1
28738,1.0,1.0,VP,IDS 1
28739,1.0,1.0,VP,IDS 1
28740,0.0,1.0,FN,IDS 1
29506,1.0,1.0,VP,IDS 1
29508,1.0,1.0,VP,IDS 1
29509,0.0,1.0,FN,IDS 1
29511,1.0,1.0,VP,IDS 1
29512,1.0,1.0,VP,IDS 1
29515,1.0,1.0,VP,IDS 1
29516,0.0,1.0,FN,IDS 1
29517,1.0,1.0,VP,IDS 1
29560,1.0,1.0,VP,IDS 3
29566,1.0,1.0,VP,IDS 1
29567,1.0,1.0,VP,IDS 1
29569,0.0,1.0,FN,IDS 1
29717,0.0,1.0,FN,IDS 1
29720,0.0,1.0,FN,IDS 1
29724,0.0,1.0,FN,IDS 1
29725,0.0,1.0,FN,IDS 1
29726,1.0,1.0,VP,IDS 1
29728,0.0,1.0,FN,IDS 1
29836,1.0,1.0,VP,IDS 1
29837,0.0,1.0,FN,IDS 1
30431,2.0,2.0,VP,IDS 1
30433,2.0,2.0,VP,IDS 1
30434,2.0,2.0,VP,IDS 1
30435,2.0,2.0,VP,IDS 1
30436,2.0,2.0,VP,IDS 1
31170,2.0,2.0,VP,IDS 1
31171,2.0,2.0,VP,IDS 1
31172,2.0,2.0,VP,IDS 1
31173,2.0,2.0,VP,IDS 1
31174,2.0,2.0,VP,IDS 1
31176,2.0,2.0,VP,IDS 1
31177,2.0,2.0,VP,IDS 1
31178,2.0,2.0,VP,IDS 1
31179,2.0,2.0,VP,IDS 1
31235,2.0,2.0,VP,IDS 1
31236,2.0,2.0,VP,IDS 1
31238,2.0,2.0,VP,IDS 1
31239,2.0,2.0,VP,IDS 1
31240,2.0,2.0,VP,IDS 1
31241,2.0,2.0,VP,IDS 1
31242,2.0,2.0,VP,IDS 1
31243,2.0,2.0,VP,IDS 1
31244,2.0,2.0,VP,IDS 1
29071,1.0,1.0,VP,IDS 1
29072,1.0,1.0,VP,IDS 3
29074,0.0,1.0,FN,IDS 1
29077,1.0,1.0,VP,IDS 1
29079,0.0,1.0,FN,IDS 1
29083,1.0,1.0,VP,IDS 1
29084,1.0,1.0,VP,IDS 1
29087,1.0,1.0,VP,IDS 1
29089,1.0,1.0,VP,IDS 1
29090,0.0,1.0,FN,IDS 1
29091,1.0,1.0,VP,IDS 1
29093,0.0,1.0,FN,IDS 1
29094,0.0,1.0,FN,IDS 1
29097,1.0,1.0,VP,IDS 1
29098,1.0,1.0,VP,IDS 1
29099,1.0,1.0,VP,IDS 1
29104,1.0,1.0,VP,IDS 1
29141,1.0,1.0,VP,IDS 1
29142,1.0,1.0,VP,IDS 3
29143,1.0,1.0,VP,IDS 1
29280,1.0,1.0,VP,IDS 1
29281,1.0,1.0,VP,IDS 1
29282,1.0,1.0,VP,IDS 1
29283,1.0,1.0,VP,IDS 1
29284,1.0,1.0,VP,IDS 1
29285,1.0,1.0,VP,IDS 1
29289,1.0,1.0,VP,IDS 1
29292,1.0,1.0,VP,IDS 1
29294,0.0,1.0,FN,IDS 1
29295,0.0,1.0,FN,IDS 1
29296,0.0,1.0,FN,IDS 1
29300,1.0,1.0,VP,IDS 1
29301,1.0,1.0,VP,IDS 1
29302,1.0,1.0,VP,IDS 1
29304,0.0,1.0,FN,IDS 1
29306,1.0,1.0,VP,IDS 1
29307,0.0,1.0,FN,IDS 1
29308,1.0,1.0,VP,IDS 1
29309,1.0,1.0,VP,IDS 1
29311,1.0,1.0,VP,IDS 1
29313,1.0,1.0,VP,IDS 1
29314,1.0,1.0,VP,IDS 1
29315,1.0,1.0,VP,IDS 1
29316,1.0,1.0,VP,IDS 1
29317,0.0,1.0,FN,IDS 1
29318,0.0,1.0,FN,IDS 1
29323,1.0,1.0,VP,IDS 1
29326,1.0,1.0,VP,IDS 1
29327,1.0,1.0,VP,IDS 1
29329,1.0,1.0,VP,IDS 1
29331,1.0,1.0,VP,IDS 1
29332,1.0,1.0,VP,IDS 1
29333,1.0,1.0,VP,IDS 1
29334,1.0,1.0,VP,IDS 1
29336,1.0,1.0,VP,IDS 1
29338,0.0,1.0,FN,IDS 1
29339,1.0,1.0,VP,IDS 1
29340,1.0,1.0,VP,IDS 1
29341,1.0,1.0,VP,IDS 1
29342,1.0,1.0,VP,IDS 1
29451,1.0,1.0,VP,IDS 1
29452,1.0,1.0,VP,IDS 1
26125,0.0,0.0,VN,IDS 1
26126,0.0,0.0,VN,IDS 1
26130,0.0,0.0,VN,IDS 1
26131,0.0,0.0,VN,IDS 1
26132,0.0,0.0,VN,IDS 1
26133,0.0,0.0,VN,IDS 1
26134,0.0,0.0,VN,IDS 1
26135,1.0,0.0,FP,IDS 1
26136,0.0,0.0,VN,IDS 1
26137,0.0,0.0,VN,IDS 1
26138,0.0,0.0,VN,IDS 1
26139,0.0,0.0,VN,IDS 1
26140,0.0,0.0,VN,IDS 1
26142,0.0,0.0,VN,IDS 1
26143,0.0,0.0,VN,IDS 1
26144,0.0,0.0,VN,IDS 1
26146,0.0,0.0,VN,IDS 1
26147,0.0,0.0,VN,IDS 1
26447,0.0,0.0,VN,IDS 1
26448,0.0,0.0,VN,IDS 1
26450,0.0,0.0,VN,IDS 1
29954,1.0,1.0,VP,IDS 1
30068,2.0,2.0,VP,IDS 1
30069,2.0,2.0,VP,IDS 1
30070,2.0,2.0,VP,IDS 1
30072,2.0,2.0,VP,IDS 1
30073,2.0,2.0,VP,IDS 1
30075,2.0,2.0,VP,IDS 1
30076,2.0,2.0,VP,IDS 1
30077,2.0,2.0,VP,IDS 1
30078,2.0,2.0,VP,IDS 1
30079,2.0,2.0,VP,IDS 1
30080,2.0,2.0,VP,IDS 1
30081,2.0,2.0,VP,IDS 1
30082,2.0,2.0,VP,IDS 1
30083,2.0,2.0,VP,IDS 1
30084,2.0,2.0,VP,IDS 1
30085,2.0,2.0,VP,IDS 1
30086,2.0,2.0,VP,IDS 1
30087,2.0,2.0,VP,IDS 1
30088,2.0,2.0,VP,IDS 1
30089,2.0,2.0,VP,IDS 1
30090,2.0,2.0,VP,IDS 1
30091,2.0,2.0,VP,IDS 1
30092,2.0,2.0,VP,IDS 1
30169,2.0,2.0,VP,IDS 1
30170,2.0,2.0,VP,IDS 1
30172,2.0,2.0,VP,IDS 1
30174,2.0,2.0,VP,IDS 1
30175,2.0,2.0,VP,IDS 1
30176,2.0,2.0,VP,IDS 1
30178,2.0,2.0,VP,IDS 1
30179,2.0,2.0,VP,IDS 1
30180,2.0,2.0,VP,IDS 1
30181,2.0,2.0,VP,IDS 1
30182,2.0,2.0,VP,IDS 1
30183,2.0,2.0,VP,IDS 1
30184,2.0,2.0,VP,IDS 1
30185,2.0,2.0,VP,IDS 1
30186,2.0,2.0,VP,IDS 1
31077,2.0,2.0,VP,IDS 1
31079,2.0,2.0,VP,IDS 1
31080,2.0,2.0,VP,IDS 1
31082,2.0,2.0,VP,IDS 1
31083,2.0,2.0,VP,IDS 1
31084,2.0,2.0,VP,IDS 1
31085,2.0,2.0,VP,IDS 1
31086,2.0,2.0,VP,IDS 1
31089,2.0,2.0,VP,IDS 1
31090,2.0,2.0,VP,IDS 1
31091,2.0,2.0,VP,IDS 1
31092,2.0,2.0,VP,IDS 1
31093,2.0,2.0,VP,IDS 1
31096,2.0,2.0,VP,IDS 1
31097,2.0,2.0,VP,IDS 1
31098,2.0,2.0,VP,IDS 1
31099,2.0,2.0,VP,IDS 1
31100,2.0,2.0,VP,IDS 1
31101,2.0,2.0,VP,IDS 1
31102,2.0,2.0,VP,IDS 1
31103,2.0,2.0,VP,IDS 1
31104,2.0,2.0,VP,IDS 1
31105,2.0,2.0,VP,IDS 1
31106,2.0,2.0,VP,IDS 1
31107,2.0,2.0,VP,IDS 1
31108,2.0,2.0,VP,IDS 1
31109,2.0,2.0,VP,IDS 1
31110,2.0,2.0,VP,IDS 1
31111,2.0,2.0,VP,IDS 1
31113,2.0,2.0,VP,IDS 1
31145,2.0,2.0,VP,IDS 1
31146,2.0,2.0,VP,IDS 1
31147,2.0,2.0,VP,IDS 1
31148,2.0,2.0,VP,IDS 1
31149,2.0,2.0,VP,IDS 1
31150,2.0,2.0,VP,IDS 1
31265,2.0,2.0,VP,IDS 1
31266,2.0,2.0,VP,IDS 1
31267,2.0,2.0,VP,IDS 1
31270,2.0,2.0,VP,IDS 1
31274,2.0,2.0,VP,IDS 1
31275,2.0,2.0,VP,IDS 1
31276,2.0,2.0,VP,IDS 1
31277,2.0,2.0,VP,IDS 1
31278,2.0,2.0,VP,IDS 1
31279,2.0,2.0,VP,IDS 1
31280,2.0,2.0,VP,IDS 1
31281,2.0,2.0,VP,IDS 1
31282,2.0,2.0,VP,IDS 1
31283,2.0,2.0,VP,IDS 1
30292,2.0,2.0,VP,IDS 1
31284,2.0,2.0,VP,IDS 1
30293,2.0,2.0,VP,IDS 1
30294,2.0,2.0,VP,IDS 1
30295,2.0,2.0,VP,IDS 1
30296,2.0,2.0,VP,IDS 1
30297,2.0,2.0,VP,IDS 1
30298,2.0,2.0,VP,IDS 1
30299,2.0,2.0,VP,IDS 1
30300,2.0,2.0,VP,IDS 1
30301,2.0,2.0,VP,IDS 1
30302,2.0,2.0,VP,IDS 1
30303,2.0,2.0,VP,IDS 1
30304,2.0,2.0,VP,IDS 1
30305,2.0,2.0,VP,IDS 1
30307,2.0,2.0,VP,IDS 1
30308,2.0,2.0,VP,IDS 1
30309,2.0,2.0,VP,IDS 1
30310,2.0,2.0,VP,IDS 1
30312,2.0,2.0,VP,IDS 1
30313,2.0,2.0,VP,IDS 1
30314,2.0,2.0,VP,IDS 1
30315,2.0,2.0,VP,IDS 1
30316,2.0,2.0,VP,IDS 1
30318,2.0,2.0,VP,IDS 1
30319,2.0,2.0,VP,IDS 1
30320,2.0,2.0,VP,IDS 1
30321,2.0,2.0,VP,IDS 1
30322,2.0,2.0,VP,IDS 1
30323,2.0,2.0,VP,IDS 1
30324,2.0,2.0,VP,IDS 1
30325,2.0,2.0,VP,IDS 1
30326,2.0,2.0,VP,IDS 1
30327,2.0,2.0,VP,IDS 1
30328,2.0,2.0,VP,IDS 1
31527,2.0,2.0,VP,IDS 1
31528,2.0,2.0,VP,IDS 1
31529,2.0,2.0,VP,IDS 1
31530,2.0,2.0,VP,IDS 1
31531,2.0,2.0,VP,IDS 1
31560,2.0,2.0,VP,IDS 1
31561,2.0,2.0,VP,IDS 1
31562,2.0,2.0,VP,IDS 1
31563,2.0,2.0,VP,IDS 1
31564,2.0,2.0,VP,IDS 1
31566,2.0,2.0,VP,IDS 1
31567,2.0,2.0,VP,IDS 1
31568,2.0,2.0,VP,IDS 1
31569,2.0,2.0,VP,IDS 1
31570,2.0,2.0,VP,IDS 1
31571,2.0,2.0,VP,IDS 1
31572,2.0,2.0,VP,IDS 1
31574,2.0,2.0,VP,IDS 1
31575,2.0,2.0,VP,IDS 1
31576,2.0,2.0,VP,IDS 1
31577,2.0,2.0,VP,IDS 1
30515,2.0,2.0,VP,IDS 1
30516,2.0,2.0,VP,IDS 1
30517,2.0,2.0,VP,IDS 3
30518,2.0,2.0,VP,IDS 1
30519,2.0,2.0,VP,IDS 1
30520,2.0,2.0,VP,IDS 1
30521,2.0,2.0,VP,IDS 1
30522,2.0,2.0,VP,IDS 1
30523,2.0,2.0,VP,IDS 1
30524,2.0,2.0,VP,IDS 1
30584,2.0,2.0,VP,IDS 3
30586,2.0,2.0,VP,IDS 1
30588,2.0,2.0,VP,IDS 1
30590,2.0,2.0,VP,IDS 1
30591,2.0,2.0,VP,IDS 1
30592,2.0,2.0,VP,IDS 1
30593,2.0,2.0,VP,IDS 1
30594,2.0,2.0,VP,IDS 1
30595,2.0,2.0,VP,IDS 1
30596,2.0,2.0,VP,IDS 1
30598,2.0,2.0,VP,IDS 1
31578,2.0,2.0,VP,IDS 1
31579,2.0,2.0,VP,IDS 1
31580,2.0,2.0,VP,IDS 1
31581,2.0,2.0,VP,IDS 1
31582,2.0,2.0,VP,IDS 1
31583,2.0,2.0,VP,IDS 1
31704,2.0,2.0,VP,IDS 1
31705,2.0,2.0,VP,IDS 1
31706,2.0,2.0,VP,IDS 1
31707,2.0,2.0,VP,IDS 1
31708,2.0,2.0,VP,IDS 1
31709,2.0,2.0,VP,IDS 1
31711,2.0,2.0,VP,IDS 1
31713,2.0,2.0,VP,IDS 1
31714,2.0,2.0,VP,IDS 1
31716,2.0,2.0,VP,IDS 1
31717,2.0,2.0,VP,IDS 1
31718,2.0,2.0,VP,IDS 1
31720,2.0,2.0,VP,IDS 1
31721,2.0,2.0,VP,IDS 1
31722,2.0,2.0,VP,IDS 1
30601,2.0,2.0,VP,IDS 1
30602,2.0,2.0,VP,IDS 1
30603,2.0,2.0,VP,IDS 1
30604,2.0,2.0,VP,IDS 1
30605,2.0,2.0,VP,IDS 1
30606,2.0,2.0,VP,IDS 1
30608,2.0,2.0,VP,IDS 1
30609,2.0,2.0,VP,IDS 1
30610,2.0,2.0,VP,IDS 1
30611,2.0,2.0,VP,IDS 1
30612,2.0,2.0,VP,IDS 1
30614,2.0,2.0,VP,IDS 1
30615,2.0,2.0,VP,IDS 1
30616,2.0,2.0,VP,IDS 1
30617,2.0,2.0,VP,IDS 1
30618,2.0,2.0,VP,IDS 1
30619,2.0,2.0,VP,IDS 1
30620,2.0,2.0,VP,IDS 1
30621,2.0,2.0,VP,IDS 1
30693,2.0,2.0,VP,IDS 1
30694,2.0,2.0,VP,IDS 1
32140,2.0,2.0,VP,IDS 1
32141,2.0,2.0,VP,IDS 1
32142,2.0,2.0,VP,IDS 1
32144,2.0,2.0,VP,IDS 1
32145,2.0,2.0,VP,IDS 1
32146,2.0,2.0,VP,IDS 1
32148,2.0,2.0,VP,IDS 1
32151,2.0,2.0,VP,IDS 1
32152,2.0,2.0,VP,IDS 1
32212,2.0,2.0,VP,IDS 1
32213,2.0,2.0,VP,IDS 1
32214,2.0,2.0,VP,IDS 1
32215,2.0,2.0,VP,IDS 1
32216,2.0,2.0,VP,IDS 1
32217,2.0,2.0,VP,IDS 1
32218,2.0,2.0,VP,IDS 1
32219,2.0,2.0,VP,IDS 1
32220,2.0,2.0,VP,IDS 1
30895,2.0,2.0,VP,IDS 1
30896,2.0,2.0,VP,IDS 1
30897,2.0,2.0,VP,IDS 1
30898,2.0,2.0,VP,IDS 1
30899,2.0,2.0,VP,IDS 1
30900,2.0,2.0,VP,IDS 1
30931,2.0,2.0,VP,IDS 1
30932,2.0,2.0,VP,IDS 1
30933,2.0,2.0,VP,IDS 1
30934,2.0,2.0,VP,IDS 1
30935,2.0,2.0,VP,IDS 1
30936,2.0,2.0,VP,IDS 1
30937,2.0,2.0,VP,IDS 1
30938,2.0,2.0,VP,IDS 1
30939,2.0,2.0,VP,IDS 1
30940,2.0,2.0,VP,IDS 3
30941,2.0,2.0,VP,IDS 1
30942,2.0,2.0,VP,IDS 1
30943,2.0,2.0,VP,IDS 1
30944,2.0,2.0,VP,IDS 1
30945,2.0,2.0,VP,IDS 1
30946,2.0,2.0,VP,IDS 1
30947,2.0,2.0,VP,IDS 3
30948,2.0,2.0,VP,IDS 1
30950,2.0,2.0,VP,IDS 1
32221,2.0,2.0,VP,IDS 1
30951,2.0,2.0,VP,IDS 1
30955,2.0,2.0,VP,IDS 1
32222,2.0,2.0,VP,IDS 1
32223,2.0,2.0,VP,IDS 1
32224,2.0,2.0,VP,IDS 1
32226,2.0,2.0,VP,IDS 1
32227,2.0,2.0,VP,IDS 1
32228,2.0,2.0,VP,IDS 1
32229,2.0,2.0,VP,IDS 1
32230,2.0,2.0,VP,IDS 1
32231,2.0,2.0,VP,IDS 1
32232,2.0,2.0,VP,IDS 1
32234,2.0,2.0,VP,IDS 1
32235,2.0,2.0,VP,IDS 1
32236,2.0,2.0,VP,IDS 1
32269,2.0,2.0,VP,IDS 1
32270,2.0,2.0,VP,IDS 1
32271,2.0,2.0,VP,IDS 1
32272,2.0,2.0,VP,IDS 1
32273,2.0,2.0,VP,IDS 1
32274,2.0,2.0,VP,IDS 1
32275,2.0,2.0,VP,IDS 1
32276,2.0,2.0,VP,IDS 1
32277,2.0,2.0,VP,IDS 1
25654,1.0,0.0,FP,IDS 1
25655,0.0,0.0,VN,IDS 1
25656,0.0,0.0,VN,IDS 1
25658,0.0,0.0,VN,IDS 1
25659,0.0,0.0,VN,IDS 1
25660,0.0,0.0,VN,IDS 1
25661,0.0,0.0,VN,IDS 1
25663,0.0,0.0,VN,IDS 1
25664,0.0,0.0,VN,IDS 1
25666,0.0,0.0,VN,IDS 1
25667,0.0,0.0,VN,IDS 1
25669,1.0,0.0,FP,IDS 1
25670,0.0,0.0,VN,IDS 1
25671,0.0,0.0,VN,IDS 1
25672,0.0,0.0,VN,IDS 1
25673,0.0,0.0,VN,IDS 1
25674,0.0,0.0,VN,IDS 1
25675,0.0,0.0,VN,IDS 1
25676,0.0,0.0,VN,IDS 1
25712,0.0,0.0,VN,IDS 1
25714,0.0,0.0,VN,IDS 1
25716,0.0,0.0,VN,IDS 1
25717,0.0,0.0,VN,IDS 1
25949,0.0,0.0,VN,IDS 1
25950,0.0,0.0,VN,IDS 1
25951,0.0,0.0,VN,IDS 1
25955,0.0,0.0,VN,IDS 1
25958,0.0,0.0,VN,IDS 1
27011,0.0,0.0,VN,IDS 1
25959,0.0,0.0,VN,IDS 1
27012,0.0,0.0,VN,IDS 1
25960,0.0,0.0,VN,IDS 1
27013,0.0,0.0,VN,IDS 1
27015,0.0,0.0,VN,IDS 1
25963,0.0,0.0,VN,IDS 1
27016,0.0,0.0,VN,IDS 1
27018,0.0,0.0,VN,IDS 1
27019,0.0,0.0,VN,IDS 1
27020,0.0,0.0,VN,IDS 1
27021,0.0,0.0,VN,IDS 1
27022,0.0,0.0,VN,IDS 1
27023,0.0,0.0,VN,IDS 1
27024,0.0,0.0,VN,IDS 1
27025,0.0,0.0,VN,IDS 1
27027,0.0,0.0,VN,IDS 1
27029,0.0,0.0,VN,IDS 1
27030,0.0,0.0,VN,IDS 1
27031,0.0,0.0,VN,IDS 1
27032,0.0,0.0,VN,IDS 1
27034,0.0,0.0,VN,IDS 1
27037,0.0,0.0,VN,IDS 1
27038,0.0,0.0,VN,IDS 1
27039,0.0,0.0,VN,IDS 1
27041,0.0,0.0,VN,IDS 1
27042,0.0,0.0,VN,IDS 1
27043,0.0,0.0,VN,IDS 1
27044,0.0,0.0,VN,IDS 1
27048,0.0,0.0,VN,IDS 1
25964,0.0,0.0,VN,IDS 1
25965,0.0,0.0,VN,IDS 1
25967,0.0,0.0,VN,IDS 1
25968,0.0,0.0,VN,IDS 1
25969,0.0,0.0,VN,IDS 1
25970,0.0,0.0,VN,IDS 1
25971,0.0,0.0,VN,IDS 1
25972,0.0,0.0,VN,IDS 1
25973,0.0,0.0,VN,IDS 1
25974,0.0,0.0,VN,IDS 1
25975,0.0,0.0,VN,IDS 1
25976,0.0,0.0,VN,IDS 1
26118,0.0,0.0,VN,IDS 1
26120,0.0,0.0,VN,IDS 1
26122,0.0,0.0,VN,IDS 1
26123,0.0,0.0,VN,IDS 1
26451,0.0,0.0,VN,IDS 1
26458,0.0,0.0,VN,IDS 1
26459,0.0,0.0,VN,IDS 1
26460,0.0,0.0,VN,IDS 1
26461,0.0,0.0,VN,IDS 1
26462,0.0,0.0,VN,IDS 1
26465,0.0,0.0,VN,IDS 1
26466,1.0,0.0,FP,IDS 1
26467,0.0,0.0,VN,IDS 1
26469,0.0,0.0,VN,IDS 1
26471,0.0,0.0,VN,IDS 1
26472,0.0,0.0,VN,IDS 1
26473,0.0,0.0,VN,IDS 1
26474,0.0,0.0,VN,IDS 1
26480,0.0,0.0,VN,IDS 1
26481,0.0,0.0,VN,IDS 1
26484,0.0,0.0,VN,IDS 1
26485,0.0,0.0,VN,IDS 1
26707,0.0,0.0,VN,IDS 1
27214,0.0,0.0,VN,IDS 1
27216,0.0,0.0,VN,IDS 1
27218,0.0,0.0,VN,IDS 1
27219,0.0,0.0,VN,IDS 1
27220,0.0,0.0,VN,IDS 1
27222,0.0,0.0,VN,IDS 1
27226,0.0,0.0,VN,IDS 1
27228,0.0,0.0,VN,IDS 1
27400,0.0,0.0,VN,IDS 1
27401,0.0,0.0,VN,IDS 1
26708,0.0,0.0,VN,IDS 1
26709,1.0,0.0,FP,IDS 1
26710,0.0,0.0,VN,IDS 1
26711,0.0,0.0,VN,IDS 1
26714,0.0,0.0,VN,IDS 1
26715,0.0,0.0,VN,IDS 1
26716,0.0,0.0,VN,IDS 1
26717,0.0,0.0,VN,IDS 1
26719,0.0,0.0,VN,IDS 1
27403,0.0,0.0,VN,IDS 1
27404,0.0,0.0,VN,IDS 1
27406,1.0,0.0,FP,IDS 1
27407,0.0,0.0,VN,IDS 1
27408,0.0,0.0,VN,IDS 1
27410,0.0,0.0,VN,IDS 1
27411,0.0,0.0,VN,IDS 1
27412,0.0,0.0,VN,IDS 1
27413,0.0,0.0,VN,IDS 1
31815,2.0,2.0,VP,IDS 1
31817,2.0,2.0,VP,IDS 1
31818,2.0,2.0,VP,IDS 1
31819,2.0,2.0,VP,IDS 1
31820,2.0,2.0,VP,IDS 1
31822,2.0,2.0,VP,IDS 1
31823,2.0,2.0,VP,IDS 3
31824,2.0,2.0,VP,IDS 1
31826,2.0,2.0,VP,IDS 1
31827,2.0,2.0,VP,IDS 1
31828,2.0,2.0,VP,IDS 1
31829,2.0,2.0,VP,IDS 1
31830,2.0,2.0,VP,IDS 1
31831,2.0,2.0,VP,IDS 1
31832,2.0,2.0,VP,IDS 1
31833,2.0,2.0,VP,IDS 1
31836,2.0,2.0,VP,IDS 1
31837,2.0,2.0,VP,IDS 1
32125,2.0,2.0,VP,IDS 1
32126,2.0,2.0,VP,IDS 1
32127,2.0,2.0,VP,IDS 1
32130,2.0,2.0,VP,IDS 1
32131,2.0,2.0,VP,IDS 1
32132,2.0,2.0,VP,IDS 1
32133,2.0,2.0,VP,IDS 1
32336,2.0,2.0,VP,IDS 1
32337,2.0,2.0,VP,IDS 1
32338,2.0,2.0,VP,IDS 1
32339,2.0,2.0,VP,IDS 1
32340,2.0,2.0,VP,IDS 1
32342,2.0,2.0,VP,IDS 1
32343,2.0,2.0,VP,IDS 1
32344,2.0,2.0,VP,IDS 1
32345,2.0,2.0,VP,IDS 1
32346,2.0,2.0,VP,IDS 1
32347,2.0,2.0,VP,IDS 1
32348,2.0,2.0,VP,IDS 1
32349,2.0,2.0,VP,IDS 1
32350,2.0,2.0,VP,IDS 1
32351,2.0,2.0,VP,IDS 1
32352,2.0,2.0,VP,IDS 1
32353,2.0,2.0,VP,IDS 1
32356,2.0,2.0,VP,IDS 1
32357,2.0,2.0,VP,IDS 1
32358,2.0,2.0,VP,IDS 1
32359,2.0,2.0,VP,IDS 1
32360,2.0,2.0,VP,IDS 1
32361,2.0,2.0,VP,IDS 1
32362,2.0,2.0,VP,IDS 1
32363,2.0,2.0,VP,IDS 1
32364,2.0,2.0,VP,IDS 1
32365,2.0,2.0,VP,IDS 1
32366,2.0,2.0,VP,IDS 1
32368,2.0,2.0,VP,IDS 1
32369,2.0,2.0,VP,IDS 1
32370,2.0,2.0,VP,IDS 1
32371,2.0,2.0,VP,IDS 1
32373,2.0,2.0,VP,IDS 1
32374,2.0,2.0,VP,IDS 1
32375,2.0,2.0,VP,IDS 1
32376,2.0,2.0,VP,IDS 1
32377,2.0,2.0,VP,IDS 1
32378,2.0,2.0,VP,IDS 1
32380,2.0,2.0,VP,IDS 1
32382,2.0,2.0,VP,IDS 1
32383,2.0,2.0,VP,IDS 1
32384,2.0,2.0,VP,IDS 1
32385,2.0,2.0,VP,IDS 1
32387,2.0,2.0,VP,IDS 1
32388,2.0,2.0,VP,IDS 1
32389,2.0,2.0,VP,IDS 1
32390,2.0,2.0,VP,IDS 1
27183,0.0,0.0,VN,IDS 1
27184,0.0,0.0,VN,IDS 1
27185,0.0,0.0,VN,IDS 1
27187,0.0,0.0,VN,IDS 1
27188,0.0,0.0,VN,IDS 1
27189,0.0,0.0,VN,IDS 1
27190,0.0,0.0,VN,IDS 1
27191,1.0,0.0,FP,IDS 1
27192,0.0,0.0,VN,IDS 1
27193,0.0,0.0,VN,IDS 1
27194,0.0,0.0,VN,IDS 1
27195,0.0,0.0,VN,IDS 1
27196,0.0,0.0,VN,IDS 1
27197,0.0,0.0,VN,IDS 1
27198,0.0,0.0,VN,IDS 1
27202,0.0,0.0,VN,IDS 1
27206,0.0,0.0,VN,IDS 1
27207,0.0,0.0,VN,IDS 1
27208,0.0,0.0,VN,IDS 1
27209,0.0,0.0,VN,IDS 1
27211,0.0,0.0,VN,IDS 1
27212,0.0,0.0,VN,IDS 1
27424,0.0,0.0,VN,IDS 1
27425,0.0,0.0,VN,IDS 1
27426,0.0,0.0,VN,IDS 1
27428,0.0,0.0,VN,IDS 1
27431,0.0,0.0,VN,IDS 1
27432,0.0,0.0,VN,IDS 1
27433,0.0,0.0,VN,IDS 1
27434,0.0,0.0,VN,IDS 1
27435,1.0,0.0,FP,IDS 1
27436,0.0,0.0,VN,IDS 1
27468,0.0,0.0,VN,IDS 1
27470,0.0,0.0,VN,IDS 1
27472,0.0,0.0,VN,IDS 1
27473,0.0,0.0,VN,IDS 1
27476,0.0,0.0,VN,IDS 1
27478,0.0,0.0,VN,IDS 1
27479,0.0,0.0,VN,IDS 1
27480,0.0,0.0,VN,IDS 1
27481,0.0,0.0,VN,IDS 1
27482,0.0,0.0,VN,IDS 1
27483,0.0,0.0,VN,IDS 1
27484,0.0,0.0,VN,IDS 1
27485,0.0,0.0,VN,IDS 1
27486,0.0,0.0,VN,IDS 1
27488,0.0,0.0,VN,IDS 1
27491,0.0,0.0,VN,IDS 1
27492,0.0,0.0,VN,IDS 1
27494,0.0,0.0,VN,IDS 1
27497,1.0,1.0,VP,IDS 1
27498,1.0,1.0,VP,IDS 1
27499,1.0,1.0,VP,IDS 1
27500,1.0,1.0,VP,IDS 3
27501,1.0,1.0,VP,IDS 1
27513,1.0,1.0,VP,IDS 1
27514,1.0,1.0,VP,IDS 1
27515,1.0,1.0,VP,IDS 1
27516,0.0,1.0,FN,IDS 1
27517,1.0,1.0,VP,IDS 1
27518,1.0,1.0,VP,IDS 1
27519,1.0,1.0,VP,IDS 3
27521,1.0,1.0,VP,IDS 1
28421,0.0,1.0,FN,IDS 1
28422,1.0,1.0,VP,IDS 1
28425,0.0,1.0,FN,IDS 1
28426,1.0,1.0,VP,IDS 1
28428,1.0,1.0,VP,IDS 1
28610,1.0,1.0,VP,IDS 1
28611,1.0,1.0,VP,IDS 1
28613,1.0,1.0,VP,IDS 1
28615,1.0,1.0,VP,IDS 1
28616,0.0,1.0,FN,IDS 1
28618,1.0,1.0,VP,IDS 1
28621,1.0,1.0,VP,IDS 1
28622,1.0,1.0,VP,IDS 1
28624,1.0,1.0,VP,IDS 1
28626,0.0,1.0,FN,IDS 1
28627,0.0,1.0,FN,IDS 1
28629,0.0,1.0,FN,IDS 1
28630,1.0,1.0,VP,IDS 1
28632,1.0,1.0,VP,IDS 1
28633,0.0,1.0,FN,IDS 1
29015,0.0,1.0,FN,IDS 1
29016,1.0,1.0,VP,IDS 1
29017,1.0,1.0,VP,IDS 1
29019,1.0,1.0,VP,IDS 1
29020,1.0,1.0,VP,IDS 1
29023,1.0,1.0,VP,IDS 1
29024,1.0,1.0,VP,IDS 1
29026,0.0,1.0,FN,IDS 1
29028,0.0,1.0,FN,IDS 1
29030,1.0,1.0,VP,IDS 1
29033,0.0,1.0,FN,IDS 1
29036,1.0,1.0,VP,IDS 1
29037,0.0,1.0,FN,IDS 1
29038,1.0,1.0,VP,IDS 1
29040,1.0,1.0,VP,IDS 1
29041,1.0,1.0,VP,IDS 1
29043,1.0,1.0,VP,IDS 1
29045,1.0,1.0,VP,IDS 3
29046,1.0,1.0,VP,IDS 1
29048,1.0,1.0,VP,IDS 1
29051,1.0,1.0,VP,IDS 1
29052,1.0,1.0,VP,IDS 1
29053,0.0,1.0,FN,IDS 1
29054,1.0,1.0,VP,IDS 1
29059,0.0,1.0,FN,IDS 1
30482,2.0,2.0,VP,IDS 1
30484,2.0,2.0,VP,IDS 1
30486,2.0,2.0,VP,IDS 1
30487,2.0,2.0,VP,IDS 1
30488,2.0,2.0,VP,IDS 1
30489,2.0,2.0,VP,IDS 1
30490,2.0,2.0,VP,IDS 1
30491,2.0,2.0,VP,IDS 1
30492,2.0,2.0,VP,IDS 1
30493,2.0,2.0,VP,IDS 1
30653,2.0,2.0,VP,IDS 1
30654,2.0,2.0,VP,IDS 1
30655,2.0,2.0,VP,IDS 1
30656,2.0,2.0,VP,IDS 1
30659,2.0,2.0,VP,IDS 1
30660,2.0,2.0,VP,IDS 1
30661,2.0,2.0,VP,IDS 1
30663,2.0,2.0,VP,IDS 1
30664,2.0,2.0,VP,IDS 1
30665,2.0,2.0,VP,IDS 1
30666,2.0,2.0,VP,IDS 1
30835,2.0,2.0,VP,IDS 1
30836,2.0,2.0,VP,IDS 1
30837,2.0,2.0,VP,IDS 1
30838,2.0,2.0,VP,IDS 1
30840,2.0,2.0,VP,IDS 1
30841,2.0,2.0,VP,IDS 1
30843,2.0,2.0,VP,IDS 1
30844,2.0,2.0,VP,IDS 1
30845,2.0,2.0,VP,IDS 1
30846,2.0,2.0,VP,IDS 1
30847,2.0,2.0,VP,IDS 1
30989,2.0,2.0,VP,IDS 1
30990,2.0,2.0,VP,IDS 1
30991,2.0,2.0,VP,IDS 1
30992,2.0,2.0,VP,IDS 1
30993,2.0,2.0,VP,IDS 1
30994,2.0,2.0,VP,IDS 1
30995,2.0,2.0,VP,IDS 1
30996,2.0,2.0,VP,IDS 1
30997,2.0,2.0,VP,IDS 1
29691,0.0,1.0,FN,IDS 1
29694,1.0,1.0,VP,IDS 1
29695,1.0,1.0,VP,IDS 1
29697,1.0,1.0,VP,IDS 1
29698,1.0,1.0,VP,IDS 1
29699,1.0,1.0,VP,IDS 1
29700,1.0,1.0,VP,IDS 1
29701,0.0,1.0,FN,IDS 1
29702,1.0,1.0,VP,IDS 1
29703,0.0,1.0,FN,IDS 1
29704,1.0,1.0,VP,IDS 1
29705,0.0,1.0,FN,IDS 1
29706,1.0,1.0,VP,IDS 1
29707,1.0,1.0,VP,IDS 1
29710,1.0,1.0,VP,IDS 1
29714,1.0,1.0,VP,IDS 1
29715,1.0,1.0,VP,IDS 1
29988,1.0,1.0,VP,IDS 1
29989,1.0,1.0,VP,IDS 1
29990,1.0,1.0,VP,IDS 1
29991,1.0,1.0,VP,IDS 1
29992,1.0,1.0,VP,IDS 1
29994,1.0,1.0,VP,IDS 1
28885,0.0,1.0,FN,IDS 1
28886,1.0,1.0,VP,IDS 1
28888,1.0,1.0,VP,IDS 1
28889,1.0,1.0,VP,IDS 1
28890,0.0,1.0,FN,IDS 1
28891,1.0,1.0,VP,IDS 1
28893,0.0,1.0,FN,IDS 1
28894,1.0,1.0,VP,IDS 1
28896,1.0,1.0,VP,IDS 1
28897,1.0,1.0,VP,IDS 1
28900,1.0,1.0,VP,IDS 1
28904,0.0,1.0,FN,IDS 1
28905,1.0,1.0,VP,IDS 1
28906,0.0,1.0,FN,IDS 1
28909,1.0,1.0,VP,IDS 1
28910,1.0,1.0,VP,IDS 1
28912,1.0,1.0,VP,IDS 1
28914,1.0,1.0,VP,IDS 1
28915,1.0,1.0,VP,IDS 1
28916,0.0,1.0,FN,IDS 1
32391,2.0,2.0,VP,IDS 1
32393,2.0,2.0,VP,IDS 1
32394,2.0,2.0,VP,IDS 1
32396,2.0,2.0,VP,IDS 1
32397,2.0,2.0,VP,IDS 1
32400,2.0,2.0,VP,IDS 1
32401,2.0,2.0,VP,IDS 1
32402,2.0,2.0,VP,IDS 1
32403,2.0,2.0,VP,IDS 1
32407,2.0,2.0,VP,IDS 1
32410,2.0,2.0,VP,IDS 1
32411,2.0,2.0,VP,IDS 1
32412,2.0,2.0,VP,IDS 1
32413,2.0,2.0,VP,IDS 3
32414,2.0,2.0,VP,IDS 1
32415,2.0,2.0,VP,IDS 1
32416,2.0,2.0,VP,IDS 1
32418,2.0,2.0,VP,IDS 1
32421,2.0,2.0,VP,IDS 1
29060,1.0,1.0,VP,IDS 1
29063,0.0,1.0,FN,IDS 1
29065,1.0,1.0,VP,IDS 1
29066,1.0,1.0,VP,IDS 1
29105,1.0,1.0,VP,IDS 1
29106,1.0,1.0,VP,IDS 1
29108,1.0,1.0,VP,IDS 1
29109,1.0,1.0,VP,IDS 1
29110,1.0,1.0,VP,IDS 1
29113,1.0,1.0,VP,IDS 1
29114,1.0,1.0,VP,IDS 1
29115,1.0,1.0,VP,IDS 1
29116,0.0,1.0,FN,IDS 1
29117,1.0,1.0,VP,IDS 1
29118,1.0,1.0,VP,IDS 1
29121,1.0,1.0,VP,IDS 1
29122,1.0,1.0,VP,IDS 1
29123,0.0,1.0,FN,IDS 1
29124,1.0,1.0,VP,IDS 1
29125,1.0,1.0,VP,IDS 1
29129,1.0,1.0,VP,IDS 1
29130,1.0,1.0,VP,IDS 1
29131,1.0,1.0,VP,IDS 1
29134,1.0,1.0,VP,IDS 1
26857,0.0,0.0,VN,IDS 1
26858,0.0,0.0,VN,IDS 1
26859,0.0,0.0,VN,IDS 1
26861,0.0,0.0,VN,IDS 1
26862,0.0,0.0,VN,IDS 1
26864,0.0,0.0,VN,IDS 1
26865,0.0,0.0,VN,IDS 1
26866,0.0,0.0,VN,IDS 1
26868,0.0,0.0,VN,IDS 1
26869,0.0,0.0,VN,IDS 1
26870,0.0,0.0,VN,IDS 1
26871,0.0,0.0,VN,IDS 1
26873,0.0,0.0,VN,IDS 1
26876,0.0,0.0,VN,IDS 1
26879,0.0,0.0,VN,IDS 1
26880,0.0,0.0,VN,IDS 3
26881,0.0,0.0,VN,IDS 1
26882,0.0,0.0,VN,IDS 1
26885,0.0,0.0,VN,IDS 1
26888,0.0,0.0,VN,IDS 1
26890,0.0,0.0,VN,IDS 1
26891,0.0,0.0,VN,IDS 1
26892,0.0,0.0,VN,IDS 1
26893,0.0,0.0,VN,IDS 1
26894,0.0,0.0,VN,IDS 1
26895,0.0,0.0,VN,IDS 1
27106,0.0,0.0,VN,IDS 1
27107,0.0,0.0,VN,IDS 1
27108,0.0,0.0,VN,IDS 1
27109,0.0,0.0,VN,IDS 1
27110,0.0,0.0,VN,IDS 1
27111,0.0,0.0,VN,IDS 1
27112,0.0,0.0,VN,IDS 1
27113,0.0,0.0,VN,IDS 1
27117,0.0,0.0,VN,IDS 1
27118,0.0,0.0,VN,IDS 1
27121,0.0,0.0,VN,IDS 1
27122,0.0,0.0,VN,IDS 1
27124,0.0,0.0,VN,IDS 1
27125,0.0,0.0,VN,IDS 1
27156,0.0,0.0,VN,IDS 1
27157,0.0,0.0,VN,IDS 1
27158,0.0,0.0,VN,IDS 1
27159,1.0,0.0,FP,IDS 1
27161,0.0,0.0,VN,IDS 1
27163,0.0,0.0,VN,IDS 1
27164,0.0,0.0,VN,IDS 1
27165,0.0,0.0,VN,IDS 1
27167,0.0,0.0,VN,IDS 1
27169,0.0,0.0,VN,IDS 1
27170,0.0,0.0,VN,IDS 1
27171,0.0,0.0,VN,IDS 1
27175,0.0,0.0,VN,IDS 1
27178,0.0,0.0,VN,IDS 1
27180,0.0,0.0,VN,IDS 1
27523,1.0,1.0,VP,IDS 1
27524,1.0,1.0,VP,IDS 1
27530,1.0,1.0,VP,IDS 1
27531,1.0,1.0,VP,IDS 1
27534,1.0,1.0,VP,IDS 1
27536,1.0,1.0,VP,IDS 3
27537,1.0,1.0,VP,IDS 1
27538,1.0,1.0,VP,IDS 1
27540,1.0,1.0,VP,IDS 1
27542,0.0,1.0,FN,IDS 1
27543,0.0,1.0,FN,IDS 1
27695,1.0,1.0,VP,IDS 1
27697,1.0,1.0,VP,IDS 1
27700,1.0,1.0,VP,IDS 1
27701,1.0,1.0,VP,IDS 1
27703,1.0,1.0,VP,IDS 1
27707,1.0,1.0,VP,IDS 1
27708,1.0,1.0,VP,IDS 1
27709,1.0,1.0,VP,IDS 1
27710,1.0,1.0,VP,IDS 1
27711,1.0,1.0,VP,IDS 1
27714,1.0,1.0,VP,IDS 1
27715,0.0,1.0,FN,IDS 1
27716,1.0,1.0,VP,IDS 1
27717,1.0,1.0,VP,IDS 1
27718,0.0,1.0,FN,IDS 1
27721,1.0,1.0,VP,IDS 1
27722,0.0,1.0,FN,IDS 1
27729,0.0,1.0,FN,IDS 1
27731,1.0,1.0,VP,IDS 1
27734,0.0,1.0,FN,IDS 1
27736,1.0,1.0,VP,IDS 1
27737,1.0,1.0,VP,IDS 1
27818,1.0,1.0,VP,IDS 1
27820,1.0,1.0,VP,IDS 1
27821,0.0,1.0,FN,IDS 1
27822,1.0,1.0,VP,IDS 1
27823,1.0,1.0,VP,IDS 1
27824,1.0,1.0,VP,IDS 3
27826,1.0,1.0,VP,IDS 1
27827,1.0,1.0,VP,IDS 1
27829,0.0,1.0,FN,IDS 1
27831,1.0,1.0,VP,IDS 1
27832,1.0,1.0,VP,IDS 1
27834,1.0,1.0,VP,IDS 1
27837,1.0,1.0,VP,IDS 1
27839,1.0,1.0,VP,IDS 1
27840,1.0,1.0,VP,IDS 3
27842,1.0,1.0,VP,IDS 1
27844,1.0,1.0,VP,IDS 1
27845,1.0,1.0,VP,IDS 1
27849,1.0,1.0,VP,IDS 1
27850,1.0,1.0,VP,IDS 1
27851,1.0,1.0,VP,IDS 1
28279,1.0,1.0,VP,IDS 1
28280,0.0,1.0,FN,IDS 1
28281,1.0,1.0,VP,IDS 3
28282,1.0,1.0,VP,IDS 1
28283,1.0,1.0,VP,IDS 1
28286,1.0,1.0,VP,IDS 1
28289,0.0,1.0,FN,IDS 1
28294,0.0,1.0,FN,IDS 1
28296,1.0,1.0,VP,IDS 1
28297,0.0,1.0,FN,IDS 1
28298,0.0,1.0,FN,IDS 1
29570,1.0,1.0,VP,IDS 1
28299,1.0,1.0,VP,IDS 1
28300,1.0,1.0,VP,IDS 3
28301,1.0,1.0,VP,IDS 1
29571,0.0,1.0,FN,IDS 1
28303,1.0,1.0,VP,IDS 1
29573,0.0,1.0,FN,IDS 1
29574,0.0,1.0,FN,IDS 1
28305,1.0,1.0,VP,IDS 1
29575,1.0,1.0,VP,IDS 1
28306,1.0,1.0,VP,IDS 1
29576,1.0,1.0,VP,IDS 1
28309,1.0,1.0,VP,IDS 1
28310,1.0,1.0,VP,IDS 1
29577,1.0,1.0,VP,IDS 1
29578,0.0,1.0,FN,IDS 1
29579,1.0,1.0,VP,IDS 1
28311,0.0,1.0,FN,IDS 1
28314,1.0,1.0,VP,IDS 1
28316,1.0,1.0,VP,IDS 1
29580,1.0,1.0,VP,IDS 1
28317,1.0,1.0,VP,IDS 1
29582,1.0,1.0,VP,IDS 1
28318,0.0,1.0,FN,IDS 1
29583,1.0,1.0,VP,IDS 1
28321,0.0,1.0,FN,IDS 1
28324,1.0,1.0,VP,IDS 1
29584,1.0,1.0,VP,IDS 1
28325,0.0,1.0,FN,IDS 1
29585,1.0,1.0,VP,IDS 1
28326,1.0,1.0,VP,IDS 1
29588,1.0,1.0,VP,IDS 1
28327,1.0,1.0,VP,IDS 1
29590,1.0,1.0,VP,IDS 1
28328,1.0,1.0,VP,IDS 1
28329,0.0,1.0,FN,IDS 1
28331,1.0,1.0,VP,IDS 1
28332,1.0,1.0,VP,IDS 1
28333,0.0,1.0,FN,IDS 1
28339,1.0,1.0,VP,IDS 1
29591,1.0,1.0,VP,IDS 1
29995,0.0,1.0,FN,IDS 1
29996,2.0,2.0,VP,IDS 1
29998,2.0,2.0,VP,IDS 1
29999,2.0,2.0,VP,IDS 1
30000,2.0,2.0,VP,IDS 1
30002,2.0,2.0,VP,IDS 1
30003,2.0,2.0,VP,IDS 1
30004,2.0,2.0,VP,IDS 1
30005,2.0,2.0,VP,IDS 1
30006,2.0,2.0,VP,IDS 1
30007,2.0,2.0,VP,IDS 1
30009,2.0,2.0,VP,IDS 1
30013,2.0,2.0,VP,IDS 1
30014,2.0,2.0,VP,IDS 1
30015,2.0,2.0,VP,IDS 1
30094,2.0,2.0,VP,IDS 1
30095,2.0,2.0,VP,IDS 1
30096,2.0,2.0,VP,IDS 1
30097,2.0,2.0,VP,IDS 1
30098,2.0,2.0,VP,IDS 1
30100,2.0,2.0,VP,IDS 1
30101,2.0,2.0,VP,IDS 1
30102,2.0,2.0,VP,IDS 1
30103,2.0,2.0,VP,IDS 1
30104,2.0,2.0,VP,IDS 1
30105,2.0,2.0,VP,IDS 1
30106,2.0,2.0,VP,IDS 1
30108,2.0,2.0,VP,IDS 1
30109,2.0,2.0,VP,IDS 1
30110,2.0,2.0,VP,IDS 1
30111,2.0,2.0,VP,IDS 1
30112,2.0,2.0,VP,IDS 1
30113,2.0,2.0,VP,IDS 1
30114,2.0,2.0,VP,IDS 1
30115,2.0,2.0,VP,IDS 1
30116,2.0,2.0,VP,IDS 1
30118,2.0,2.0,VP,IDS 1
30119,2.0,2.0,VP,IDS 1
30120,2.0,2.0,VP,IDS 1
30121,2.0,2.0,VP,IDS 1
30123,2.0,2.0,VP,IDS 1
30125,2.0,2.0,VP,IDS 1
30126,2.0,2.0,VP,IDS 1
31673,2.0,2.0,VP,IDS 1
31674,2.0,2.0,VP,IDS 1
31675,2.0,2.0,VP,IDS 1
31677,2.0,2.0,VP,IDS 1
31678,2.0,2.0,VP,IDS 1
31680,2.0,2.0,VP,IDS 1
31681,2.0,2.0,VP,IDS 1
31682,2.0,2.0,VP,IDS 1
31683,2.0,2.0,VP,IDS 1
31685,2.0,2.0,VP,IDS 1
31686,2.0,2.0,VP,IDS 1
31688,2.0,2.0,VP,IDS 1
31689,2.0,2.0,VP,IDS 1
31692,2.0,2.0,VP,IDS 1
31693,2.0,2.0,VP,IDS 1
31694,2.0,2.0,VP,IDS 1
31695,2.0,2.0,VP,IDS 1
31697,2.0,2.0,VP,IDS 1
31698,2.0,2.0,VP,IDS 1
31699,2.0,2.0,VP,IDS 1
31700,2.0,2.0,VP,IDS 1
31701,2.0,2.0,VP,IDS 1
31702,2.0,2.0,VP,IDS 1
31703,2.0,2.0,VP,IDS 1
31838,2.0,2.0,VP,IDS 1
31841,2.0,2.0,VP,IDS 1
31842,2.0,2.0,VP,IDS 1
31843,2.0,2.0,VP,IDS 1
31844,2.0,2.0,VP,IDS 1
31846,2.0,2.0,VP,IDS 1
31847,2.0,2.0,VP,IDS 1
31848,2.0,2.0,VP,IDS 1
31851,2.0,2.0,VP,IDS 1
31853,2.0,2.0,VP,IDS 1
31855,2.0,2.0,VP,IDS 1
31856,2.0,2.0,VP,IDS 1
31857,2.0,2.0,VP,IDS 1
31858,2.0,2.0,VP,IDS 1
31859,2.0,2.0,VP,IDS 1
31861,2.0,2.0,VP,IDS 1
31862,2.0,2.0,VP,IDS 1
31864,2.0,2.0,VP,IDS 1
31866,2.0,2.0,VP,IDS 1
31867,2.0,2.0,VP,IDS 1
30437,2.0,2.0,VP,IDS 1
30438,2.0,2.0,VP,IDS 1
30439,2.0,2.0,VP,IDS 1
30440,2.0,2.0,VP,IDS 1
30441,2.0,2.0,VP,IDS 1
30442,2.0,2.0,VP,IDS 1
30443,2.0,2.0,VP,IDS 1
30444,2.0,2.0,VP,IDS 1
30445,2.0,2.0,VP,IDS 1
30446,2.0,2.0,VP,IDS 1
30447,2.0,2.0,VP,IDS 1
30448,2.0,2.0,VP,IDS 1
30449,2.0,2.0,VP,IDS 1
30450,2.0,2.0,VP,IDS 1
30451,2.0,2.0,VP,IDS 1
30452,2.0,2.0,VP,IDS 1
30453,2.0,2.0,VP,IDS 1
30455,2.0,2.0,VP,IDS 1
30456,2.0,2.0,VP,IDS 1
30457,2.0,2.0,VP,IDS 1
30458,2.0,2.0,VP,IDS 1
30459,2.0,2.0,VP,IDS 1
30460,2.0,2.0,VP,IDS 1
30462,2.0,2.0,VP,IDS 1
30463,2.0,2.0,VP,IDS 1
30464,2.0,2.0,VP,IDS 3
30465,2.0,2.0,VP,IDS 1
30467,2.0,2.0,VP,IDS 1
30468,2.0,2.0,VP,IDS 1
30469,2.0,2.0,VP,IDS 1
30470,2.0,2.0,VP,IDS 1
30471,2.0,2.0,VP,IDS 1
30472,2.0,2.0,VP,IDS 1
30473,2.0,2.0,VP,IDS 3
30474,2.0,2.0,VP,IDS 1
30475,2.0,2.0,VP,IDS 1
30476,2.0,2.0,VP,IDS 1
30477,2.0,2.0,VP,IDS 1
30478,2.0,2.0,VP,IDS 1
30479,2.0,2.0,VP,IDS 1
30480,2.0,2.0,VP,IDS 1
30481,2.0,2.0,VP,IDS 1
30802,2.0,2.0,VP,IDS 1
30803,2.0,2.0,VP,IDS 1
30804,2.0,2.0,VP,IDS 1
30805,2.0,2.0,VP,IDS 1
30833,2.0,2.0,VP,IDS 1
31246,2.0,2.0,VP,IDS 1
31247,2.0,2.0,VP,IDS 1
31248,2.0,2.0,VP,IDS 1
31250,2.0,2.0,VP,IDS 1
31251,2.0,2.0,VP,IDS 1
31252,2.0,2.0,VP,IDS 1
31253,2.0,2.0,VP,IDS 1
31254,2.0,2.0,VP,IDS 1
31255,2.0,2.0,VP,IDS 1
31256,2.0,2.0,VP,IDS 1
31258,2.0,2.0,VP,IDS 1
31260,2.0,2.0,VP,IDS 1
31261,2.0,2.0,VP,IDS 1
31262,2.0,2.0,VP,IDS 1
31263,2.0,2.0,VP,IDS 1
31348,2.0,2.0,VP,IDS 1
31349,2.0,2.0,VP,IDS 1
29664,1.0,1.0,VP,IDS 1
29665,0.0,1.0,FN,IDS 1
29666,1.0,1.0,VP,IDS 1
29667,1.0,1.0,VP,IDS 1
29668,1.0,1.0,VP,IDS 1
29669,1.0,1.0,VP,IDS 1
29670,1.0,1.0,VP,IDS 1
29671,1.0,1.0,VP,IDS 1
29672,1.0,1.0,VP,IDS 1
29673,1.0,1.0,VP,IDS 1
29675,0.0,1.0,FN,IDS 1
29677,0.0,1.0,FN,IDS 1
29679,1.0,1.0,VP,IDS 1
29680,0.0,1.0,FN,IDS 1
29681,0.0,1.0,FN,IDS 1
29690,1.0,1.0,VP,IDS 1
28340,1.0,1.0,VP,IDS 1
28341,0.0,1.0,FN,IDS 1
28345,1.0,1.0,VP,IDS 1
28347,1.0,1.0,VP,IDS 1
28389,1.0,1.0,VP,IDS 1
28390,1.0,1.0,VP,IDS 1
28391,1.0,1.0,VP,IDS 1
28392,1.0,1.0,VP,IDS 1
28395,1.0,1.0,VP,IDS 1
28396,1.0,1.0,VP,IDS 1
28397,1.0,1.0,VP,IDS 1
28398,1.0,1.0,VP,IDS 1
28399,0.0,1.0,FN,IDS 1
28400,1.0,1.0,VP,IDS 1
28403,1.0,1.0,VP,IDS 1
28409,1.0,1.0,VP,IDS 1
28412,1.0,1.0,VP,IDS 1
28414,1.0,1.0,VP,IDS 1
28416,0.0,1.0,FN,IDS 1
28417,1.0,1.0,VP,IDS 1
29839,1.0,1.0,VP,IDS 1
29845,1.0,1.0,VP,IDS 1
29847,0.0,1.0,FN,IDS 1
29851,1.0,1.0,VP,IDS 1
29852,1.0,1.0,VP,IDS 1
29853,1.0,1.0,VP,IDS 1
29856,1.0,1.0,VP,IDS 1
29857,1.0,1.0,VP,IDS 1
29858,0.0,1.0,FN,IDS 1
29859,0.0,1.0,FN,IDS 1
29860,1.0,1.0,VP,IDS 1
29862,1.0,1.0,VP,IDS 1
29864,0.0,1.0,FN,IDS 1
29865,1.0,1.0,VP,IDS 1
29870,1.0,1.0,VP,IDS 1
29871,0.0,1.0,FN,IDS 1
29872,1.0,1.0,VP,IDS 1
29877,1.0,1.0,VP,IDS 1
29879,1.0,1.0,VP,IDS 1
28741,1.0,1.0,VP,IDS 1
28743,1.0,1.0,VP,IDS 1
28744,1.0,1.0,VP,IDS 1
28746,1.0,1.0,VP,IDS 1
28751,1.0,1.0,VP,IDS 1
28752,1.0,1.0,VP,IDS 3
28861,1.0,1.0,VP,IDS 1
28862,1.0,1.0,VP,IDS 1
28864,1.0,1.0,VP,IDS 3
28868,1.0,1.0,VP,IDS 1
28869,1.0,1.0,VP,IDS 3
28870,1.0,1.0,VP,IDS 1
28871,1.0,1.0,VP,IDS 1
28872,1.0,1.0,VP,IDS 1
28874,1.0,1.0,VP,IDS 1
28876,1.0,1.0,VP,IDS 1
28877,0.0,1.0,FN,IDS 1
28878,0.0,1.0,FN,IDS 1
28880,1.0,1.0,VP,IDS 1
28881,1.0,1.0,VP,IDS 1
28884,0.0,1.0,FN,IDS 1
28917,1.0,1.0,VP,IDS 1
28918,1.0,1.0,VP,IDS 1
28921,1.0,1.0,VP,IDS 1
28923,1.0,1.0,VP,IDS 1
28924,1.0,1.0,VP,IDS 1
28927,1.0,1.0,VP,IDS 1
28928,1.0,1.0,VP,IDS 1
28988,1.0,1.0,VP,IDS 1
28990,1.0,1.0,VP,IDS 1
28993,1.0,1.0,VP,IDS 1
28995,0.0,1.0,FN,IDS 1
28996,1.0,1.0,VP,IDS 1
28997,0.0,1.0,FN,IDS 1
29001,0.0,1.0,FN,IDS 1
29003,1.0,1.0,VP,IDS 1
29004,1.0,1.0,VP,IDS 1
29005,0.0,1.0,FN,IDS 1
29009,1.0,1.0,VP,IDS 1
29010,0.0,1.0,FN,IDS 1
29014,1.0,1.0,VP,IDS 1
30411,2.0,2.0,VP,IDS 1
30412,2.0,2.0,VP,IDS 1
30413,2.0,2.0,VP,IDS 1
30415,2.0,2.0,VP,IDS 1
30416,2.0,2.0,VP,IDS 1
30417,2.0,2.0,VP,IDS 1
30419,2.0,2.0,VP,IDS 1
30420,2.0,2.0,VP,IDS 1
30422,2.0,2.0,VP,IDS 1
30423,2.0,2.0,VP,IDS 1
30424,2.0,2.0,VP,IDS 1
30425,2.0,2.0,VP,IDS 1
30426,2.0,2.0,VP,IDS 1
30427,2.0,2.0,VP,IDS 1
30429,2.0,2.0,VP,IDS 1
30430,2.0,2.0,VP,IDS 1
29139,0.0,1.0,FN,IDS 1
29343,1.0,1.0,VP,IDS 3
29344,1.0,1.0,VP,IDS 1
29346,1.0,1.0,VP,IDS 1
29347,1.0,1.0,VP,IDS 1
29348,1.0,1.0,VP,IDS 1
29351,1.0,1.0,VP,IDS 1
29352,1.0,1.0,VP,IDS 1
29353,1.0,1.0,VP,IDS 1
29354,1.0,1.0,VP,IDS 1
29355,0.0,1.0,FN,IDS 1
29357,0.0,1.0,FN,IDS 1
29358,1.0,1.0,VP,IDS 1
29359,0.0,1.0,FN,IDS 1
29360,0.0,1.0,FN,IDS 1
29361,0.0,1.0,FN,IDS 1
29362,1.0,1.0,VP,IDS 1
29364,1.0,1.0,VP,IDS 1
29366,1.0,1.0,VP,IDS 1
29367,1.0,1.0,VP,IDS 3
29368,1.0,1.0,VP,IDS 3
29370,0.0,1.0,FN,IDS 1
29371,1.0,1.0,VP,IDS 1
29373,1.0,1.0,VP,IDS 1
29375,1.0,1.0,VP,IDS 1
29376,1.0,1.0,VP,IDS 1
29378,0.0,1.0,FN,IDS 1
29379,1.0,1.0,VP,IDS 1
29381,0.0,1.0,FN,IDS 1
29382,1.0,1.0,VP,IDS 1
29383,1.0,1.0,VP,IDS 1
29384,1.0,1.0,VP,IDS 1
29385,0.0,1.0,FN,IDS 1
29387,1.0,1.0,VP,IDS 1
29388,0.0,1.0,FN,IDS 1
29389,1.0,1.0,VP,IDS 1
29390,1.0,1.0,VP,IDS 1
29392,1.0,1.0,VP,IDS 1
29393,1.0,1.0,VP,IDS 1
29394,0.0,1.0,FN,IDS 1
29395,1.0,1.0,VP,IDS 1
29396,1.0,1.0,VP,IDS 1
29397,1.0,1.0,VP,IDS 1
29400,1.0,1.0,VP,IDS 1
29401,1.0,1.0,VP,IDS 3
29402,1.0,1.0,VP,IDS 1
29404,1.0,1.0,VP,IDS 1
29405,0.0,1.0,FN,IDS 1
29407,1.0,1.0,VP,IDS 1
29408,1.0,1.0,VP,IDS 1
29409,1.0,1.0,VP,IDS 1
29410,0.0,1.0,FN,IDS 1
29412,1.0,1.0,VP,IDS 1
29413,0.0,1.0,FN,IDS 1
29415,1.0,1.0,VP,IDS 1
29418,0.0,1.0,FN,IDS 1
29420,1.0,1.0,VP,IDS 1
29421,1.0,1.0,VP,IDS 1
29423,0.0,1.0,FN,IDS 1
29425,1.0,1.0,VP,IDS 1
29426,1.0,1.0,VP,IDS 1
29427,1.0,1.0,VP,IDS 3
29428,0.0,1.0,FN,IDS 1
29431,0.0,1.0,FN,IDS 1
29433,0.0,1.0,FN,IDS 1
29435,1.0,1.0,VP,IDS 1
29436,1.0,1.0,VP,IDS 1
29438,1.0,1.0,VP,IDS 1
29439,1.0,1.0,VP,IDS 1
30807,2.0,2.0,VP,IDS 1
30808,2.0,2.0,VP,IDS 1
29440,1.0,1.0,VP,IDS 1
29441,1.0,1.0,VP,IDS 1
29442,0.0,1.0,FN,IDS 1
30810,2.0,2.0,VP,IDS 1
29443,1.0,1.0,VP,IDS 1
29446,0.0,1.0,FN,IDS 1
29448,1.0,1.0,VP,IDS 1
29449,0.0,1.0,FN,IDS 1
29486,0.0,1.0,FN,IDS 1
29487,0.0,1.0,FN,IDS 1
30811,2.0,2.0,VP,IDS 1
30812,2.0,2.0,VP,IDS 1
30813,2.0,2.0,VP,IDS 1
30814,2.0,2.0,VP,IDS 1
30816,2.0,2.0,VP,IDS 1
30817,2.0,2.0,VP,IDS 1
30818,2.0,2.0,VP,IDS 1
30819,2.0,2.0,VP,IDS 1
30821,2.0,2.0,VP,IDS 1
29490,1.0,1.0,VP,IDS 1
30822,2.0,2.0,VP,IDS 1
30823,2.0,2.0,VP,IDS 1
30824,2.0,2.0,VP,IDS 1
30825,2.0,2.0,VP,IDS 1
30826,2.0,2.0,VP,IDS 1
29491,0.0,1.0,FN,IDS 1
30828,2.0,2.0,VP,IDS 1
29493,1.0,1.0,VP,IDS 1
29494,0.0,1.0,FN,IDS 1
30829,2.0,2.0,VP,IDS 1
29497,1.0,1.0,VP,IDS 1
30830,2.0,2.0,VP,IDS 1
29499,0.0,1.0,FN,IDS 1
29500,0.0,1.0,FN,IDS 1
29502,0.0,1.0,FN,IDS 1
29503,1.0,1.0,VP,IDS 1
30831,2.0,2.0,VP,IDS 1
29504,1.0,1.0,VP,IDS 1
29505,0.0,1.0,FN,IDS 1
30998,2.0,2.0,VP,IDS 1
30999,2.0,2.0,VP,IDS 1
31000,2.0,2.0,VP,IDS 1
31004,2.0,2.0,VP,IDS 1
31006,2.0,2.0,VP,IDS 1
31007,2.0,2.0,VP,IDS 1
31008,2.0,2.0,VP,IDS 1
31009,2.0,2.0,VP,IDS 1
31010,2.0,2.0,VP,IDS 1
31011,2.0,2.0,VP,IDS 1
31012,2.0,2.0,VP,IDS 1
31013,2.0,2.0,VP,IDS 1
31014,2.0,2.0,VP,IDS 1
31015,2.0,2.0,VP,IDS 1
31016,2.0,2.0,VP,IDS 1
31018,2.0,2.0,VP,IDS 1
31019,2.0,2.0,VP,IDS 1
31020,2.0,2.0,VP,IDS 1
31022,2.0,2.0,VP,IDS 1
31024,2.0,2.0,VP,IDS 1
31025,2.0,2.0,VP,IDS 1
31026,2.0,2.0,VP,IDS 1
31027,2.0,2.0,VP,IDS 1
31028,2.0,2.0,VP,IDS 1
31029,2.0,2.0,VP,IDS 1
31030,2.0,2.0,VP,IDS 1
31031,2.0,2.0,VP,IDS 1
31168,2.0,2.0,VP,IDS 1
31169,2.0,2.0,VP,IDS 1
29956,1.0,1.0,VP,IDS 1
29957,1.0,1.0,VP,IDS 1
29958,1.0,1.0,VP,IDS 1
29959,1.0,1.0,VP,IDS 1
29960,1.0,1.0,VP,IDS 1
29961,1.0,1.0,VP,IDS 1
29962,1.0,1.0,VP,IDS 1
29963,0.0,1.0,FN,IDS 1
29965,1.0,1.0,VP,IDS 1
29968,1.0,1.0,VP,IDS 1
29969,0.0,1.0,FN,IDS 1
29972,0.0,1.0,FN,IDS 1
29973,1.0,1.0,VP,IDS 1
29974,0.0,1.0,FN,IDS 1
29979,1.0,1.0,VP,IDS 1
29980,1.0,1.0,VP,IDS 1
29981,1.0,1.0,VP,IDS 1
29983,1.0,1.0,VP,IDS 1
29984,1.0,1.0,VP,IDS 1
29985,1.0,1.0,VP,IDS 1
29986,1.0,1.0,VP,IDS 1
30127,2.0,2.0,VP,IDS 1
30128,2.0,2.0,VP,IDS 1
30129,2.0,2.0,VP,IDS 1
30130,2.0,2.0,VP,IDS 1
30131,2.0,2.0,VP,IDS 1
30132,2.0,2.0,VP,IDS 1
30133,2.0,2.0,VP,IDS 1
30134,2.0,2.0,VP,IDS 1
30135,2.0,2.0,VP,IDS 1
30136,2.0,2.0,VP,IDS 1
30137,2.0,2.0,VP,IDS 1
30138,2.0,2.0,VP,IDS 1
30139,2.0,2.0,VP,IDS 1
30140,2.0,2.0,VP,IDS 1
30142,2.0,2.0,VP,IDS 1
30197,2.0,2.0,VP,IDS 1
30198,2.0,2.0,VP,IDS 1
30199,2.0,2.0,VP,IDS 1
30201,2.0,2.0,VP,IDS 1
30202,2.0,2.0,VP,IDS 1
30206,2.0,2.0,VP,IDS 1
30207,2.0,2.0,VP,IDS 1
30208,2.0,2.0,VP,IDS 1
30209,2.0,2.0,VP,IDS 1
30212,2.0,2.0,VP,IDS 1
30213,2.0,2.0,VP,IDS 1
30216,2.0,2.0,VP,IDS 3
30217,2.0,2.0,VP,IDS 1
30218,2.0,2.0,VP,IDS 1
30220,2.0,2.0,VP,IDS 1
30221,2.0,2.0,VP,IDS 1
31634,2.0,2.0,VP,IDS 1
31635,2.0,2.0,VP,IDS 1
31636,2.0,2.0,VP,IDS 1
31637,2.0,2.0,VP,IDS 1
31638,2.0,2.0,VP,IDS 1
31639,2.0,2.0,VP,IDS 1
31640,2.0,2.0,VP,IDS 1
31641,2.0,2.0,VP,IDS 1
31642,2.0,2.0,VP,IDS 1
31643,2.0,2.0,VP,IDS 1
31644,2.0,2.0,VP,IDS 1
31645,2.0,2.0,VP,IDS 1
31646,2.0,2.0,VP,IDS 1
31647,2.0,2.0,VP,IDS 1
30222,2.0,2.0,VP,IDS 1
31648,2.0,2.0,VP,IDS 1
31649,2.0,2.0,VP,IDS 1
31651,2.0,2.0,VP,IDS 1
31652,2.0,2.0,VP,IDS 1
31653,2.0,2.0,VP,IDS 1
31654,2.0,2.0,VP,IDS 1
31655,2.0,2.0,VP,IDS 1
31656,2.0,2.0,VP,IDS 1
31657,2.0,2.0,VP,IDS 1
31658,2.0,2.0,VP,IDS 1
31660,2.0,2.0,VP,IDS 1
31661,2.0,2.0,VP,IDS 1
31662,2.0,2.0,VP,IDS 1
31664,2.0,2.0,VP,IDS 1
31665,2.0,2.0,VP,IDS 1
31666,2.0,2.0,VP,IDS 1
31667,2.0,2.0,VP,IDS 1
31668,2.0,2.0,VP,IDS 1
31669,2.0,2.0,VP,IDS 1
31671,2.0,2.0,VP,IDS 1
31672,2.0,2.0,VP,IDS 1
30223,2.0,2.0,VP,IDS 1
30224,2.0,2.0,VP,IDS 1
30225,2.0,2.0,VP,IDS 1
30226,2.0,2.0,VP,IDS 1
30227,2.0,2.0,VP,IDS 1
30228,2.0,2.0,VP,IDS 1
30229,2.0,2.0,VP,IDS 1
30230,2.0,2.0,VP,IDS 1
30231,2.0,2.0,VP,IDS 1
30232,2.0,2.0,VP,IDS 1
30233,2.0,2.0,VP,IDS 1
30234,2.0,2.0,VP,IDS 1
30235,2.0,2.0,VP,IDS 1
30404,2.0,2.0,VP,IDS 1
30405,2.0,2.0,VP,IDS 3
30406,2.0,2.0,VP,IDS 1
30408,2.0,2.0,VP,IDS 1
30409,2.0,2.0,VP,IDS 1
30410,2.0,2.0,VP,IDS 1
31868,2.0,2.0,VP,IDS 1
31869,2.0,2.0,VP,IDS 1
31870,2.0,2.0,VP,IDS 1
30667,2.0,2.0,VP,IDS 1
30668,2.0,2.0,VP,IDS 1
30670,2.0,2.0,VP,IDS 1
30671,2.0,2.0,VP,IDS 1
30672,2.0,2.0,VP,IDS 1
30674,2.0,2.0,VP,IDS 1
30675,2.0,2.0,VP,IDS 1
30677,2.0,2.0,VP,IDS 1
30678,2.0,2.0,VP,IDS 1
30679,2.0,2.0,VP,IDS 1
30680,2.0,2.0,VP,IDS 1
30681,2.0,2.0,VP,IDS 1
30682,2.0,2.0,VP,IDS 1
30683,2.0,2.0,VP,IDS 1
30684,2.0,2.0,VP,IDS 1
30685,2.0,2.0,VP,IDS 1
30686,2.0,2.0,VP,IDS 1
30687,2.0,2.0,VP,IDS 1
30688,2.0,2.0,VP,IDS 1
30689,2.0,2.0,VP,IDS 1
30690,2.0,2.0,VP,IDS 1
30691,2.0,2.0,VP,IDS 1
30783,2.0,2.0,VP,IDS 1
30785,2.0,2.0,VP,IDS 1
30786,2.0,2.0,VP,IDS 1
30787,2.0,2.0,VP,IDS 1
30788,2.0,2.0,VP,IDS 1
30789,2.0,2.0,VP,IDS 1
30790,2.0,2.0,VP,IDS 1
30791,2.0,2.0,VP,IDS 1
30792,2.0,2.0,VP,IDS 1
30793,2.0,2.0,VP,IDS 1
30795,2.0,2.0,VP,IDS 1
30796,2.0,2.0,VP,IDS 1
30798,2.0,2.0,VP,IDS 1
31032,2.0,2.0,VP,IDS 1
31033,2.0,2.0,VP,IDS 1
31035,2.0,2.0,VP,IDS 1
31037,2.0,2.0,VP,IDS 1
31040,2.0,2.0,VP,IDS 1
31041,2.0,2.0,VP,IDS 1
31042,2.0,2.0,VP,IDS 1
31043,2.0,2.0,VP,IDS 3
31152,2.0,2.0,VP,IDS 1
31153,2.0,2.0,VP,IDS 1
31155,2.0,2.0,VP,IDS 1
31156,2.0,2.0,VP,IDS 1
31157,2.0,2.0,VP,IDS 1
31158,2.0,2.0,VP,IDS 1
31159,2.0,2.0,VP,IDS 1
31160,2.0,2.0,VP,IDS 1
31162,2.0,2.0,VP,IDS 1
31163,2.0,2.0,VP,IDS 1
31164,2.0,2.0,VP,IDS 1
31165,2.0,2.0,VP,IDS 1
31167,2.0,2.0,VP,IDS 1
31368,2.0,2.0,VP,IDS 1
31369,2.0,2.0,VP,IDS 1
31370,2.0,2.0,VP,IDS 1
31371,2.0,2.0,VP,IDS 1
31533,2.0,2.0,VP,IDS 1
31534,2.0,2.0,VP,IDS 1
31535,2.0,2.0,VP,IDS 1
31536,2.0,2.0,VP,IDS 1
31537,2.0,2.0,VP,IDS 1
31538,2.0,2.0,VP,IDS 1
31539,2.0,2.0,VP,IDS 1
31540,2.0,2.0,VP,IDS 1
31541,2.0,2.0,VP,IDS 1
31542,2.0,2.0,VP,IDS 1
31543,2.0,2.0,VP,IDS 1
31544,2.0,2.0,VP,IDS 3
31547,2.0,2.0,VP,IDS 3
31548,2.0,2.0,VP,IDS 1
31549,2.0,2.0,VP,IDS 1
31551,2.0,2.0,VP,IDS 1
31552,2.0,2.0,VP,IDS 1
31553,2.0,2.0,VP,IDS 1
31555,2.0,2.0,VP,IDS 1
31556,2.0,2.0,VP,IDS 1
31557,2.0,2.0,VP,IDS 1
31871,2.0,2.0,VP,IDS 1
31874,2.0,2.0,VP,IDS 1
31875,2.0,2.0,VP,IDS 1
31876,2.0,2.0,VP,IDS 1
31877,2.0,2.0,VP,IDS 3
31878,2.0,2.0,VP,IDS 1
31879,2.0,2.0,VP,IDS 1
31880,2.0,2.0,VP,IDS 1
31881,2.0,2.0,VP,IDS 1
31883,2.0,2.0,VP,IDS 1
31884,2.0,2.0,VP,IDS 1
31885,2.0,2.0,VP,IDS 1
31886,2.0,2.0,VP,IDS 1
31887,2.0,2.0,VP,IDS 1
31889,2.0,2.0,VP,IDS 1
31890,2.0,2.0,VP,IDS 3
31891,2.0,2.0,VP,IDS 1
31892,2.0,2.0,VP,IDS 1
31893,2.0,2.0,VP,IDS 1
32005,2.0,2.0,VP,IDS 1
32006,2.0,2.0,VP,IDS 1
32007,2.0,2.0,VP,IDS 1
32010,2.0,2.0,VP,IDS 1
32011,2.0,2.0,VP,IDS 1
32013,2.0,2.0,VP,IDS 1
32014,2.0,2.0,VP,IDS 1
32015,2.0,2.0,VP,IDS 1
32016,2.0,2.0,VP,IDS 1
32017,2.0,2.0,VP,IDS 1
25293,0.0,0.0,VN,IDS 1
25294,0.0,0.0,VN,IDS 1
25295,0.0,0.0,VN,IDS 1
25296,0.0,0.0,VN,IDS 1
25298,0.0,0.0,VN,IDS 1
25299,0.0,0.0,VN,IDS 1
25300,0.0,0.0,VN,IDS 1
25302,0.0,0.0,VN,IDS 1
25304,0.0,0.0,VN,IDS 1
25340,0.0,0.0,VN,IDS 1
25341,0.0,0.0,VN,IDS 1
25343,0.0,0.0,VN,IDS 1
25345,0.0,0.0,VN,IDS 1
25347,0.0,0.0,VN,IDS 1
25348,0.0,0.0,VN,IDS 1
25350,0.0,0.0,VN,IDS 3
25352,0.0,0.0,VN,IDS 1
25353,0.0,0.0,VN,IDS 1
25355,0.0,0.0,VN,IDS 1
25356,0.0,0.0,VN,IDS 1
25359,0.0,0.0,VN,IDS 1
25360,0.0,0.0,VN,IDS 1
25361,0.0,0.0,VN,IDS 1
25362,0.0,0.0,VN,IDS 1
25364,0.0,0.0,VN,IDS 1
26108,0.0,0.0,VN,IDS 1
26109,0.0,0.0,VN,IDS 1
26110,0.0,0.0,VN,IDS 1
26111,0.0,0.0,VN,IDS 1
26114,0.0,0.0,VN,IDS 1
26115,0.0,0.0,VN,IDS 1
26116,0.0,0.0,VN,IDS 1
26149,0.0,0.0,VN,IDS 1
26150,0.0,0.0,VN,IDS 1
26151,0.0,0.0,VN,IDS 1
26152,0.0,0.0,VN,IDS 1
26153,0.0,0.0,VN,IDS 1
26154,0.0,0.0,VN,IDS 1
25759,0.0,0.0,VN,IDS 1
25760,0.0,0.0,VN,IDS 1
25763,0.0,0.0,VN,IDS 1
25764,0.0,0.0,VN,IDS 1
25765,0.0,0.0,VN,IDS 1
25768,0.0,0.0,VN,IDS 1
25769,0.0,0.0,VN,IDS 1
25770,0.0,0.0,VN,IDS 1
32018,2.0,2.0,VP,IDS 1
32019,2.0,2.0,VP,IDS 1
32021,2.0,2.0,VP,IDS 1
32022,2.0,2.0,VP,IDS 1
32023,2.0,2.0,VP,IDS 1
32024,2.0,2.0,VP,IDS 1
32025,2.0,2.0,VP,IDS 1
32026,2.0,2.0,VP,IDS 1
32027,2.0,2.0,VP,IDS 1
32028,2.0,2.0,VP,IDS 1
32029,2.0,2.0,VP,IDS 1
32030,2.0,2.0,VP,IDS 1
32031,2.0,2.0,VP,IDS 1
32032,2.0,2.0,VP,IDS 1
32033,2.0,2.0,VP,IDS 1
32034,2.0,2.0,VP,IDS 1
32037,2.0,2.0,VP,IDS 1
25082,0.0,0.0,VN,IDS 1
25083,0.0,0.0,VN,IDS 1
25084,1.0,0.0,FP,IDS 1
25085,0.0,0.0,VN,IDS 1
25086,1.0,0.0,FP,IDS 1
25087,0.0,0.0,VN,IDS 1
25088,0.0,0.0,VN,IDS 1
25089,0.0,0.0,VN,IDS 1
25091,0.0,0.0,VN,IDS 1
25092,0.0,0.0,VN,IDS 1
25093,0.0,0.0,VN,IDS 1
25094,0.0,0.0,VN,IDS 1
25095,0.0,0.0,VN,IDS 1
25097,0.0,0.0,VN,IDS 1
25098,0.0,0.0,VN,IDS 1
25099,0.0,0.0,VN,IDS 1
25100,0.0,0.0,VN,IDS 1
25101,0.0,0.0,VN,IDS 1
25102,0.0,0.0,VN,IDS 1
25103,0.0,0.0,VN,IDS 1
25105,0.0,0.0,VN,IDS 1
25106,0.0,0.0,VN,IDS 1
25141,0.0,0.0,VN,IDS 1
25142,0.0,0.0,VN,IDS 1
25143,0.0,0.0,VN,IDS 1
25144,0.0,0.0,VN,IDS 1
25149,1.0,0.0,FP,IDS 1
25150,0.0,0.0,VN,IDS 1
25153,0.0,0.0,VN,IDS 1
25154,0.0,0.0,VN,IDS 1
25155,0.0,0.0,VN,IDS 1
25157,0.0,0.0,VN,IDS 1
25159,0.0,0.0,VN,IDS 1
25161,0.0,0.0,VN,IDS 1
25165,0.0,0.0,VN,IDS 1
25166,0.0,0.0,VN,IDS 1
25167,0.0,0.0,VN,IDS 1
25168,0.0,0.0,VN,IDS 1
25170,0.0,0.0,VN,IDS 1
25171,0.0,0.0,VN,IDS 1
25172,0.0,0.0,VN,IDS 1
25173,0.0,0.0,VN,IDS 1
25176,0.0,0.0,VN,IDS 1
25177,0.0,0.0,VN,IDS 1
25178,0.0,0.0,VN,IDS 1
25179,0.0,0.0,VN,IDS 1
25180,0.0,0.0,VN,IDS 1
25244,0.0,0.0,VN,IDS 1
25245,0.0,0.0,VN,IDS 1
25246,0.0,0.0,VN,IDS 1
25248,0.0,0.0,VN,IDS 1
25249,0.0,0.0,VN,IDS 1
25250,0.0,0.0,VN,IDS 1
25251,0.0,0.0,VN,IDS 1
25252,0.0,0.0,VN,IDS 1
25253,0.0,0.0,VN,IDS 1
25255,0.0,0.0,VN,IDS 1
25256,0.0,0.0,VN,IDS 1
25257,0.0,0.0,VN,IDS 1
25258,0.0,0.0,VN,IDS 1
26155,0.0,0.0,VN,IDS 1
26156,0.0,0.0,VN,IDS 1
26157,0.0,0.0,VN,IDS 1
26160,0.0,0.0,VN,IDS 1
26161,0.0,0.0,VN,IDS 1
26162,0.0,0.0,VN,IDS 1
26163,0.0,0.0,VN,IDS 1
26167,0.0,0.0,VN,IDS 1
26168,0.0,0.0,VN,IDS 1
26170,0.0,0.0,VN,IDS 1
26171,0.0,0.0,VN,IDS 1
26172,0.0,0.0,VN,IDS 1
25534,0.0,0.0,VN,IDS 1
25536,0.0,0.0,VN,IDS 1
25539,0.0,0.0,VN,IDS 1
25541,0.0,0.0,VN,IDS 3
25542,0.0,0.0,VN,IDS 1
26301,0.0,0.0,VN,IDS 1
26302,0.0,0.0,VN,IDS 1
26304,0.0,0.0,VN,IDS 1
26305,0.0,0.0,VN,IDS 1
26306,0.0,0.0,VN,IDS 1
26308,0.0,0.0,VN,IDS 1
26309,0.0,0.0,VN,IDS 1
26310,0.0,0.0,VN,IDS 1
26311,0.0,0.0,VN,IDS 1
26312,0.0,0.0,VN,IDS 1
26315,0.0,0.0,VN,IDS 1
26317,0.0,0.0,VN,IDS 1
25809,1.0,0.0,FP,IDS 1
25811,0.0,0.0,VN,IDS 1
25812,0.0,0.0,VN,IDS 1
25813,0.0,0.0,VN,IDS 1
25814,0.0,0.0,VN,IDS 1
25817,0.0,0.0,VN,IDS 1
25818,0.0,0.0,VN,IDS 1
25819,1.0,0.0,FP,IDS 1
25821,0.0,0.0,VN,IDS 1
25822,0.0,0.0,VN,IDS 1
25824,0.0,0.0,VN,IDS 1
26094,0.0,0.0,VN,IDS 1
26096,0.0,0.0,VN,IDS 1
26098,0.0,0.0,VN,IDS 1
26099,0.0,0.0,VN,IDS 1
26100,0.0,0.0,VN,IDS 1
26101,0.0,0.0,VN,IDS 1
26103,0.0,0.0,VN,IDS 1
26104,0.0,0.0,VN,IDS 1
26105,0.0,0.0,VN,IDS 1
26106,0.0,0.0,VN,IDS 1
26208,0.0,0.0,VN,IDS 1
26209,0.0,0.0,VN,IDS 1
26211,0.0,0.0,VN,IDS 1
26212,0.0,0.0,VN,IDS 1
26213,0.0,0.0,VN,IDS 1
26214,0.0,0.0,VN,IDS 1
26217,0.0,0.0,VN,IDS 1
26219,0.0,0.0,VN,IDS 1
26220,0.0,0.0,VN,IDS 1
26221,0.0,0.0,VN,IDS 1
26222,0.0,0.0,VN,IDS 1
26223,0.0,0.0,VN,IDS 1
26224,0.0,0.0,VN,IDS 1
26225,0.0,0.0,VN,IDS 1
26229,0.0,0.0,VN,IDS 1
26230,0.0,0.0,VN,IDS 1
26231,0.0,0.0,VN,IDS 1
26232,0.0,0.0,VN,IDS 1
26233,0.0,0.0,VN,IDS 1
26234,0.0,0.0,VN,IDS 1
26235,0.0,0.0,VN,IDS 1
26236,0.0,0.0,VN,IDS 1
26935,0.0,0.0,VN,IDS 1
26936,0.0,0.0,VN,IDS 1
26937,0.0,0.0,VN,IDS 1
26941,0.0,0.0,VN,IDS 1
26942,0.0,0.0,VN,IDS 1
26944,0.0,0.0,VN,IDS 1
26945,0.0,0.0,VN,IDS 1
26946,0.0,0.0,VN,IDS 1
26950,0.0,0.0,VN,IDS 1
26951,0.0,0.0,VN,IDS 1
26952,0.0,0.0,VN,IDS 1
26954,0.0,0.0,VN,IDS 1
26955,0.0,0.0,VN,IDS 1
26956,0.0,0.0,VN,IDS 1
26958,0.0,0.0,VN,IDS 1
26959,0.0,0.0,VN,IDS 1
26961,0.0,0.0,VN,IDS 1
26962,1.0,0.0,FP,IDS 1
26963,0.0,0.0,VN,IDS 1
26966,0.0,0.0,VN,IDS 1
26967,0.0,0.0,VN,IDS 1
26968,0.0,0.0,VN,IDS 1
26318,0.0,0.0,VN,IDS 1
26320,0.0,0.0,VN,IDS 1
27331,0.0,0.0,VN,IDS 1
27332,0.0,0.0,VN,IDS 1
27333,0.0,0.0,VN,IDS 1
27335,0.0,0.0,VN,IDS 1
27336,0.0,0.0,VN,IDS 1
27337,0.0,0.0,VN,IDS 1
27338,0.0,0.0,VN,IDS 1
27341,0.0,0.0,VN,IDS 1
27342,0.0,0.0,VN,IDS 1
27343,0.0,0.0,VN,IDS 1
27344,0.0,0.0,VN,IDS 1
27345,0.0,0.0,VN,IDS 1
27346,0.0,0.0,VN,IDS 1
27350,0.0,0.0,VN,IDS 1
27351,0.0,0.0,VN,IDS 1
27352,0.0,0.0,VN,IDS 1
27354,0.0,0.0,VN,IDS 1
27355,0.0,0.0,VN,IDS 1
27357,0.0,0.0,VN,IDS 1
27358,1.0,0.0,FP,IDS 1
27361,0.0,0.0,VN,IDS 1
27362,0.0,0.0,VN,IDS 1
27363,0.0,0.0,VN,IDS 1
27439,0.0,0.0,VN,IDS 1
27440,0.0,0.0,VN,IDS 1
27441,0.0,0.0,VN,IDS 1
27442,0.0,0.0,VN,IDS 1
27446,0.0,0.0,VN,IDS 1
27447,0.0,0.0,VN,IDS 1
27448,0.0,0.0,VN,IDS 1
27449,0.0,0.0,VN,IDS 1
27450,0.0,0.0,VN,IDS 1
27451,0.0,0.0,VN,IDS 1
27755,1.0,1.0,VP,IDS 1
27756,1.0,1.0,VP,IDS 1
27757,0.0,1.0,FN,IDS 1
27758,1.0,1.0,VP,IDS 1
27759,1.0,1.0,VP,IDS 1
27765,1.0,1.0,VP,IDS 1
27766,0.0,1.0,FN,IDS 1
27968,1.0,1.0,VP,IDS 1
27969,1.0,1.0,VP,IDS 1
27970,0.0,1.0,FN,IDS 1
27972,1.0,1.0,VP,IDS 3
27973,0.0,1.0,FN,IDS 1
27974,1.0,1.0,VP,IDS 1
27975,1.0,1.0,VP,IDS 3
27977,0.0,1.0,FN,IDS 1
27978,0.0,1.0,FN,IDS 1
27983,1.0,1.0,VP,IDS 1
27984,0.0,1.0,FN,IDS 1
27985,1.0,1.0,VP,IDS 3
27987,1.0,1.0,VP,IDS 1
27988,0.0,1.0,FN,IDS 1
27990,0.0,1.0,FN,IDS 1
27991,0.0,1.0,FN,IDS 1
27995,1.0,1.0,VP,IDS 1
27996,1.0,1.0,VP,IDS 1
27997,1.0,1.0,VP,IDS 3
28148,0.0,1.0,FN,IDS 1
28149,1.0,1.0,VP,IDS 1
29782,0.0,1.0,FN,IDS 1
29783,1.0,1.0,VP,IDS 1
29784,1.0,1.0,VP,IDS 1
29785,0.0,1.0,FN,IDS 1
29786,1.0,1.0,VP,IDS 1
29787,1.0,1.0,VP,IDS 1
29788,1.0,1.0,VP,IDS 1
29790,1.0,1.0,VP,IDS 1
29791,1.0,1.0,VP,IDS 1
29793,1.0,1.0,VP,IDS 1
29794,1.0,1.0,VP,IDS 1
29795,1.0,1.0,VP,IDS 1
29798,0.0,1.0,FN,IDS 1
29799,0.0,1.0,FN,IDS 1
29803,1.0,1.0,VP,IDS 1
29804,1.0,1.0,VP,IDS 1
29806,1.0,1.0,VP,IDS 1
29807,0.0,1.0,FN,IDS 1
29808,1.0,1.0,VP,IDS 1
29809,1.0,1.0,VP,IDS 1
29810,1.0,1.0,VP,IDS 1
29812,1.0,1.0,VP,IDS 1
29895,1.0,1.0,VP,IDS 1
29898,1.0,1.0,VP,IDS 1
29899,0.0,1.0,FN,IDS 1
29900,1.0,1.0,VP,IDS 1
29904,1.0,1.0,VP,IDS 1
29906,1.0,1.0,VP,IDS 1
29907,1.0,1.0,VP,IDS 3
29908,1.0,1.0,VP,IDS 1
29911,1.0,1.0,VP,IDS 1
29912,1.0,1.0,VP,IDS 3
29913,1.0,1.0,VP,IDS 1
29914,1.0,1.0,VP,IDS 1
29915,1.0,1.0,VP,IDS 1
30017,2.0,2.0,VP,IDS 1
30018,2.0,2.0,VP,IDS 1
30019,2.0,2.0,VP,IDS 1
30020,2.0,2.0,VP,IDS 1
30021,2.0,2.0,VP,IDS 1
30022,2.0,2.0,VP,IDS 1
30023,2.0,2.0,VP,IDS 1
30025,2.0,2.0,VP,IDS 1
30057,2.0,2.0,VP,IDS 1
32424,2.0,2.0,VP,IDS 1
32425,2.0,2.0,VP,IDS 1
32427,2.0,2.0,VP,IDS 1
32428,2.0,2.0,VP,IDS 1
32432,2.0,2.0,VP,IDS 1
32434,2.0,2.0,VP,IDS 1
32435,2.0,2.0,VP,IDS 1
32437,2.0,2.0,VP,IDS 1
32438,2.0,2.0,VP,IDS 1
32439,2.0,2.0,VP,IDS 1
32440,2.0,2.0,VP,IDS 1
32441,2.0,2.0,VP,IDS 1
32442,2.0,2.0,VP,IDS 1
33015,0.0,3.0,FN,IDS 1
33019,1.0,3.0,FN,IDS 1
33028,0.0,3.0,FN,IDS 1
33031,1.0,3.0,FN,IDS 1
33032,1.0,3.0,FN,IDS 1
33034,1.0,3.0,FN,IDS 1
33035,2.0,3.0,FN,IDS 1
33037,5.0,3.0,FN,IDS 1
33044,0.0,3.0,FN,IDS 1
33046,1.0,3.0,FN,IDS 1
33048,5.0,3.0,FN,IDS 1
33049,1.0,3.0,FN,IDS 1
33050,0.0,3.0,FN,IDS 1
33052,0.0,3.0,FN,IDS 1
33054,1.0,3.0,FN,IDS 1
33055,0.0,3.0,FN,IDS 1
33056,5.0,3.0,FN,IDS 1
33062,0.0,3.0,FN,IDS 1
33064,0.0,3.0,FN,IDS 1
33066,0.0,3.0,FN,IDS 1
33071,1.0,3.0,FN,IDS 1
33334,0.0,3.0,FN,IDS 1
33336,5.0,3.0,FN,IDS 1
31350,2.0,2.0,VP,IDS 1
31351,2.0,2.0,VP,IDS 1
31352,2.0,2.0,VP,IDS 1
31353,2.0,2.0,VP,IDS 1
31354,2.0,2.0,VP,IDS 1
31355,2.0,2.0,VP,IDS 1
31356,2.0,2.0,VP,IDS 1
31357,2.0,2.0,VP,IDS 1
31359,2.0,2.0,VP,IDS 1
31360,2.0,2.0,VP,IDS 1
31361,2.0,2.0,VP,IDS 1
31362,2.0,2.0,VP,IDS 1
31363,2.0,2.0,VP,IDS 1
31364,2.0,2.0,VP,IDS 1
31365,2.0,2.0,VP,IDS 1
31366,2.0,2.0,VP,IDS 1
31367,2.0,2.0,VP,IDS 1
25504,0.0,0.0,VN,IDS 1
25506,0.0,0.0,VN,IDS 1
25511,0.0,0.0,VN,IDS 1
25513,0.0,0.0,VN,IDS 1
31558,2.0,2.0,VP,IDS 1
31610,2.0,2.0,VP,IDS 1
25516,0.0,0.0,VN,IDS 1
25518,0.0,0.0,VN,IDS 1
31611,2.0,2.0,VP,IDS 1
25519,0.0,0.0,VN,IDS 1
31612,2.0,2.0,VP,IDS 1
25520,0.0,0.0,VN,IDS 1
31614,2.0,2.0,VP,IDS 1
31615,2.0,2.0,VP,IDS 1
25521,1.0,0.0,FP,IDS 1
25523,0.0,0.0,VN,IDS 1
25524,0.0,0.0,VN,IDS 1
25525,0.0,0.0,VN,IDS 1
31617,2.0,2.0,VP,IDS 1
31619,2.0,2.0,VP,IDS 1
25526,0.0,0.0,VN,IDS 1
25527,0.0,0.0,VN,IDS 1
25529,0.0,0.0,VN,IDS 1
25530,0.0,0.0,VN,IDS 1
25532,0.0,0.0,VN,IDS 1
31620,2.0,2.0,VP,IDS 1
25533,0.0,0.0,VN,IDS 1
31621,2.0,2.0,VP,IDS 1
31622,2.0,2.0,VP,IDS 1
31623,2.0,2.0,VP,IDS 1
31624,2.0,2.0,VP,IDS 1
31626,2.0,2.0,VP,IDS 1
31627,2.0,2.0,VP,IDS 1
31628,2.0,2.0,VP,IDS 1
31629,2.0,2.0,VP,IDS 1
31630,2.0,2.0,VP,IDS 1
31632,2.0,2.0,VP,IDS 1
31633,2.0,2.0,VP,IDS 1
25771,1.0,0.0,FP,IDS 1
25774,0.0,0.0,VN,IDS 1
25775,0.0,0.0,VN,IDS 1
25777,0.0,0.0,VN,IDS 1
25778,0.0,0.0,VN,IDS 1
25783,0.0,0.0,VN,IDS 1
25784,0.0,0.0,VN,IDS 1
25785,0.0,0.0,VN,IDS 1
25786,0.0,0.0,VN,IDS 1
25787,0.0,0.0,VN,IDS 1
25789,0.0,0.0,VN,IDS 1
25794,0.0,0.0,VN,IDS 1
25795,0.0,0.0,VN,IDS 1
25796,0.0,0.0,VN,IDS 1
25798,1.0,0.0,FP,IDS 1
25801,0.0,0.0,VN,IDS 1
25802,0.0,0.0,VN,IDS 1
25804,0.0,0.0,VN,IDS 1
25805,0.0,0.0,VN,IDS 1
25806,0.0,0.0,VN,IDS 1
25807,0.0,0.0,VN,IDS 1
25808,0.0,0.0,VN,IDS 1
25856,0.0,0.0,VN,IDS 1
25857,0.0,0.0,VN,IDS 1
25858,0.0,0.0,VN,IDS 1
25860,0.0,0.0,VN,IDS 1
25861,0.0,0.0,VN,IDS 1
25862,0.0,0.0,VN,IDS 1
25864,0.0,0.0,VN,IDS 1
25867,0.0,0.0,VN,IDS 1
25871,0.0,0.0,VN,IDS 1
25872,0.0,0.0,VN,IDS 1
25873,0.0,0.0,VN,IDS 1
25874,0.0,0.0,VN,IDS 1
25875,0.0,0.0,VN,IDS 1
25876,0.0,0.0,VN,IDS 1
25877,0.0,0.0,VN,IDS 1
25878,0.0,0.0,VN,IDS 1
25879,0.0,0.0,VN,IDS 1
25880,0.0,0.0,VN,IDS 1
25881,0.0,0.0,VN,IDS 1
25882,0.0,0.0,VN,IDS 1
25883,0.0,0.0,VN,IDS 1
25884,0.0,0.0,VN,IDS 1
25887,0.0,0.0,VN,IDS 1
25888,0.0,0.0,VN,IDS 1
25260,0.0,0.0,VN,IDS 1
25262,0.0,0.0,VN,IDS 1
25263,0.0,0.0,VN,IDS 1
25265,0.0,0.0,VN,IDS 1
25266,0.0,0.0,VN,IDS 1
25267,0.0,0.0,VN,IDS 1
25268,0.0,0.0,VN,IDS 1
25269,0.0,0.0,VN,IDS 1
25274,0.0,0.0,VN,IDS 1
25275,0.0,0.0,VN,IDS 1
25277,0.0,0.0,VN,IDS 1
25279,0.0,0.0,VN,IDS 1
25280,0.0,0.0,VN,IDS 1
25281,0.0,0.0,VN,IDS 1
25283,0.0,0.0,VN,IDS 1
25284,0.0,0.0,VN,IDS 1
25285,0.0,0.0,VN,IDS 1
25286,0.0,0.0,VN,IDS 1
25287,0.0,0.0,VN,IDS 1
25290,0.0,0.0,VN,IDS 1
25292,0.0,0.0,VN,IDS 1
26071,0.0,0.0,VN,IDS 1
26074,0.0,0.0,VN,IDS 1
26075,0.0,0.0,VN,IDS 1
26076,0.0,0.0,VN,IDS 1
26079,0.0,0.0,VN,IDS 1
26080,0.0,0.0,VN,IDS 1
26082,0.0,0.0,VN,IDS 1
26084,0.0,0.0,VN,IDS 1
26087,0.0,0.0,VN,IDS 1
26090,0.0,0.0,VN,IDS 1
26092,0.0,0.0,VN,IDS 1
25365,0.0,0.0,VN,IDS 1
25366,0.0,0.0,VN,IDS 1
25367,0.0,0.0,VN,IDS 1
25368,0.0,0.0,VN,IDS 1
25369,0.0,0.0,VN,IDS 1
25479,0.0,0.0,VN,IDS 1
25480,0.0,0.0,VN,IDS 1
25481,0.0,0.0,VN,IDS 1
25482,0.0,0.0,VN,IDS 1
25484,0.0,0.0,VN,IDS 1
25485,1.0,0.0,FP,IDS 1
25487,0.0,0.0,VN,IDS 1
25488,0.0,0.0,VN,IDS 1
25491,0.0,0.0,VN,IDS 1
25492,0.0,0.0,VN,IDS 1
25495,0.0,0.0,VN,IDS 1
25496,0.0,0.0,VN,IDS 1
25497,0.0,0.0,VN,IDS 1
25498,0.0,0.0,VN,IDS 1
25499,0.0,0.0,VN,IDS 1
25501,0.0,0.0,VN,IDS 1
25544,0.0,0.0,VN,IDS 1
25545,0.0,0.0,VN,IDS 1
25546,0.0,0.0,VN,IDS 1
25615,0.0,0.0,VN,IDS 1
25616,0.0,0.0,VN,IDS 1
25619,0.0,0.0,VN,IDS 1
25622,0.0,0.0,VN,IDS 1
25623,0.0,0.0,VN,IDS 1
25624,0.0,0.0,VN,IDS 1
25625,0.0,0.0,VN,IDS 1
25626,0.0,0.0,VN,IDS 1
25627,0.0,0.0,VN,IDS 1
25628,0.0,0.0,VN,IDS 1
25631,0.0,0.0,VN,IDS 1
25632,0.0,0.0,VN,IDS 1
25633,0.0,0.0,VN,IDS 1
25634,0.0,0.0,VN,IDS 1
25635,0.0,0.0,VN,IDS 1
25637,0.0,0.0,VN,IDS 1
25638,1.0,0.0,FP,IDS 1
25639,0.0,0.0,VN,IDS 1
25642,0.0,0.0,VN,IDS 1
26322,0.0,0.0,VN,IDS 1
25644,0.0,0.0,VN,IDS 1
26324,0.0,0.0,VN,IDS 1
25645,0.0,0.0,VN,IDS 1
26326,1.0,0.0,FP,IDS 1
25646,0.0,0.0,VN,IDS 1
26327,0.0,0.0,VN,IDS 1
26329,0.0,0.0,VN,IDS 1
26330,0.0,0.0,VN,IDS 1
26521,0.0,0.0,VN,IDS 1
26523,0.0,0.0,VN,IDS 1
26524,0.0,0.0,VN,IDS 1
26525,0.0,0.0,VN,IDS 1
26526,0.0,0.0,VN,IDS 1
26527,0.0,0.0,VN,IDS 1
26528,0.0,0.0,VN,IDS 1
26529,0.0,0.0,VN,IDS 1
26531,0.0,0.0,VN,IDS 1
26532,0.0,0.0,VN,IDS 1
26534,0.0,0.0,VN,IDS 1
26535,0.0,0.0,VN,IDS 1
26537,0.0,0.0,VN,IDS 1
26538,0.0,0.0,VN,IDS 1
26539,1.0,0.0,FP,IDS 1
25647,0.0,0.0,VN,IDS 1
25677,1.0,0.0,FP,IDS 1
25678,0.0,0.0,VN,IDS 1
25679,0.0,0.0,VN,IDS 1
25680,0.0,0.0,VN,IDS 1
25685,0.0,0.0,VN,IDS 1
25686,0.0,0.0,VN,IDS 1
25687,0.0,0.0,VN,IDS 1
25688,0.0,0.0,VN,IDS 1
25690,0.0,0.0,VN,IDS 1
25691,0.0,0.0,VN,IDS 1
26540,0.0,0.0,VN,IDS 1
25692,0.0,0.0,VN,IDS 1
25693,0.0,0.0,VN,IDS 1
25696,0.0,0.0,VN,IDS 1
25697,1.0,0.0,FP,IDS 1
25700,0.0,0.0,VN,IDS 1
25702,0.0,0.0,VN,IDS 1
25704,0.0,0.0,VN,IDS 1
25705,0.0,0.0,VN,IDS 1
25706,0.0,0.0,VN,IDS 1
25707,0.0,0.0,VN,IDS 1
25708,0.0,0.0,VN,IDS 1
25709,0.0,0.0,VN,IDS 1
25743,0.0,0.0,VN,IDS 1
25744,0.0,0.0,VN,IDS 1
25746,1.0,0.0,FP,IDS 1
25748,0.0,0.0,VN,IDS 1
25749,0.0,0.0,VN,IDS 1
25752,0.0,0.0,VN,IDS 1
25754,0.0,0.0,VN,IDS 1
25755,0.0,0.0,VN,IDS 1
25757,0.0,0.0,VN,IDS 1
26541,0.0,0.0,VN,IDS 1
26542,0.0,0.0,VN,IDS 1
26543,1.0,0.0,FP,IDS 1
26544,0.0,0.0,VN,IDS 1
26545,0.0,0.0,VN,IDS 1
25825,0.0,0.0,VN,IDS 1
25827,0.0,0.0,VN,IDS 1
25830,0.0,0.0,VN,IDS 1
25831,0.0,0.0,VN,IDS 1
25832,0.0,0.0,VN,IDS 1
25833,0.0,0.0,VN,IDS 1
25834,0.0,0.0,VN,IDS 1
25835,0.0,0.0,VN,IDS 1
25836,0.0,0.0,VN,IDS 1
25837,0.0,0.0,VN,IDS 1
25838,0.0,0.0,VN,IDS 1
25840,0.0,0.0,VN,IDS 1
25842,0.0,0.0,VN,IDS 1
25844,0.0,0.0,VN,IDS 1
25845,0.0,0.0,VN,IDS 1
25846,0.0,0.0,VN,IDS 1
25849,0.0,0.0,VN,IDS 1
25851,0.0,0.0,VN,IDS 1
25853,0.0,0.0,VN,IDS 1
25854,0.0,0.0,VN,IDS 1
25855,0.0,0.0,VN,IDS 1
25891,0.0,0.0,VN,IDS 1
25892,0.0,0.0,VN,IDS 1
25893,0.0,0.0,VN,IDS 1
25894,0.0,0.0,VN,IDS 1
25895,0.0,0.0,VN,IDS 1
25896,0.0,0.0,VN,IDS 1
25897,0.0,0.0,VN,IDS 1
25898,0.0,0.0,VN,IDS 1
25900,0.0,0.0,VN,IDS 1
25901,0.0,0.0,VN,IDS 1
25902,0.0,0.0,VN,IDS 1
25903,0.0,0.0,VN,IDS 1
25904,0.0,0.0,VN,IDS 1
25906,0.0,0.0,VN,IDS 1
25907,0.0,0.0,VN,IDS 1
25908,0.0,0.0,VN,IDS 1
25909,0.0,0.0,VN,IDS 1
26041,0.0,0.0,VN,IDS 1
26042,0.0,0.0,VN,IDS 1
26044,0.0,0.0,VN,IDS 1
26045,0.0,0.0,VN,IDS 1
26046,0.0,0.0,VN,IDS 1
26047,0.0,0.0,VN,IDS 1
26048,0.0,0.0,VN,IDS 1
26049,0.0,0.0,VN,IDS 1
26050,0.0,0.0,VN,IDS 1
26052,0.0,0.0,VN,IDS 1
26053,0.0,0.0,VN,IDS 1
26055,0.0,0.0,VN,IDS 1
26061,0.0,0.0,VN,IDS 1
26062,0.0,0.0,VN,IDS 1
26067,0.0,0.0,VN,IDS 1
26070,1.0,0.0,FP,IDS 1
26173,0.0,0.0,VN,IDS 1
26174,0.0,0.0,VN,IDS 1
26178,0.0,0.0,VN,IDS 1
26182,0.0,0.0,VN,IDS 1
26184,0.0,0.0,VN,IDS 1
26185,0.0,0.0,VN,IDS 1
26186,0.0,0.0,VN,IDS 1
26187,1.0,0.0,FP,IDS 1
26189,0.0,0.0,VN,IDS 1
26190,0.0,0.0,VN,IDS 1
26192,1.0,0.0,FP,IDS 1
26194,0.0,0.0,VN,IDS 1
26196,0.0,0.0,VN,IDS 1
26198,0.0,0.0,VN,IDS 1
26199,0.0,0.0,VN,IDS 1
26202,0.0,0.0,VN,IDS 1
26203,0.0,0.0,VN,IDS 1
26204,0.0,0.0,VN,IDS 1
26205,0.0,0.0,VN,IDS 1
26206,0.0,0.0,VN,IDS 1
26207,0.0,0.0,VN,IDS 1
26237,0.0,0.0,VN,IDS 1
26240,0.0,0.0,VN,IDS 1
26241,0.0,0.0,VN,IDS 1
26242,0.0,0.0,VN,IDS 1
26243,1.0,0.0,FP,IDS 1
26244,0.0,0.0,VN,IDS 1
26246,0.0,0.0,VN,IDS 1
26247,0.0,0.0,VN,IDS 1
26248,0.0,0.0,VN,IDS 1
26253,0.0,0.0,VN,IDS 1
26254,0.0,0.0,VN,IDS 1
26257,0.0,0.0,VN,IDS 1
26260,0.0,0.0,VN,IDS 1
26263,0.0,0.0,VN,IDS 1
26264,0.0,0.0,VN,IDS 1
26265,0.0,0.0,VN,IDS 1
26266,0.0,0.0,VN,IDS 1
26268,0.0,0.0,VN,IDS 1
26269,0.0,0.0,VN,IDS 1
26270,0.0,0.0,VN,IDS 1
26300,0.0,0.0,VN,IDS 1
26546,0.0,0.0,VN,IDS 1
26548,0.0,0.0,VN,IDS 1
26549,0.0,0.0,VN,IDS 1
26550,0.0,0.0,VN,IDS 1
26589,0.0,0.0,VN,IDS 1
26590,0.0,0.0,VN,IDS 1
26591,0.0,0.0,VN,IDS 1
26592,0.0,0.0,VN,IDS 1
26593,0.0,0.0,VN,IDS 1
26594,0.0,0.0,VN,IDS 1
26595,0.0,0.0,VN,IDS 1
26596,0.0,0.0,VN,IDS 1
26597,0.0,0.0,VN,IDS 1
26598,0.0,0.0,VN,IDS 1
26599,0.0,0.0,VN,IDS 1
26600,0.0,0.0,VN,IDS 1
26601,0.0,0.0,VN,IDS 1
26604,0.0,0.0,VN,IDS 1
26605,0.0,0.0,VN,IDS 1
26606,0.0,0.0,VN,IDS 1
26607,0.0,0.0,VN,IDS 1
26608,0.0,0.0,VN,IDS 1
26609,0.0,0.0,VN,IDS 1
26610,0.0,0.0,VN,IDS 1
26612,0.0,0.0,VN,IDS 1
26615,0.0,0.0,VN,IDS 1
26616,0.0,0.0,VN,IDS 1
26617,0.0,0.0,VN,IDS 1
26619,0.0,0.0,VN,IDS 1
26621,0.0,0.0,VN,IDS 1
26622,0.0,0.0,VN,IDS 1
26623,0.0,0.0,VN,IDS 1
27767,1.0,1.0,VP,IDS 1
26624,0.0,0.0,VN,IDS 1
26626,0.0,0.0,VN,IDS 1
27768,1.0,1.0,VP,IDS 1
26627,0.0,0.0,VN,IDS 1
27775,1.0,1.0,VP,IDS 1
26628,0.0,0.0,VN,IDS 1
27776,0.0,1.0,FN,IDS 1
26629,0.0,0.0,VN,IDS 1
27779,0.0,1.0,FN,IDS 1
27881,1.0,1.0,VP,IDS 1
27884,0.0,1.0,FN,IDS 1
27885,1.0,1.0,VP,IDS 1
27887,1.0,1.0,VP,IDS 1
27891,1.0,1.0,VP,IDS 1
27892,1.0,1.0,VP,IDS 1
27893,1.0,1.0,VP,IDS 1
27895,1.0,1.0,VP,IDS 1
27896,1.0,1.0,VP,IDS 1
26630,0.0,0.0,VN,IDS 1
26632,0.0,0.0,VN,IDS 1
26633,0.0,0.0,VN,IDS 1
26634,0.0,0.0,VN,IDS 1
26635,0.0,0.0,VN,IDS 1
26636,0.0,0.0,VN,IDS 1
26637,0.0,0.0,VN,IDS 1
26638,0.0,0.0,VN,IDS 1
26640,0.0,0.0,VN,IDS 1
26641,0.0,0.0,VN,IDS 1
26644,0.0,0.0,VN,IDS 1
26647,0.0,0.0,VN,IDS 1
26649,0.0,0.0,VN,IDS 1
26650,0.0,0.0,VN,IDS 1
26652,0.0,0.0,VN,IDS 1
26653,0.0,0.0,VN,IDS 1
26655,0.0,0.0,VN,IDS 1
26656,0.0,0.0,VN,IDS 1
26657,1.0,0.0,FP,IDS 1
26658,0.0,0.0,VN,IDS 1
26659,0.0,0.0,VN,IDS 1
26744,0.0,0.0,VN,IDS 1
26745,0.0,0.0,VN,IDS 1
26746,0.0,0.0,VN,IDS 1
26747,0.0,0.0,VN,IDS 1
26749,0.0,0.0,VN,IDS 1
26750,0.0,0.0,VN,IDS 1
26752,0.0,0.0,VN,IDS 1
26753,0.0,0.0,VN,IDS 1
26754,0.0,0.0,VN,IDS 1
26755,0.0,0.0,VN,IDS 1
26758,0.0,0.0,VN,IDS 1
26759,0.0,0.0,VN,IDS 1
26760,0.0,0.0,VN,IDS 1
26761,0.0,0.0,VN,IDS 1
26762,0.0,0.0,VN,IDS 1
26765,0.0,0.0,VN,IDS 1
26766,0.0,0.0,VN,IDS 1
26902,0.0,0.0,VN,IDS 1
26903,0.0,0.0,VN,IDS 1
26904,0.0,0.0,VN,IDS 1
26905,0.0,0.0,VN,IDS 1
26906,0.0,0.0,VN,IDS 1
26908,0.0,0.0,VN,IDS 3
26909,1.0,0.0,FP,IDS 1
26910,0.0,0.0,VN,IDS 1
26911,0.0,0.0,VN,IDS 1
26914,0.0,0.0,VN,IDS 1
26916,0.0,0.0,VN,IDS 1
26917,0.0,0.0,VN,IDS 1
26918,0.0,0.0,VN,IDS 1
26919,0.0,0.0,VN,IDS 1
26921,0.0,0.0,VN,IDS 1
26922,0.0,0.0,VN,IDS 1
26923,0.0,0.0,VN,IDS 1
26924,0.0,0.0,VN,IDS 1
26929,0.0,0.0,VN,IDS 1
26930,0.0,0.0,VN,IDS 1
26931,0.0,0.0,VN,IDS 1
26932,0.0,0.0,VN,IDS 1
26933,0.0,0.0,VN,IDS 1
26934,0.0,0.0,VN,IDS 1
27004,0.0,0.0,VN,IDS 1
27005,0.0,0.0,VN,IDS 1
27231,0.0,0.0,VN,IDS 1
27232,0.0,0.0,VN,IDS 1
27233,0.0,0.0,VN,IDS 1
27235,0.0,0.0,VN,IDS 1
27236,0.0,0.0,VN,IDS 1
27237,0.0,0.0,VN,IDS 1
27238,0.0,0.0,VN,IDS 1
27242,0.0,0.0,VN,IDS 1
28000,1.0,1.0,VP,IDS 1
27243,0.0,0.0,VN,IDS 1
27244,0.0,0.0,VN,IDS 1
27248,0.0,0.0,VN,IDS 1
27249,0.0,0.0,VN,IDS 1
27252,0.0,0.0,VN,IDS 1
27253,0.0,0.0,VN,IDS 1
27254,0.0,0.0,VN,IDS 1
27255,0.0,0.0,VN,IDS 1
27256,0.0,0.0,VN,IDS 1
27258,0.0,0.0,VN,IDS 1
27259,0.0,0.0,VN,IDS 1
27260,0.0,0.0,VN,IDS 1
27261,0.0,0.0,VN,IDS 1
27262,0.0,0.0,VN,IDS 1
27263,0.0,0.0,VN,IDS 1
27266,0.0,0.0,VN,IDS 1
27267,0.0,0.0,VN,IDS 1
27268,0.0,0.0,VN,IDS 1
27269,0.0,0.0,VN,IDS 1
27271,0.0,0.0,VN,IDS 1
27272,0.0,0.0,VN,IDS 1
27273,0.0,0.0,VN,IDS 1
27275,0.0,0.0,VN,IDS 1
28152,1.0,1.0,VP,IDS 1
28153,1.0,1.0,VP,IDS 1
28154,1.0,1.0,VP,IDS 1
28156,1.0,1.0,VP,IDS 1
28157,0.0,1.0,FN,IDS 1
28158,0.0,1.0,FN,IDS 1
28159,0.0,1.0,FN,IDS 1
28160,1.0,1.0,VP,IDS 1
28161,1.0,1.0,VP,IDS 1
28162,0.0,1.0,FN,IDS 1
28163,1.0,1.0,VP,IDS 1
28165,1.0,1.0,VP,IDS 1
28168,1.0,1.0,VP,IDS 1
28169,1.0,1.0,VP,IDS 1
28170,1.0,1.0,VP,IDS 1
28172,1.0,1.0,VP,IDS 1
28173,0.0,1.0,FN,IDS 1
27452,0.0,0.0,VN,IDS 1
27453,0.0,0.0,VN,IDS 1
27454,0.0,0.0,VN,IDS 1
27455,0.0,0.0,VN,IDS 1
27456,0.0,0.0,VN,IDS 1
27457,0.0,0.0,VN,IDS 1
27458,0.0,0.0,VN,IDS 1
28174,0.0,1.0,FN,IDS 1
27459,0.0,0.0,VN,IDS 1
28176,1.0,1.0,VP,IDS 1
28177,1.0,1.0,VP,IDS 1
27460,0.0,0.0,VN,IDS 1
28178,0.0,1.0,FN,IDS 1
27463,0.0,0.0,VN,IDS 1
27464,0.0,0.0,VN,IDS 1
27465,0.0,0.0,VN,IDS 1
27466,0.0,0.0,VN,IDS 1
27742,1.0,1.0,VP,IDS 1
27743,1.0,1.0,VP,IDS 1
27745,1.0,1.0,VP,IDS 1
27746,1.0,1.0,VP,IDS 1
27749,1.0,1.0,VP,IDS 1
27750,1.0,1.0,VP,IDS 1
27751,1.0,1.0,VP,IDS 1
27752,1.0,1.0,VP,IDS 1
27754,1.0,1.0,VP,IDS 1
27899,1.0,1.0,VP,IDS 1
27900,1.0,1.0,VP,IDS 1
27901,0.0,1.0,FN,IDS 1
27903,1.0,1.0,VP,IDS 1
27904,0.0,1.0,FN,IDS 1
27907,1.0,1.0,VP,IDS 1
27908,1.0,1.0,VP,IDS 1
27909,1.0,1.0,VP,IDS 1
27910,1.0,1.0,VP,IDS 1
27913,1.0,1.0,VP,IDS 1
27914,1.0,1.0,VP,IDS 1
27918,0.0,1.0,FN,IDS 1
27955,1.0,1.0,VP,IDS 1
27956,1.0,1.0,VP,IDS 1
27957,1.0,1.0,VP,IDS 1
27958,1.0,1.0,VP,IDS 1
27960,1.0,1.0,VP,IDS 1
27962,1.0,1.0,VP,IDS 1
27963,1.0,1.0,VP,IDS 1
27964,0.0,1.0,FN,IDS 1
27965,0.0,1.0,FN,IDS 1
28001,0.0,1.0,FN,IDS 1
28002,1.0,1.0,VP,IDS 1
28003,0.0,1.0,FN,IDS 1
28004,1.0,1.0,VP,IDS 1
28005,1.0,1.0,VP,IDS 1
28006,1.0,1.0,VP,IDS 1
28007,1.0,1.0,VP,IDS 1
28856,1.0,1.0,VP,IDS 1
28857,1.0,1.0,VP,IDS 1
28008,1.0,1.0,VP,IDS 1
28858,0.0,1.0,FN,IDS 1
28859,1.0,1.0,VP,IDS 1
28860,1.0,1.0,VP,IDS 1
28009,1.0,1.0,VP,IDS 1
28010,1.0,1.0,VP,IDS 1
28932,0.0,1.0,FN,IDS 1
28933,0.0,1.0,FN,IDS 1
28934,0.0,1.0,FN,IDS 1
28011,0.0,1.0,FN,IDS 1
28012,0.0,1.0,FN,IDS 1
28935,1.0,1.0,VP,IDS 1
28936,1.0,1.0,VP,IDS 1
28013,1.0,1.0,VP,IDS 1
28937,0.0,1.0,FN,IDS 1
28014,0.0,1.0,FN,IDS 1
28938,1.0,1.0,VP,IDS 1
28015,0.0,1.0,FN,IDS 1
28016,0.0,1.0,FN,IDS 1
28939,1.0,1.0,VP,IDS 1
28940,1.0,1.0,VP,IDS 1
28941,0.0,1.0,FN,IDS 1
28017,0.0,1.0,FN,IDS 1
28942,0.0,1.0,FN,IDS 1
28943,1.0,1.0,VP,IDS 1
28018,1.0,1.0,VP,IDS 1
28945,1.0,1.0,VP,IDS 1
28019,1.0,1.0,VP,IDS 1
28021,1.0,1.0,VP,IDS 1
28947,1.0,1.0,VP,IDS 1
28949,0.0,1.0,FN,IDS 1
28950,1.0,1.0,VP,IDS 1
28951,1.0,1.0,VP,IDS 1
28953,1.0,1.0,VP,IDS 1
28956,0.0,1.0,FN,IDS 1
28958,1.0,1.0,VP,IDS 1
28960,1.0,1.0,VP,IDS 1
28962,1.0,1.0,VP,IDS 1
28963,0.0,1.0,FN,IDS 1
28964,1.0,1.0,VP,IDS 1
28965,1.0,1.0,VP,IDS 1
28966,1.0,1.0,VP,IDS 1
28967,1.0,1.0,VP,IDS 1
28968,0.0,1.0,FN,IDS 1
28970,1.0,1.0,VP,IDS 1
28971,1.0,1.0,VP,IDS 1
28972,1.0,1.0,VP,IDS 1
28973,1.0,1.0,VP,IDS 1
28974,0.0,1.0,FN,IDS 1
28975,1.0,1.0,VP,IDS 1
28976,1.0,1.0,VP,IDS 1
28977,1.0,1.0,VP,IDS 1
28978,1.0,1.0,VP,IDS 1
28979,1.0,1.0,VP,IDS 1
28982,1.0,1.0,VP,IDS 1
28984,1.0,1.0,VP,IDS 1
28986,1.0,1.0,VP,IDS 1
28987,1.0,1.0,VP,IDS 1
29170,1.0,1.0,VP,IDS 1
29171,0.0,1.0,FN,IDS 1
29172,1.0,1.0,VP,IDS 1
29174,0.0,1.0,FN,IDS 1
29175,0.0,1.0,FN,IDS 1
29176,1.0,1.0,VP,IDS 1
29177,0.0,1.0,FN,IDS 1
29179,0.0,1.0,FN,IDS 1
29180,0.0,1.0,FN,IDS 1
29181,0.0,1.0,FN,IDS 1
29182,1.0,1.0,VP,IDS 1
29183,1.0,1.0,VP,IDS 1
29185,1.0,1.0,VP,IDS 1
29186,1.0,1.0,VP,IDS 1
28602,1.0,1.0,VP,IDS 1
32468,2.0,2.0,VP,IDS 1
32469,2.0,2.0,VP,IDS 1
32470,2.0,2.0,VP,IDS 1
32471,2.0,2.0,VP,IDS 1
32721,1.0,3.0,FN,IDS 1
32728,0.0,3.0,FN,IDS 1
32729,1.0,3.0,FN,IDS 1
32733,1.0,3.0,FN,IDS 1
32736,5.0,3.0,FN,IDS 1
32739,1.0,3.0,FN,IDS 1
32740,5.0,3.0,FN,IDS 1
32742,1.0,3.0,FN,IDS 1
32743,0.0,3.0,FN,IDS 1
32744,0.0,3.0,FN,IDS 1
29218,1.0,1.0,VP,IDS 1
29220,0.0,1.0,FN,IDS 1
29221,1.0,1.0,VP,IDS 1
29222,1.0,1.0,VP,IDS 1
29223,0.0,1.0,FN,IDS 1
29224,1.0,1.0,VP,IDS 1
29226,1.0,1.0,VP,IDS 1
29227,0.0,1.0,FN,IDS 1
29230,1.0,1.0,VP,IDS 1
29233,0.0,1.0,FN,IDS 1
29234,0.0,1.0,FN,IDS 1
29236,0.0,1.0,FN,IDS 1
29237,1.0,1.0,VP,IDS 1
29238,1.0,1.0,VP,IDS 1
29239,0.0,1.0,FN,IDS 1
29240,1.0,1.0,VP,IDS 1
29241,1.0,1.0,VP,IDS 3
29242,0.0,1.0,FN,IDS 1
29243,1.0,1.0,VP,IDS 1
29244,1.0,1.0,VP,IDS 1
29245,1.0,1.0,VP,IDS 1
29246,1.0,1.0,VP,IDS 1
29248,1.0,1.0,VP,IDS 1
29597,1.0,1.0,VP,IDS 1
29598,1.0,1.0,VP,IDS 3
29599,0.0,1.0,FN,IDS 1
29600,1.0,1.0,VP,IDS 1
29601,1.0,1.0,VP,IDS 3
29606,1.0,1.0,VP,IDS 1
29607,0.0,1.0,FN,IDS 1
29608,1.0,1.0,VP,IDS 1
29609,1.0,1.0,VP,IDS 3
29610,1.0,1.0,VP,IDS 1
29613,1.0,1.0,VP,IDS 1
29614,0.0,1.0,FN,IDS 1
29615,1.0,1.0,VP,IDS 1
29616,1.0,1.0,VP,IDS 1
29617,1.0,1.0,VP,IDS 1
29618,1.0,1.0,VP,IDS 1
29620,1.0,1.0,VP,IDS 1
29622,1.0,1.0,VP,IDS 1
29623,1.0,1.0,VP,IDS 1
29625,1.0,1.0,VP,IDS 1
29627,1.0,1.0,VP,IDS 1
29629,1.0,1.0,VP,IDS 1
29631,0.0,1.0,FN,IDS 1
29632,1.0,1.0,VP,IDS 1
29633,0.0,1.0,FN,IDS 1
29635,1.0,1.0,VP,IDS 1
29636,1.0,1.0,VP,IDS 3
29641,1.0,1.0,VP,IDS 3
29642,1.0,1.0,VP,IDS 1
30026,2.0,2.0,VP,IDS 1
30027,2.0,2.0,VP,IDS 1
30028,2.0,2.0,VP,IDS 1
30030,2.0,2.0,VP,IDS 1
30031,2.0,2.0,VP,IDS 1
32747,1.0,3.0,FN,IDS 1
32749,1.0,3.0,FN,IDS 1
32750,0.0,3.0,FN,IDS 1
32753,0.0,3.0,FN,IDS 1
32755,1.0,3.0,FN,IDS 1
32759,0.0,3.0,FN,IDS 1
32760,0.0,3.0,FN,IDS 1
32765,1.0,3.0,FN,IDS 1
32766,1.0,3.0,FN,IDS 1
32768,1.0,3.0,FN,IDS 1
32769,1.0,3.0,FN,IDS 1
32770,5.0,3.0,FN,IDS 1
32819,1.0,3.0,FN,IDS 1
32821,1.0,3.0,FN,IDS 1
32824,0.0,3.0,FN,IDS 1
32827,0.0,3.0,FN,IDS 1
32828,0.0,3.0,FN,IDS 1
32830,1.0,3.0,FN,IDS 1
32832,1.0,3.0,FN,IDS 1
32833,5.0,3.0,FN,IDS 1
33501,0.0,3.0,FN,IDS 1
33507,5.0,3.0,FN,IDS 1
33508,1.0,3.0,FN,IDS 1
33510,1.0,3.0,FN,IDS 1
33511,0.0,3.0,FN,IDS 1
33512,1.0,3.0,FN,IDS 1
33513,0.0,3.0,FN,IDS 1
33514,1.0,3.0,FN,IDS 1
33515,1.0,3.0,FN,IDS 1
33517,0.0,3.0,FN,IDS 1
33520,1.0,3.0,FN,IDS 1
33525,5.0,3.0,FN,IDS 1
33527,0.0,3.0,FN,IDS 1
33528,0.0,3.0,FN,IDS 1
33529,5.0,3.0,FN,IDS 1
33536,1.0,3.0,FN,IDS 1
33540,1.0,3.0,FN,IDS 1
33542,1.0,3.0,FN,IDS 1
26660,0.0,0.0,VN,IDS 1
26661,0.0,0.0,VN,IDS 1
26662,0.0,0.0,VN,IDS 1
26663,0.0,0.0,VN,IDS 1
26664,0.0,0.0,VN,IDS 1
26665,0.0,0.0,VN,IDS 1
26666,0.0,0.0,VN,IDS 1
26668,0.0,0.0,VN,IDS 1
26670,0.0,0.0,VN,IDS 1
26673,0.0,0.0,VN,IDS 1
26674,0.0,0.0,VN,IDS 1
26675,0.0,0.0,VN,IDS 1
26676,0.0,0.0,VN,IDS 1
26677,0.0,0.0,VN,IDS 1
26681,0.0,0.0,VN,IDS 1
26682,0.0,0.0,VN,IDS 1
26683,0.0,0.0,VN,IDS 1
26684,0.0,0.0,VN,IDS 1
26685,0.0,0.0,VN,IDS 1
26686,0.0,0.0,VN,IDS 1
26687,0.0,0.0,VN,IDS 1
26689,0.0,0.0,VN,IDS 1
26690,0.0,0.0,VN,IDS 1
26691,0.0,0.0,VN,IDS 1
26693,0.0,0.0,VN,IDS 1
26694,0.0,0.0,VN,IDS 1
26696,0.0,0.0,VN,IDS 1
26697,0.0,0.0,VN,IDS 1
26698,0.0,0.0,VN,IDS 1
26699,0.0,0.0,VN,IDS 1
26700,0.0,0.0,VN,IDS 1
26701,0.0,0.0,VN,IDS 1
26702,0.0,0.0,VN,IDS 1
26703,0.0,0.0,VN,IDS 1
26704,0.0,0.0,VN,IDS 1
26705,0.0,0.0,VN,IDS 1
26738,0.0,0.0,VN,IDS 1
26739,0.0,0.0,VN,IDS 1
26740,0.0,0.0,VN,IDS 1
26741,0.0,0.0,VN,IDS 1
26742,0.0,0.0,VN,IDS 1
26743,0.0,0.0,VN,IDS 1
26969,0.0,0.0,VN,IDS 1
26970,1.0,0.0,FP,IDS 1
26971,0.0,0.0,VN,IDS 1
26973,0.0,0.0,VN,IDS 1
26975,0.0,0.0,VN,IDS 1
26976,0.0,0.0,VN,IDS 1
26977,0.0,0.0,VN,IDS 1
26978,0.0,0.0,VN,IDS 1
26981,0.0,0.0,VN,IDS 1
26982,0.0,0.0,VN,IDS 1
26983,0.0,0.0,VN,IDS 1
26984,0.0,0.0,VN,IDS 1
26987,0.0,0.0,VN,IDS 1
26988,0.0,0.0,VN,IDS 1
26989,0.0,0.0,VN,IDS 1
26990,0.0,0.0,VN,IDS 1
26992,0.0,0.0,VN,IDS 1
26993,0.0,0.0,VN,IDS 1
26995,0.0,0.0,VN,IDS 1
26997,0.0,0.0,VN,IDS 1
26998,0.0,0.0,VN,IDS 1
27001,0.0,0.0,VN,IDS 1
27002,0.0,0.0,VN,IDS 1
27276,0.0,0.0,VN,IDS 1
27277,1.0,0.0,FP,IDS 1
27278,0.0,0.0,VN,IDS 1
27279,0.0,0.0,VN,IDS 1
27280,0.0,0.0,VN,IDS 1
27281,0.0,0.0,VN,IDS 1
27283,0.0,0.0,VN,IDS 1
27284,0.0,0.0,VN,IDS 1
27286,0.0,0.0,VN,IDS 1
27287,0.0,0.0,VN,IDS 1
27288,0.0,0.0,VN,IDS 1
27290,0.0,0.0,VN,IDS 1
27291,0.0,0.0,VN,IDS 1
27292,0.0,0.0,VN,IDS 1
27295,0.0,0.0,VN,IDS 1
27296,0.0,0.0,VN,IDS 1
27299,0.0,0.0,VN,IDS 1
27300,0.0,0.0,VN,IDS 1
27301,0.0,0.0,VN,IDS 1
27302,0.0,0.0,VN,IDS 1
27303,0.0,0.0,VN,IDS 1
27305,0.0,0.0,VN,IDS 1
27307,0.0,0.0,VN,IDS 1
27310,0.0,0.0,VN,IDS 1
27312,0.0,0.0,VN,IDS 1
27313,0.0,0.0,VN,IDS 1
27316,0.0,0.0,VN,IDS 1
27319,0.0,0.0,VN,IDS 1
27320,0.0,0.0,VN,IDS 1
27321,0.0,0.0,VN,IDS 1
27322,0.0,0.0,VN,IDS 3
27326,0.0,0.0,VN,IDS 1
27327,0.0,0.0,VN,IDS 1
27328,0.0,0.0,VN,IDS 1
27329,0.0,0.0,VN,IDS 1
27330,0.0,0.0,VN,IDS 1
28182,1.0,1.0,VP,IDS 1
28183,0.0,1.0,FN,IDS 1
28184,1.0,1.0,VP,IDS 1
28185,0.0,1.0,FN,IDS 1
28186,0.0,1.0,FN,IDS 1
28187,1.0,1.0,VP,IDS 1
28188,1.0,1.0,VP,IDS 1
28190,1.0,1.0,VP,IDS 1
28195,0.0,1.0,FN,IDS 1
28196,1.0,1.0,VP,IDS 1
28198,1.0,1.0,VP,IDS 1
28199,1.0,1.0,VP,IDS 1
28200,0.0,1.0,FN,IDS 1
28201,1.0,1.0,VP,IDS 1
28203,1.0,1.0,VP,IDS 1
28353,1.0,1.0,VP,IDS 1
28355,1.0,1.0,VP,IDS 1
28358,0.0,1.0,FN,IDS 1
28360,1.0,1.0,VP,IDS 1
28361,0.0,1.0,FN,IDS 1
28362,0.0,1.0,FN,IDS 1
28363,1.0,1.0,VP,IDS 1
28364,1.0,1.0,VP,IDS 1
28534,0.0,1.0,FN,IDS 1
28535,1.0,1.0,VP,IDS 1
28538,0.0,1.0,FN,IDS 1
28539,1.0,1.0,VP,IDS 1
28578,1.0,1.0,VP,IDS 1
28579,1.0,1.0,VP,IDS 1
28580,1.0,1.0,VP,IDS 1
28581,1.0,1.0,VP,IDS 1
28584,1.0,1.0,VP,IDS 1
28585,1.0,1.0,VP,IDS 1
28586,1.0,1.0,VP,IDS 1
28587,1.0,1.0,VP,IDS 1
28589,1.0,1.0,VP,IDS 1
28591,1.0,1.0,VP,IDS 1
28594,1.0,1.0,VP,IDS 1
28595,1.0,1.0,VP,IDS 1
28596,0.0,1.0,FN,IDS 1
28598,0.0,1.0,FN,IDS 1
28599,1.0,1.0,VP,IDS 1
28600,0.0,1.0,FN,IDS 1
28024,1.0,1.0,VP,IDS 1
28026,1.0,1.0,VP,IDS 1
28028,0.0,1.0,FN,IDS 1
28031,1.0,1.0,VP,IDS 1
28032,0.0,1.0,FN,IDS 1
28034,1.0,1.0,VP,IDS 1
28035,1.0,1.0,VP,IDS 1
28036,0.0,1.0,FN,IDS 1
28037,1.0,1.0,VP,IDS 1
28038,1.0,1.0,VP,IDS 1
28041,1.0,1.0,VP,IDS 1
28042,0.0,1.0,FN,IDS 1
28045,1.0,1.0,VP,IDS 1
28046,1.0,1.0,VP,IDS 1
28047,0.0,1.0,FN,IDS 1
28048,0.0,1.0,FN,IDS 1
28126,0.0,1.0,FN,IDS 1
29187,0.0,1.0,FN,IDS 1
29188,0.0,1.0,FN,IDS 1
29189,1.0,1.0,VP,IDS 1
29191,0.0,1.0,FN,IDS 1
29192,1.0,1.0,VP,IDS 1
29193,1.0,1.0,VP,IDS 1
29194,1.0,1.0,VP,IDS 1
29195,1.0,1.0,VP,IDS 1
29200,1.0,1.0,VP,IDS 1
29202,1.0,1.0,VP,IDS 1
29203,0.0,1.0,FN,IDS 1
28131,1.0,1.0,VP,IDS 1
28132,1.0,1.0,VP,IDS 1
28133,1.0,1.0,VP,IDS 1
29204,0.0,1.0,FN,IDS 1
29206,0.0,1.0,FN,IDS 1
29207,1.0,1.0,VP,IDS 1
29208,1.0,1.0,VP,IDS 1
29211,1.0,1.0,VP,IDS 1
29212,1.0,1.0,VP,IDS 1
29213,0.0,1.0,FN,IDS 1
29214,1.0,1.0,VP,IDS 1
28137,1.0,1.0,VP,IDS 1
28138,1.0,1.0,VP,IDS 1
28140,1.0,1.0,VP,IDS 1
28142,1.0,1.0,VP,IDS 1
28144,1.0,1.0,VP,IDS 1
28145,0.0,1.0,FN,IDS 1
28146,1.0,1.0,VP,IDS 1
29215,0.0,1.0,FN,IDS 1
29217,1.0,1.0,VP,IDS 1
28367,1.0,1.0,VP,IDS 1
28368,1.0,1.0,VP,IDS 1
28369,1.0,1.0,VP,IDS 1
28370,1.0,1.0,VP,IDS 1
28371,1.0,1.0,VP,IDS 1
28373,1.0,1.0,VP,IDS 1
28375,1.0,1.0,VP,IDS 1
28377,1.0,1.0,VP,IDS 1
28380,1.0,1.0,VP,IDS 1
28382,1.0,1.0,VP,IDS 1
28383,1.0,1.0,VP,IDS 1
28385,1.0,1.0,VP,IDS 1
28386,1.0,1.0,VP,IDS 1
28387,0.0,1.0,FN,IDS 1
28464,1.0,1.0,VP,IDS 1
28465,1.0,1.0,VP,IDS 1
28467,1.0,1.0,VP,IDS 1
28470,1.0,1.0,VP,IDS 1
28471,0.0,1.0,FN,IDS 1
28472,0.0,1.0,FN,IDS 1
28475,0.0,1.0,FN,IDS 1
28476,0.0,1.0,FN,IDS 1
28480,1.0,1.0,VP,IDS 1
28481,1.0,1.0,VP,IDS 1
28482,1.0,1.0,VP,IDS 1
28483,0.0,1.0,FN,IDS 1
28485,1.0,1.0,VP,IDS 1
28486,0.0,1.0,FN,IDS 1
28487,1.0,1.0,VP,IDS 1
28488,1.0,1.0,VP,IDS 1
28491,1.0,1.0,VP,IDS 1
28493,0.0,1.0,FN,IDS 1
28496,1.0,1.0,VP,IDS 1
28497,1.0,1.0,VP,IDS 1
28498,1.0,1.0,VP,IDS 1
28504,1.0,1.0,VP,IDS 1
28505,0.0,1.0,FN,IDS 1
28506,0.0,1.0,FN,IDS 1
28508,1.0,1.0,VP,IDS 1
28509,1.0,1.0,VP,IDS 1
28511,1.0,1.0,VP,IDS 1
28513,0.0,1.0,FN,IDS 1
28514,0.0,1.0,FN,IDS 1
28515,1.0,1.0,VP,IDS 1
28516,0.0,1.0,FN,IDS 1
28517,1.0,1.0,VP,IDS 1
28518,1.0,1.0,VP,IDS 1
28519,1.0,1.0,VP,IDS 1
28521,0.0,1.0,FN,IDS 1
28523,0.0,1.0,FN,IDS 1
28531,0.0,1.0,FN,IDS 1
28532,1.0,1.0,VP,IDS 1
28533,1.0,1.0,VP,IDS 1
30032,2.0,2.0,VP,IDS 1
30033,2.0,2.0,VP,IDS 1
28604,1.0,1.0,VP,IDS 1
30035,2.0,2.0,VP,IDS 1
30036,2.0,2.0,VP,IDS 1
30037,2.0,2.0,VP,IDS 1
30038,2.0,2.0,VP,IDS 1
30039,2.0,2.0,VP,IDS 1
30040,2.0,2.0,VP,IDS 1
30041,2.0,2.0,VP,IDS 1
30042,2.0,2.0,VP,IDS 1
30043,2.0,2.0,VP,IDS 1
30044,2.0,2.0,VP,IDS 1
30045,2.0,2.0,VP,IDS 1
30046,2.0,2.0,VP,IDS 1
30047,2.0,2.0,VP,IDS 1
30048,2.0,2.0,VP,IDS 1
30049,2.0,2.0,VP,IDS 1
30050,2.0,2.0,VP,IDS 1
30052,2.0,2.0,VP,IDS 1
30053,2.0,2.0,VP,IDS 1
30054,2.0,2.0,VP,IDS 1
30055,2.0,2.0,VP,IDS 1
30056,2.0,2.0,VP,IDS 1
28605,1.0,1.0,VP,IDS 1
28606,1.0,1.0,VP,IDS 1
28608,1.0,1.0,VP,IDS 1
28826,1.0,1.0,VP,IDS 1
28828,1.0,1.0,VP,IDS 1
28831,1.0,1.0,VP,IDS 1
28834,0.0,1.0,FN,IDS 1
34086,0.0,3.0,FN,IDS 1
34087,1.0,3.0,FN,IDS 1
34091,1.0,3.0,FN,IDS 1
34092,1.0,3.0,FN,IDS 1
34094,1.0,3.0,FN,IDS 1
34096,0.0,3.0,FN,IDS 1
34102,1.0,3.0,FN,IDS 1
34104,1.0,3.0,FN,IDS 1
34107,0.0,3.0,FN,IDS 1
34109,1.0,3.0,FN,IDS 1
34111,1.0,3.0,FN,IDS 1
34274,1.0,3.0,FN,IDS 1
35208,0.0,4.0,FN,IDS 1
35239,0.0,4.0,FN,IDS 1
35240,0.0,4.0,FN,IDS 1
35241,0.0,4.0,FN,IDS 1
35242,0.0,4.0,FN,IDS 1
35243,0.0,4.0,FN,IDS 1
35245,0.0,4.0,FN,IDS 1
35246,0.0,4.0,FN,IDS 1
35247,0.0,4.0,FN,IDS 1
35248,0.0,4.0,FN,IDS 1
35249,0.0,4.0,FN,IDS 1
35250,0.0,4.0,FN,IDS 1
35253,0.0,4.0,FN,IDS 1
35255,0.0,4.0,FN,IDS 1
35256,0.0,4.0,FN,IDS 1
35257,0.0,4.0,FN,IDS 1
35259,0.0,4.0,FN,IDS 1
35260,0.0,4.0,FN,IDS 1
35261,0.0,4.0,FN,IDS 1
35262,0.0,4.0,FN,IDS 1
35589,0.0,4.0,FN,IDS 1
35590,0.0,4.0,FN,IDS 1
35591,0.0,4.0,FN,IDS 1
28835,1.0,1.0,VP,IDS 1
28836,1.0,1.0,VP,IDS 1
28838,1.0,1.0,VP,IDS 1
28839,1.0,1.0,VP,IDS 1
28842,1.0,1.0,VP,IDS 3
28843,1.0,1.0,VP,IDS 1
28844,1.0,1.0,VP,IDS 1
28845,1.0,1.0,VP,IDS 1
28846,1.0,1.0,VP,IDS 1
28848,1.0,1.0,VP,IDS 1
28849,1.0,1.0,VP,IDS 1
28850,1.0,1.0,VP,IDS 1
28852,1.0,1.0,VP,IDS 1
32444,2.0,2.0,VP,IDS 1
32445,2.0,2.0,VP,IDS 1
32447,2.0,2.0,VP,IDS 1
32448,2.0,2.0,VP,IDS 1
32449,2.0,2.0,VP,IDS 1
32450,2.0,2.0,VP,IDS 1
32451,2.0,2.0,VP,IDS 1
32454,2.0,2.0,VP,IDS 1
32455,2.0,2.0,VP,IDS 1
32456,2.0,2.0,VP,IDS 1
32457,2.0,2.0,VP,IDS 1
32458,2.0,2.0,VP,IDS 1
32459,2.0,2.0,VP,IDS 1
32460,2.0,2.0,VP,IDS 1
32461,2.0,2.0,VP,IDS 1
32462,2.0,2.0,VP,IDS 1
32463,2.0,2.0,VP,IDS 1
32464,2.0,2.0,VP,IDS 1
32465,2.0,2.0,VP,IDS 1
32467,2.0,2.0,VP,IDS 1
33543,5.0,3.0,FN,IDS 1
33546,0.0,3.0,FN,IDS 1
33549,0.0,3.0,FN,IDS 1
33550,1.0,3.0,FN,IDS 1
29249,1.0,1.0,VP,IDS 1
33553,0.0,3.0,FN,IDS 1
29251,1.0,1.0,VP,IDS 1
33554,1.0,3.0,FN,IDS 1
29253,0.0,1.0,FN,IDS 1
33555,0.0,3.0,FN,IDS 1
29254,1.0,1.0,VP,IDS 1
29255,1.0,1.0,VP,IDS 1
33556,0.0,3.0,FN,IDS 1
29256,1.0,1.0,VP,IDS 1
29257,1.0,1.0,VP,IDS 1
33557,0.0,3.0,FN,IDS 1
29259,1.0,1.0,VP,IDS 1
33559,0.0,3.0,FN,IDS 1
33560,1.0,3.0,FN,IDS 1
29262,0.0,1.0,FN,IDS 1
29264,1.0,1.0,VP,IDS 1
33561,1.0,3.0,FN,IDS 1
29265,1.0,1.0,VP,IDS 1
29266,1.0,1.0,VP,IDS 1
29269,1.0,1.0,VP,IDS 1
33566,0.0,3.0,FN,IDS 1
33568,1.0,3.0,FN,IDS 1
29270,1.0,1.0,VP,IDS 3
29271,0.0,1.0,FN,IDS 1
33570,0.0,3.0,FN,IDS 1
29272,1.0,1.0,VP,IDS 1
33574,5.0,3.0,FN,IDS 1
29273,0.0,1.0,FN,IDS 1
29276,1.0,1.0,VP,IDS 1
33577,1.0,3.0,FN,IDS 1
29593,1.0,1.0,VP,IDS 1
33578,0.0,3.0,FN,IDS 1
29595,1.0,1.0,VP,IDS 1
33584,0.0,3.0,FN,IDS 1
33587,0.0,3.0,FN,IDS 1
33588,1.0,3.0,FN,IDS 1
33592,0.0,3.0,FN,IDS 1
33598,0.0,3.0,FN,IDS 1
33599,0.0,3.0,FN,IDS 1
33707,0.0,3.0,FN,IDS 1
33708,5.0,3.0,FN,IDS 1
33709,0.0,3.0,FN,IDS 1
33711,0.0,3.0,FN,IDS 1
33718,1.0,3.0,FN,IDS 1
33723,0.0,3.0,FN,IDS 1
33724,1.0,3.0,FN,IDS 1
29643,1.0,1.0,VP,IDS 1
29645,1.0,1.0,VP,IDS 1
29647,1.0,1.0,VP,IDS 1
29648,1.0,1.0,VP,IDS 1
29649,0.0,1.0,FN,IDS 1
33725,1.0,3.0,FN,IDS 1
33729,1.0,3.0,FN,IDS 1
33735,1.0,3.0,FN,IDS 1
33736,0.0,3.0,FN,IDS 1
33737,5.0,3.0,FN,IDS 1
33738,1.0,3.0,FN,IDS 1
33740,1.0,3.0,FN,IDS 1
33741,1.0,3.0,FN,IDS 1
33743,0.0,3.0,FN,IDS 1
33744,1.0,3.0,FN,IDS 1
33746,0.0,3.0,FN,IDS 1
33747,1.0,3.0,FN,IDS 1
29653,1.0,1.0,VP,IDS 1
29654,1.0,1.0,VP,IDS 1
29655,1.0,1.0,VP,IDS 1
29656,1.0,1.0,VP,IDS 1
29660,1.0,1.0,VP,IDS 1
29662,0.0,1.0,FN,IDS 1
29663,1.0,1.0,VP,IDS 1
29768,1.0,1.0,VP,IDS 1
29769,1.0,1.0,VP,IDS 1
29772,1.0,1.0,VP,IDS 1
29773,0.0,1.0,FN,IDS 1
29774,0.0,1.0,FN,IDS 1
29777,1.0,1.0,VP,IDS 3
29778,0.0,1.0,FN,IDS 1
29779,1.0,1.0,VP,IDS 1
29781,1.0,1.0,VP,IDS 3
29813,1.0,1.0,VP,IDS 1
29814,1.0,1.0,VP,IDS 1
29815,0.0,1.0,FN,IDS 1
29818,1.0,1.0,VP,IDS 1
29821,0.0,1.0,FN,IDS 1
29828,1.0,1.0,VP,IDS 1
34276,1.0,3.0,FN,IDS 1
34280,1.0,3.0,FN,IDS 1
34283,1.0,3.0,FN,IDS 1
34284,1.0,3.0,FN,IDS 1
34285,0.0,3.0,FN,IDS 1
34286,0.0,3.0,FN,IDS 1
34287,1.0,3.0,FN,IDS 1
34290,0.0,3.0,FN,IDS 1
29830,1.0,1.0,VP,IDS 1
29831,1.0,1.0,VP,IDS 1
29832,1.0,1.0,VP,IDS 1
29833,1.0,1.0,VP,IDS 1
29834,0.0,1.0,FN,IDS 1
29881,1.0,1.0,VP,IDS 1
29882,1.0,1.0,VP,IDS 1
29883,1.0,1.0,VP,IDS 3
29884,0.0,1.0,FN,IDS 1
29885,1.0,1.0,VP,IDS 1
29886,0.0,1.0,FN,IDS 1
29888,0.0,1.0,FN,IDS 1
29892,1.0,1.0,VP,IDS 1
29893,1.0,1.0,VP,IDS 1
29894,1.0,1.0,VP,IDS 1
34397,1.0,3.0,FN,IDS 1
34400,5.0,3.0,FN,IDS 1
34404,0.0,3.0,FN,IDS 1
34405,1.0,3.0,FN,IDS 1
34406,5.0,3.0,FN,IDS 1
34409,0.0,3.0,FN,IDS 1
34410,5.0,3.0,FN,IDS 1
34414,0.0,3.0,FN,IDS 1
34415,0.0,3.0,FN,IDS 1
34417,0.0,3.0,FN,IDS 1
34419,0.0,3.0,FN,IDS 1
34420,1.0,3.0,FN,IDS 1
34421,1.0,3.0,FN,IDS 1
34423,1.0,3.0,FN,IDS 1
34426,0.0,3.0,FN,IDS 1
34428,5.0,3.0,FN,IDS 1
34429,1.0,3.0,FN,IDS 1
34432,0.0,3.0,FN,IDS 1
34434,0.0,3.0,FN,IDS 1
34442,0.0,3.0,FN,IDS 1
34445,0.0,3.0,FN,IDS 1
34447,5.0,3.0,FN,IDS 1
34454,0.0,3.0,FN,IDS 1
34455,0.0,3.0,FN,IDS 1
34458,1.0,3.0,FN,IDS 1
32836,1.0,3.0,FN,IDS 1
32837,1.0,3.0,FN,IDS 1
32838,1.0,3.0,FN,IDS 1
32841,0.0,3.0,FN,IDS 1
32842,1.0,3.0,FN,IDS 1
32843,0.0,3.0,FN,IDS 1
32848,1.0,3.0,FN,IDS 1
32852,0.0,3.0,FN,IDS 1
32854,0.0,3.0,FN,IDS 1
32860,1.0,3.0,FN,IDS 1
32863,0.0,3.0,FN,IDS 1
32864,1.0,3.0,FN,IDS 1
32865,0.0,3.0,FN,IDS 1
32913,1.0,3.0,FN,IDS 1
32915,5.0,3.0,FN,IDS 1
32919,1.0,3.0,FN,IDS 1
32923,0.0,3.0,FN,IDS 1
32926,0.0,3.0,FN,IDS 1
32927,1.0,3.0,FN,IDS 1
32928,5.0,3.0,FN,IDS 1
32932,1.0,3.0,FN,IDS 1
32934,1.0,3.0,FN,IDS 1
32940,1.0,3.0,FN,IDS 1
32941,0.0,3.0,FN,IDS 1
32942,1.0,3.0,FN,IDS 1
32944,1.0,3.0,FN,IDS 1
32950,1.0,3.0,FN,IDS 1
32952,1.0,3.0,FN,IDS 1
32953,1.0,3.0,FN,IDS 1
32954,5.0,3.0,FN,IDS 1
32956,1.0,3.0,FN,IDS 1
32957,0.0,3.0,FN,IDS 1
32959,5.0,3.0,FN,IDS 1
32970,0.0,3.0,FN,IDS 1
32971,0.0,3.0,FN,IDS 1
33337,1.0,3.0,FN,IDS 1
33339,0.0,3.0,FN,IDS 1
33340,1.0,3.0,FN,IDS 1
33343,1.0,3.0,FN,IDS 1
33344,0.0,3.0,FN,IDS 1
33348,0.0,3.0,FN,IDS 1
33349,1.0,3.0,FN,IDS 1
33353,1.0,3.0,FN,IDS 1
33355,1.0,3.0,FN,IDS 1
33356,1.0,3.0,FN,IDS 1
33357,1.0,3.0,FN,IDS 1
33361,1.0,3.0,FN,IDS 1
33363,5.0,3.0,FN,IDS 1
33366,0.0,3.0,FN,IDS 1
33370,1.0,3.0,FN,IDS 1
33371,5.0,3.0,FN,IDS 1
33373,0.0,3.0,FN,IDS 1
33375,0.0,3.0,FN,IDS 1
33376,1.0,3.0,FN,IDS 1
33380,0.0,3.0,FN,IDS 1
33381,1.0,3.0,FN,IDS 1
33383,1.0,3.0,FN,IDS 1
33386,0.0,3.0,FN,IDS 1
33389,0.0,3.0,FN,IDS 1
33395,1.0,3.0,FN,IDS 1
33397,1.0,3.0,FN,IDS 1
33398,0.0,3.0,FN,IDS 1
33399,1.0,3.0,FN,IDS 1
33404,0.0,3.0,FN,IDS 1
33405,1.0,3.0,FN,IDS 1
33412,0.0,3.0,FN,IDS 1
33413,1.0,3.0,FN,IDS 1
33415,0.0,3.0,FN,IDS 1
33416,0.0,3.0,FN,IDS 1
33417,1.0,3.0,FN,IDS 1
33418,1.0,3.0,FN,IDS 1
33421,0.0,3.0,FN,IDS 1
33428,0.0,3.0,FN,IDS 1
33430,1.0,3.0,FN,IDS 1
33431,0.0,3.0,FN,IDS 1
33500,0.0,3.0,FN,IDS 1
33748,1.0,3.0,FN,IDS 1
33750,0.0,3.0,FN,IDS 1
33791,1.0,3.0,FN,IDS 1
33793,1.0,3.0,FN,IDS 1
33794,1.0,3.0,FN,IDS 1
33796,1.0,3.0,FN,IDS 1
33797,1.0,3.0,FN,IDS 1
33798,0.0,3.0,FN,IDS 1
33801,1.0,3.0,FN,IDS 1
33802,1.0,3.0,FN,IDS 1
33804,1.0,3.0,FN,IDS 1
33806,0.0,3.0,FN,IDS 1
33810,1.0,3.0,FN,IDS 1
33812,0.0,3.0,FN,IDS 1
33816,0.0,3.0,FN,IDS 1
33818,1.0,3.0,FN,IDS 1
33819,1.0,3.0,FN,IDS 1
33820,1.0,3.0,FN,IDS 1
33822,1.0,3.0,FN,IDS 1
33828,2.0,3.0,FN,IDS 1
33831,1.0,3.0,FN,IDS 1
33837,0.0,3.0,FN,IDS 1
33839,1.0,3.0,FN,IDS 1
33896,0.0,3.0,FN,IDS 1
33899,1.0,3.0,FN,IDS 1
33901,1.0,3.0,FN,IDS 1
33902,1.0,3.0,FN,IDS 1
33904,0.0,3.0,FN,IDS 1
33906,1.0,3.0,FN,IDS 1
33908,1.0,3.0,FN,IDS 1
33909,1.0,3.0,FN,IDS 1
33910,0.0,3.0,FN,IDS 1
33913,1.0,3.0,FN,IDS 1
33915,1.0,3.0,FN,IDS 1
33917,0.0,3.0,FN,IDS 1
33918,1.0,3.0,FN,IDS 1
33920,1.0,3.0,FN,IDS 1
33921,5.0,3.0,FN,IDS 1
33924,1.0,3.0,FN,IDS 1
33925,5.0,3.0,FN,IDS 1
33932,1.0,3.0,FN,IDS 1
33941,1.0,3.0,FN,IDS 1
33943,1.0,3.0,FN,IDS 1
33945,1.0,3.0,FN,IDS 1
34061,1.0,3.0,FN,IDS 1
34066,1.0,3.0,FN,IDS 1
34067,0.0,3.0,FN,IDS 1
34073,5.0,3.0,FN,IDS 1
34074,0.0,3.0,FN,IDS 1
34078,1.0,3.0,FN,IDS 1
34079,1.0,3.0,FN,IDS 1
34081,1.0,3.0,FN,IDS 1
34083,1.0,3.0,FN,IDS 1
34085,1.0,3.0,FN,IDS 1
34291,0.0,3.0,FN,IDS 1
34298,1.0,3.0,FN,IDS 1
34300,1.0,3.0,FN,IDS 1
34302,1.0,3.0,FN,IDS 1
34305,1.0,3.0,FN,IDS 1
34306,1.0,3.0,FN,IDS 1
34309,1.0,3.0,FN,IDS 1
34313,0.0,3.0,FN,IDS 1
34316,0.0,3.0,FN,IDS 1
34317,0.0,3.0,FN,IDS 1
34319,0.0,3.0,FN,IDS 1
34323,0.0,3.0,FN,IDS 1
34375,1.0,3.0,FN,IDS 1
34378,1.0,3.0,FN,IDS 1
34379,0.0,3.0,FN,IDS 1
34380,1.0,3.0,FN,IDS 1
34382,0.0,3.0,FN,IDS 1
34385,0.0,3.0,FN,IDS 1
34386,1.0,3.0,FN,IDS 1
34395,5.0,3.0,FN,IDS 1
34396,1.0,3.0,FN,IDS 1
35178,0.0,4.0,FN,IDS 1
35179,0.0,4.0,FN,IDS 1
35180,0.0,4.0,FN,IDS 1
35184,0.0,4.0,FN,IDS 1
35185,0.0,4.0,FN,IDS 1
35186,0.0,4.0,FN,IDS 1
35187,0.0,4.0,FN,IDS 1
35188,0.0,4.0,FN,IDS 1
35189,0.0,4.0,FN,IDS 1
35190,0.0,4.0,FN,IDS 1
35191,0.0,4.0,FN,IDS 1
35192,0.0,4.0,FN,IDS 1
35193,0.0,4.0,FN,IDS 1
35195,0.0,4.0,FN,IDS 1
35197,0.0,4.0,FN,IDS 1
35198,0.0,4.0,FN,IDS 1
35199,0.0,4.0,FN,IDS 1
35201,0.0,4.0,FN,IDS 1
35202,0.0,4.0,FN,IDS 1
35204,0.0,4.0,FN,IDS 1
35205,0.0,4.0,FN,IDS 1
35206,0.0,4.0,FN,IDS 1
35207,0.0,4.0,FN,IDS 1
35645,0.0,4.0,FN,IDS 1
35646,0.0,4.0,FN,IDS 1
35647,0.0,4.0,FN,IDS 1
35649,0.0,4.0,FN,IDS 1
35650,0.0,4.0,FN,IDS 1
30058,2.0,2.0,VP,IDS 1
30059,2.0,2.0,VP,IDS 1
30061,2.0,2.0,VP,IDS 1
30062,2.0,2.0,VP,IDS 1
30063,2.0,2.0,VP,IDS 1
30065,2.0,2.0,VP,IDS 1
30066,2.0,2.0,VP,IDS 1
30067,2.0,2.0,VP,IDS 1
30143,2.0,2.0,VP,IDS 1
30144,2.0,2.0,VP,IDS 1
30145,2.0,2.0,VP,IDS 1
30146,2.0,2.0,VP,IDS 1
30147,2.0,2.0,VP,IDS 1
30148,2.0,2.0,VP,IDS 1
30149,2.0,2.0,VP,IDS 1
30150,2.0,2.0,VP,IDS 1
35840,0.0,4.0,FN,IDS 1
35841,0.0,4.0,FN,IDS 1
35843,0.0,4.0,FN,IDS 1
35845,0.0,4.0,FN,IDS 1
35846,0.0,4.0,FN,IDS 1
35847,0.0,4.0,FN,IDS 1
35848,0.0,4.0,FN,IDS 1
35851,0.0,4.0,FN,IDS 1
35852,0.0,4.0,FN,IDS 1
35855,0.0,4.0,FN,IDS 1
35856,0.0,4.0,FN,IDS 1
35857,0.0,4.0,FN,IDS 1
35858,0.0,4.0,FN,IDS 1
35859,0.0,4.0,FN,IDS 1
35860,0.0,4.0,FN,IDS 1
35861,0.0,4.0,FN,IDS 1
35862,0.0,4.0,FN,IDS 1
35863,0.0,4.0,FN,IDS 1
35864,0.0,4.0,FN,IDS 1
35866,0.0,4.0,FN,IDS 1
35867,0.0,4.0,FN,IDS 1
35868,0.0,4.0,FN,IDS 1
35984,0.0,4.0,FN,IDS 1
35987,0.0,4.0,FN,IDS 1
35988,0.0,4.0,FN,IDS 1
35989,0.0,4.0,FN,IDS 1
35990,0.0,4.0,FN,IDS 1
35991,0.0,4.0,FN,IDS 1
35992,0.0,4.0,FN,IDS 1
35993,0.0,4.0,FN,IDS 1
35994,0.0,4.0,FN,IDS 1
35995,0.0,4.0,FN,IDS 1
35996,0.0,4.0,FN,IDS 1
35997,0.0,4.0,FN,IDS 1
35998,0.0,4.0,FN,IDS 1
35999,0.0,4.0,FN,IDS 1
36000,0.0,4.0,FN,IDS 1
36001,0.0,4.0,FN,IDS 1
36002,0.0,4.0,FN,IDS 1
36004,0.0,4.0,FN,IDS 1
36007,0.0,4.0,FN,IDS 1
36009,0.0,4.0,FN,IDS 1
36429,0.0,4.0,FN,IDS 1
36430,0.0,4.0,FN,IDS 1
36431,0.0,4.0,FN,IDS 1
36432,0.0,4.0,FN,IDS 1
36433,0.0,4.0,FN,IDS 1
36435,0.0,4.0,FN,IDS 1
36437,0.0,4.0,FN,IDS 1
36441,0.0,4.0,FN,IDS 1
36442,0.0,4.0,FN,IDS 1
36444,0.0,4.0,FN,IDS 1
36445,0.0,4.0,FN,IDS 1
36446,0.0,4.0,FN,IDS 1
36448,0.0,4.0,FN,IDS 1
36449,0.0,4.0,FN,IDS 1
36450,0.0,4.0,FN,IDS 1
36451,0.0,4.0,FN,IDS 1
36453,0.0,4.0,FN,IDS 1
36455,0.0,4.0,FN,IDS 1
36456,0.0,4.0,FN,IDS 1
36457,0.0,4.0,FN,IDS 1
36460,0.0,4.0,FN,IDS 1
36461,0.0,4.0,FN,IDS 1
36462,0.0,4.0,FN,IDS 1
36463,0.0,4.0,FN,IDS 1
36464,0.0,4.0,FN,IDS 1
36465,0.0,4.0,FN,IDS 1
36466,0.0,4.0,FN,IDS 1
36467,0.0,4.0,FN,IDS 1
36470,0.0,4.0,FN,IDS 1
36741,0.0,4.0,FN,IDS 1
36743,0.0,4.0,FN,IDS 1
36746,0.0,4.0,FN,IDS 1
36747,0.0,4.0,FN,IDS 1
36749,0.0,4.0,FN,IDS 1
36751,0.0,4.0,FN,IDS 1
36752,0.0,4.0,FN,IDS 1
36755,0.0,4.0,FN,IDS 1
36756,0.0,4.0,FN,IDS 1
36758,0.0,4.0,FN,IDS 1
36759,0.0,4.0,FN,IDS 1
36762,0.0,4.0,FN,IDS 1
36765,0.0,4.0,FN,IDS 1
36766,0.0,4.0,FN,IDS 1
36767,0.0,4.0,FN,IDS 1
36768,0.0,4.0,FN,IDS 1
36770,0.0,4.0,FN,IDS 1
36772,0.0,4.0,FN,IDS 1
36773,0.0,4.0,FN,IDS 1
36774,0.0,4.0,FN,IDS 1
36776,0.0,4.0,FN,IDS 1
37151,0.0,4.0,FN,IDS 1
37152,0.0,4.0,FN,IDS 1
37153,0.0,4.0,FN,IDS 1
37156,0.0,4.0,FN,IDS 1
37157,0.0,4.0,FN,IDS 1
37158,0.0,4.0,FN,IDS 1
37159,0.0,4.0,FN,IDS 1
37160,0.0,4.0,FN,IDS 1
37161,0.0,4.0,FN,IDS 1
37162,0.0,4.0,FN,IDS 1
37163,0.0,4.0,FN,IDS 1
37164,0.0,4.0,FN,IDS 1
37165,0.0,4.0,FN,IDS 1
37167,0.0,4.0,FN,IDS 1
37169,0.0,4.0,FN,IDS 1
37170,0.0,4.0,FN,IDS 1
37172,0.0,4.0,FN,IDS 1
37173,0.0,4.0,FN,IDS 1
37174,0.0,4.0,FN,IDS 1
37175,0.0,4.0,FN,IDS 1
37176,0.0,4.0,FN,IDS 1
37178,0.0,4.0,FN,IDS 1
37318,0.0,4.0,FN,IDS 1
37319,0.0,4.0,FN,IDS 1
37320,0.0,4.0,FN,IDS 1
37321,0.0,4.0,FN,IDS 1
37324,0.0,4.0,FN,IDS 1
37325,0.0,4.0,FN,IDS 1
37471,0.0,4.0,FN,IDS 1
32038,2.0,2.0,VP,IDS 1
32039,2.0,2.0,VP,IDS 1
32040,2.0,2.0,VP,IDS 1
32041,2.0,2.0,VP,IDS 1
32042,2.0,2.0,VP,IDS 1
32043,2.0,2.0,VP,IDS 1
32044,2.0,2.0,VP,IDS 1
32047,2.0,2.0,VP,IDS 1
32049,2.0,2.0,VP,IDS 1
32050,2.0,2.0,VP,IDS 1
32051,2.0,2.0,VP,IDS 1
32052,2.0,2.0,VP,IDS 1
34464,0.0,3.0,FN,IDS 1
34465,0.0,3.0,FN,IDS 1
34467,1.0,3.0,FN,IDS 1
34474,5.0,3.0,FN,IDS 1
34475,1.0,3.0,FN,IDS 1
34476,1.0,3.0,FN,IDS 1
34478,1.0,3.0,FN,IDS 1
34485,5.0,3.0,FN,IDS 1
34487,0.0,3.0,FN,IDS 1
37179,0.0,4.0,FN,IDS 1
37181,0.0,4.0,FN,IDS 1
37182,0.0,4.0,FN,IDS 1
37183,0.0,4.0,FN,IDS 1
37184,0.0,4.0,FN,IDS 1
37186,0.0,4.0,FN,IDS 1
37187,0.0,4.0,FN,IDS 1
34990,0.0,3.0,FN,IDS 1
34993,1.0,3.0,FN,IDS 1
34996,0.0,4.0,FN,IDS 1
34997,0.0,4.0,FN,IDS 1
34998,0.0,4.0,FN,IDS 1
35001,0.0,4.0,FN,IDS 1
35002,0.0,4.0,FN,IDS 1
35005,0.0,4.0,FN,IDS 1
35007,0.0,4.0,FN,IDS 1
35009,0.0,4.0,FN,IDS 1
35010,0.0,4.0,FN,IDS 1
35011,0.0,4.0,FN,IDS 1
35012,0.0,4.0,FN,IDS 1
35014,0.0,4.0,FN,IDS 1
35015,0.0,4.0,FN,IDS 1
35016,0.0,4.0,FN,IDS 1
35017,0.0,4.0,FN,IDS 1
35018,0.0,4.0,FN,IDS 1
35019,0.0,4.0,FN,IDS 1
35020,0.0,4.0,FN,IDS 1
35022,0.0,4.0,FN,IDS 1
37188,0.0,4.0,FN,IDS 1
37189,0.0,4.0,FN,IDS 1
37190,0.0,4.0,FN,IDS 1
37191,0.0,4.0,FN,IDS 1
37192,0.0,4.0,FN,IDS 1
37193,0.0,4.0,FN,IDS 1
37194,0.0,4.0,FN,IDS 1
37197,0.0,4.0,FN,IDS 1
37199,0.0,4.0,FN,IDS 1
37200,0.0,4.0,FN,IDS 1
37227,0.0,4.0,FN,IDS 1
35264,0.0,4.0,FN,IDS 1
35265,0.0,4.0,FN,IDS 1
35266,0.0,4.0,FN,IDS 1
35267,0.0,4.0,FN,IDS 1
35268,0.0,4.0,FN,IDS 1
35567,0.0,4.0,FN,IDS 1
35568,0.0,4.0,FN,IDS 1
35569,0.0,4.0,FN,IDS 1
37310,0.0,4.0,FN,IDS 1
37311,0.0,4.0,FN,IDS 1
37312,0.0,4.0,FN,IDS 1
37313,0.0,4.0,FN,IDS 1
37314,0.0,4.0,FN,IDS 1
37315,0.0,4.0,FN,IDS 1
37316,0.0,4.0,FN,IDS 1
37317,0.0,4.0,FN,IDS 1
35570,0.0,4.0,FN,IDS 1
35571,0.0,4.0,FN,IDS 1
35572,0.0,4.0,FN,IDS 1
35573,0.0,4.0,FN,IDS 1
35574,0.0,4.0,FN,IDS 1
35575,0.0,4.0,FN,IDS 1
35576,0.0,4.0,FN,IDS 1
35578,0.0,4.0,FN,IDS 1
35582,0.0,4.0,FN,IDS 1
35585,0.0,4.0,FN,IDS 1
35586,0.0,4.0,FN,IDS 1
35587,0.0,4.0,FN,IDS 1
30152,2.0,2.0,VP,IDS 1
30153,2.0,2.0,VP,IDS 1
30154,2.0,2.0,VP,IDS 1
30155,2.0,2.0,VP,IDS 1
30156,2.0,2.0,VP,IDS 1
30158,2.0,2.0,VP,IDS 1
30159,2.0,2.0,VP,IDS 1
30161,2.0,2.0,VP,IDS 1
30162,2.0,2.0,VP,IDS 1
30163,2.0,2.0,VP,IDS 1
30164,2.0,2.0,VP,IDS 1
30165,2.0,2.0,VP,IDS 1
30166,2.0,2.0,VP,IDS 1
30168,2.0,2.0,VP,IDS 1
30238,2.0,2.0,VP,IDS 1
30240,2.0,2.0,VP,IDS 3
30242,2.0,2.0,VP,IDS 3
30243,2.0,2.0,VP,IDS 1
35651,0.0,4.0,FN,IDS 1
35652,0.0,4.0,FN,IDS 1
35870,0.0,4.0,FN,IDS 1
35871,0.0,4.0,FN,IDS 1
35872,0.0,4.0,FN,IDS 1
35873,0.0,4.0,FN,IDS 1
35874,0.0,4.0,FN,IDS 1
35878,0.0,4.0,FN,IDS 1
35879,0.0,4.0,FN,IDS 1
35881,0.0,4.0,FN,IDS 1
35883,0.0,4.0,FN,IDS 1
35884,0.0,4.0,FN,IDS 1
35885,0.0,4.0,FN,IDS 1
35886,0.0,4.0,FN,IDS 1
35887,0.0,4.0,FN,IDS 1
35888,0.0,4.0,FN,IDS 1
35889,0.0,4.0,FN,IDS 1
35890,0.0,4.0,FN,IDS 1
35893,0.0,4.0,FN,IDS 1
35895,0.0,4.0,FN,IDS 1
35897,0.0,4.0,FN,IDS 1
35898,0.0,4.0,FN,IDS 1
35901,0.0,4.0,FN,IDS 1
36099,0.0,4.0,FN,IDS 1
36100,0.0,4.0,FN,IDS 1
36101,0.0,4.0,FN,IDS 1
36103,0.0,4.0,FN,IDS 1
36104,0.0,4.0,FN,IDS 1
36105,0.0,4.0,FN,IDS 1
36106,0.0,4.0,FN,IDS 1
36107,0.0,4.0,FN,IDS 1
36108,0.0,4.0,FN,IDS 1
36109,0.0,4.0,FN,IDS 1
36253,0.0,4.0,FN,IDS 1
36254,0.0,4.0,FN,IDS 1
36256,0.0,4.0,FN,IDS 1
36258,0.0,4.0,FN,IDS 1
36260,0.0,4.0,FN,IDS 1
36263,0.0,4.0,FN,IDS 1
36264,0.0,4.0,FN,IDS 1
36266,0.0,4.0,FN,IDS 1
36267,0.0,4.0,FN,IDS 1
36268,0.0,4.0,FN,IDS 1
36269,0.0,4.0,FN,IDS 1
36270,0.0,4.0,FN,IDS 1
36272,0.0,4.0,FN,IDS 1
36274,0.0,4.0,FN,IDS 1
36310,0.0,4.0,FN,IDS 1
36311,0.0,4.0,FN,IDS 1
36313,0.0,4.0,FN,IDS 1
36314,0.0,4.0,FN,IDS 1
36315,0.0,4.0,FN,IDS 1
36318,0.0,4.0,FN,IDS 1
36321,0.0,4.0,FN,IDS 1
36324,0.0,4.0,FN,IDS 1
36325,0.0,4.0,FN,IDS 1
36416,0.0,4.0,FN,IDS 1
36417,0.0,4.0,FN,IDS 1
36418,0.0,4.0,FN,IDS 1
36419,0.0,4.0,FN,IDS 1
36421,0.0,4.0,FN,IDS 1
36422,0.0,4.0,FN,IDS 1
36423,0.0,4.0,FN,IDS 1
36424,0.0,4.0,FN,IDS 1
36425,0.0,4.0,FN,IDS 1
36426,0.0,4.0,FN,IDS 1
36427,0.0,4.0,FN,IDS 1
36428,0.0,4.0,FN,IDS 1
36473,0.0,4.0,FN,IDS 1
36474,0.0,4.0,FN,IDS 1
36475,0.0,4.0,FN,IDS 1
36477,0.0,4.0,FN,IDS 1
36478,0.0,4.0,FN,IDS 1
36479,0.0,4.0,FN,IDS 1
36480,0.0,4.0,FN,IDS 1
36482,0.0,4.0,FN,IDS 1
36483,0.0,4.0,FN,IDS 1
36484,0.0,4.0,FN,IDS 1
36485,0.0,4.0,FN,IDS 1
36486,0.0,4.0,FN,IDS 1
36487,0.0,4.0,FN,IDS 1
36488,0.0,4.0,FN,IDS 1
36489,0.0,4.0,FN,IDS 1
36490,0.0,4.0,FN,IDS 1
36494,0.0,4.0,FN,IDS 1
36495,0.0,4.0,FN,IDS 1
36498,0.0,4.0,FN,IDS 1
36499,0.0,4.0,FN,IDS 1
36500,0.0,4.0,FN,IDS 1
36501,0.0,4.0,FN,IDS 1
36502,0.0,4.0,FN,IDS 1
36503,0.0,4.0,FN,IDS 1
36633,0.0,4.0,FN,IDS 1
36634,0.0,4.0,FN,IDS 1
36635,0.0,4.0,FN,IDS 1
36636,0.0,4.0,FN,IDS 1
36637,0.0,4.0,FN,IDS 1
36638,0.0,4.0,FN,IDS 1
36640,0.0,4.0,FN,IDS 1
36641,0.0,4.0,FN,IDS 1
36642,0.0,4.0,FN,IDS 1
36643,0.0,4.0,FN,IDS 1
36644,0.0,4.0,FN,IDS 1
36646,0.0,4.0,FN,IDS 1
36648,0.0,4.0,FN,IDS 1
36650,0.0,4.0,FN,IDS 1
36651,0.0,4.0,FN,IDS 1
36652,0.0,4.0,FN,IDS 1
32053,2.0,2.0,VP,IDS 1
32054,2.0,2.0,VP,IDS 1
32056,2.0,2.0,VP,IDS 1
32058,2.0,2.0,VP,IDS 1
32059,2.0,2.0,VP,IDS 1
32061,2.0,2.0,VP,IDS 1
32062,2.0,2.0,VP,IDS 1
32063,2.0,2.0,VP,IDS 1
32064,2.0,2.0,VP,IDS 1
32066,2.0,2.0,VP,IDS 1
32067,2.0,2.0,VP,IDS 1
32068,2.0,2.0,VP,IDS 1
32070,2.0,2.0,VP,IDS 1
32071,2.0,2.0,VP,IDS 1
36777,0.0,4.0,FN,IDS 1
36778,0.0,4.0,FN,IDS 1
36779,0.0,4.0,FN,IDS 1
36780,0.0,4.0,FN,IDS 1
36781,0.0,4.0,FN,IDS 1
36813,0.0,4.0,FN,IDS 1
36814,0.0,4.0,FN,IDS 1
36815,0.0,4.0,FN,IDS 1
36816,0.0,4.0,FN,IDS 1
36817,0.0,4.0,FN,IDS 1
36818,0.0,4.0,FN,IDS 1
36819,0.0,4.0,FN,IDS 1
36820,0.0,4.0,FN,IDS 1
36821,0.0,4.0,FN,IDS 1
36822,0.0,4.0,FN,IDS 1
36823,0.0,4.0,FN,IDS 1
36826,0.0,4.0,FN,IDS 1
36827,0.0,4.0,FN,IDS 1
36828,0.0,4.0,FN,IDS 1
36829,0.0,4.0,FN,IDS 1
36856,0.0,4.0,FN,IDS 1
36857,0.0,4.0,FN,IDS 1
36858,0.0,4.0,FN,IDS 1
36859,0.0,4.0,FN,IDS 1
36860,0.0,4.0,FN,IDS 1
36861,0.0,4.0,FN,IDS 1
36862,0.0,4.0,FN,IDS 1
36865,0.0,4.0,FN,IDS 1
36866,0.0,4.0,FN,IDS 1
36868,0.0,4.0,FN,IDS 1
36869,0.0,4.0,FN,IDS 1
36870,0.0,4.0,FN,IDS 1
36871,0.0,4.0,FN,IDS 1
36872,0.0,4.0,FN,IDS 1
36873,0.0,4.0,FN,IDS 1
36874,0.0,4.0,FN,IDS 1
36875,0.0,4.0,FN,IDS 1
36877,0.0,4.0,FN,IDS 1
36879,0.0,4.0,FN,IDS 1
36882,0.0,4.0,FN,IDS 1
36883,0.0,4.0,FN,IDS 1
36884,0.0,4.0,FN,IDS 1
36885,0.0,4.0,FN,IDS 1
36887,0.0,4.0,FN,IDS 1
36889,0.0,4.0,FN,IDS 1
36890,0.0,4.0,FN,IDS 1
36891,0.0,4.0,FN,IDS 1
36892,0.0,4.0,FN,IDS 1
37019,0.0,4.0,FN,IDS 1
37020,0.0,4.0,FN,IDS 1
37024,0.0,4.0,FN,IDS 1
37025,0.0,4.0,FN,IDS 1
37026,0.0,4.0,FN,IDS 1
37030,0.0,4.0,FN,IDS 1
37031,0.0,4.0,FN,IDS 1
37032,0.0,4.0,FN,IDS 1
37033,0.0,4.0,FN,IDS 1
37034,0.0,4.0,FN,IDS 1
37035,0.0,4.0,FN,IDS 1
37036,0.0,4.0,FN,IDS 1
37037,0.0,4.0,FN,IDS 1
37038,0.0,4.0,FN,IDS 1
37041,0.0,4.0,FN,IDS 1
37042,0.0,4.0,FN,IDS 1
37043,0.0,4.0,FN,IDS 1
37044,0.0,4.0,FN,IDS 1
37045,0.0,4.0,FN,IDS 1
37046,0.0,4.0,FN,IDS 1
37047,0.0,4.0,FN,IDS 1
37048,0.0,4.0,FN,IDS 1
37145,0.0,4.0,FN,IDS 1
37146,0.0,4.0,FN,IDS 1
37148,0.0,4.0,FN,IDS 1
37150,0.0,4.0,FN,IDS 1
32324,2.0,2.0,VP,IDS 1
32326,2.0,2.0,VP,IDS 1
32473,2.0,2.0,VP,IDS 1
32475,2.0,2.0,VP,IDS 3
32476,2.0,2.0,VP,IDS 1
32477,2.0,2.0,VP,IDS 1
32478,2.0,2.0,VP,IDS 1
32480,2.0,2.0,VP,IDS 1
32481,2.0,2.0,VP,IDS 1
32482,2.0,2.0,VP,IDS 1
32483,2.0,2.0,VP,IDS 1
32484,2.0,2.0,VP,IDS 1
32485,2.0,2.0,VP,IDS 1
32486,2.0,2.0,VP,IDS 1
32487,2.0,2.0,VP,IDS 1
32488,2.0,2.0,VP,IDS 1
32489,2.0,2.0,VP,IDS 1
32490,2.0,2.0,VP,IDS 1
32491,2.0,2.0,VP,IDS 1
32492,2.0,2.0,VP,IDS 1
32493,2.0,2.0,VP,IDS 1
37474,0.0,4.0,FN,IDS 1
37475,0.0,4.0,FN,IDS 1
37476,0.0,4.0,FN,IDS 1
37478,0.0,4.0,FN,IDS 1
37480,0.0,4.0,FN,IDS 1
37482,0.0,4.0,FN,IDS 1
37483,0.0,4.0,FN,IDS 1
37484,0.0,4.0,FN,IDS 1
37485,0.0,4.0,FN,IDS 1
37487,0.0,4.0,FN,IDS 1
37488,0.0,4.0,FN,IDS 1
37489,0.0,4.0,FN,IDS 1
37493,0.0,4.0,FN,IDS 1
37494,0.0,4.0,FN,IDS 1
37495,0.0,4.0,FN,IDS 1
37496,5.0,5.0,VP,IDS 1
37497,5.0,5.0,VP,IDS 1
37501,5.0,5.0,VP,IDS 1
37578,5.0,5.0,VP,IDS 3
37579,5.0,5.0,VP,IDS 3
37583,5.0,5.0,VP,IDS 1
37587,5.0,5.0,VP,IDS 1
37591,5.0,5.0,VP,IDS 1
37592,5.0,5.0,VP,IDS 3
37594,5.0,5.0,VP,IDS 1
37598,5.0,5.0,VP,IDS 1
37600,5.0,5.0,VP,IDS 1
37601,5.0,5.0,VP,IDS 3
37602,5.0,5.0,VP,IDS 1
37605,5.0,5.0,VP,IDS 1
37606,5.0,5.0,VP,IDS 1
37607,5.0,5.0,VP,IDS 1
37608,5.0,5.0,VP,IDS 1
37609,5.0,5.0,VP,IDS 1
37610,5.0,5.0,VP,IDS 1
37612,5.0,5.0,VP,IDS 1
37614,5.0,5.0,VP,IDS 1
37622,5.0,5.0,VP,IDS 1
37677,5.0,5.0,VP,IDS 1
37679,5.0,5.0,VP,IDS 1
37682,5.0,5.0,VP,IDS 1
37683,5.0,5.0,VP,IDS 3
37685,5.0,5.0,VP,IDS 1
37687,5.0,5.0,VP,IDS 1
37688,5.0,5.0,VP,IDS 1
37689,5.0,5.0,VP,IDS 1
37692,5.0,5.0,VP,IDS 1
37693,5.0,5.0,VP,IDS 3
37696,5.0,5.0,VP,IDS 1
37701,5.0,5.0,VP,IDS 1
37702,5.0,5.0,VP,IDS 1
37703,5.0,5.0,VP,IDS 3
37705,5.0,5.0,VP,IDS 3
37706,5.0,5.0,VP,IDS 3
37707,5.0,5.0,VP,IDS 1
37708,5.0,5.0,VP,IDS 1
37712,5.0,5.0,VP,IDS 1
38380,5.0,5.0,VP,IDS 3
38386,5.0,5.0,VP,IDS 3
38388,5.0,5.0,VP,IDS 1
38391,5.0,5.0,VP,IDS 1
38394,5.0,5.0,VP,IDS 1
38396,5.0,5.0,VP,IDS 1
38398,5.0,5.0,VP,IDS 1
38399,5.0,5.0,VP,IDS 1
38400,5.0,5.0,VP,IDS 1
38401,5.0,5.0,VP,IDS 1
38405,5.0,5.0,VP,IDS 1
38406,5.0,5.0,VP,IDS 1
38407,5.0,5.0,VP,IDS 1
38409,5.0,5.0,VP,IDS 1
38413,5.0,5.0,VP,IDS 1
38417,5.0,5.0,VP,IDS 1
38418,5.0,5.0,VP,IDS 1
38421,5.0,5.0,VP,IDS 1
38422,5.0,5.0,VP,IDS 1
38429,5.0,5.0,VP,IDS 1
38431,5.0,5.0,VP,IDS 1
38441,5.0,5.0,VP,IDS 1
38442,5.0,5.0,VP,IDS 1
38445,5.0,5.0,VP,IDS 1
38452,5.0,5.0,VP,IDS 1
38455,5.0,5.0,VP,IDS 3
38456,5.0,5.0,VP,IDS 3
38457,5.0,5.0,VP,IDS 1
38464,5.0,5.0,VP,IDS 1
38466,5.0,5.0,VP,IDS 3
38467,5.0,5.0,VP,IDS 1
38468,5.0,5.0,VP,IDS 3
38469,5.0,5.0,VP,IDS 1
38470,5.0,5.0,VP,IDS 1
39931,5.0,5.0,VP,IDS 1
39932,5.0,5.0,VP,IDS 1
39933,5.0,5.0,VP,IDS 3
39934,5.0,5.0,VP,IDS 1
39937,5.0,5.0,VP,IDS 1
39938,5.0,5.0,VP,IDS 3
39941,5.0,5.0,VP,IDS 1
39942,5.0,5.0,VP,IDS 1
39944,5.0,5.0,VP,IDS 1
39947,5.0,5.0,VP,IDS 1
39948,5.0,5.0,VP,IDS 1
39949,5.0,5.0,VP,IDS 1
39950,5.0,5.0,VP,IDS 1
39951,5.0,5.0,VP,IDS 1
39958,5.0,5.0,VP,IDS 1
39959,5.0,5.0,VP,IDS 1
39965,5.0,5.0,VP,IDS 1
32704,0.0,3.0,FN,IDS 1
32707,1.0,3.0,FN,IDS 1
32708,1.0,3.0,FN,IDS 1
32709,1.0,3.0,FN,IDS 1
32713,1.0,3.0,FN,IDS 1
32716,1.0,3.0,FN,IDS 1
32720,0.0,3.0,FN,IDS 1
32774,1.0,3.0,FN,IDS 1
32776,0.0,3.0,FN,IDS 1
32778,0.0,3.0,FN,IDS 1
32782,1.0,3.0,FN,IDS 1
32784,0.0,3.0,FN,IDS 1
32785,0.0,3.0,FN,IDS 1
32786,1.0,3.0,FN,IDS 1
32787,0.0,3.0,FN,IDS 1
32788,0.0,3.0,FN,IDS 1
32793,1.0,3.0,FN,IDS 1
32797,0.0,3.0,FN,IDS 1
32798,0.0,3.0,FN,IDS 1
32801,1.0,3.0,FN,IDS 1
32803,1.0,3.0,FN,IDS 1
32805,1.0,3.0,FN,IDS 1
32810,0.0,3.0,FN,IDS 1
32811,5.0,3.0,FN,IDS 1
32813,0.0,3.0,FN,IDS 1
32814,1.0,3.0,FN,IDS 1
33485,1.0,3.0,FN,IDS 1
33492,0.0,3.0,FN,IDS 1
33600,0.0,3.0,FN,IDS 1
33601,0.0,3.0,FN,IDS 1
33604,0.0,3.0,FN,IDS 1
33605,1.0,3.0,FN,IDS 1
33606,0.0,3.0,FN,IDS 1
33611,1.0,3.0,FN,IDS 1
33614,3.0,3.0,VP,IDS 3
33616,1.0,3.0,FN,IDS 1
33617,1.0,3.0,FN,IDS 1
33620,0.0,3.0,FN,IDS 1
33623,1.0,3.0,FN,IDS 1
33625,1.0,3.0,FN,IDS 1
33627,1.0,3.0,FN,IDS 1
33634,0.0,3.0,FN,IDS 1
33635,1.0,3.0,FN,IDS 1
33639,1.0,3.0,FN,IDS 1
33640,1.0,3.0,FN,IDS 1
33641,5.0,3.0,FN,IDS 1
33643,1.0,3.0,FN,IDS 1
33644,1.0,3.0,FN,IDS 1
33647,1.0,3.0,FN,IDS 1
33648,1.0,3.0,FN,IDS 1
33649,1.0,3.0,FN,IDS 1
34695,0.0,3.0,FN,IDS 1
34696,0.0,3.0,FN,IDS 1
34698,1.0,3.0,FN,IDS 1
34704,1.0,3.0,FN,IDS 1
34706,1.0,3.0,FN,IDS 1
34707,0.0,3.0,FN,IDS 1
34710,3.0,3.0,VP,IDS 3
34762,1.0,3.0,FN,IDS 1
34763,0.0,3.0,FN,IDS 1
34765,1.0,3.0,FN,IDS 1
34769,0.0,3.0,FN,IDS 1
34771,1.0,3.0,FN,IDS 1
34774,0.0,3.0,FN,IDS 1
34775,1.0,3.0,FN,IDS 1
34778,5.0,3.0,FN,IDS 1
34779,1.0,3.0,FN,IDS 1
34786,1.0,3.0,FN,IDS 1
34790,1.0,3.0,FN,IDS 1
34794,1.0,3.0,FN,IDS 1
34795,5.0,3.0,FN,IDS 1
34796,1.0,3.0,FN,IDS 1
35173,0.0,4.0,FN,IDS 1
35174,0.0,4.0,FN,IDS 1
35175,0.0,4.0,FN,IDS 1
35176,0.0,4.0,FN,IDS 1
35177,0.0,4.0,FN,IDS 1
35270,0.0,4.0,FN,IDS 1
35273,0.0,4.0,FN,IDS 1
35275,0.0,4.0,FN,IDS 1
35339,0.0,4.0,FN,IDS 1
35340,0.0,4.0,FN,IDS 1
35341,0.0,4.0,FN,IDS 1
35342,0.0,4.0,FN,IDS 1
35343,0.0,4.0,FN,IDS 1
35344,0.0,4.0,FN,IDS 1
35345,0.0,4.0,FN,IDS 1
35346,0.0,4.0,FN,IDS 1
35347,0.0,4.0,FN,IDS 1
35348,0.0,4.0,FN,IDS 1
35349,0.0,4.0,FN,IDS 1
35350,0.0,4.0,FN,IDS 1
35351,0.0,4.0,FN,IDS 1
35352,0.0,4.0,FN,IDS 1
35353,0.0,4.0,FN,IDS 1
35354,0.0,4.0,FN,IDS 1
35355,0.0,4.0,FN,IDS 1
35389,0.0,4.0,FN,IDS 1
35390,0.0,4.0,FN,IDS 1
35392,0.0,4.0,FN,IDS 1
35393,0.0,4.0,FN,IDS 1
35394,0.0,4.0,FN,IDS 1
35395,0.0,4.0,FN,IDS 1
35396,0.0,4.0,FN,IDS 1
35397,0.0,4.0,FN,IDS 1
35398,0.0,4.0,FN,IDS 1
35399,0.0,4.0,FN,IDS 1
35401,0.0,4.0,FN,IDS 1
35402,0.0,4.0,FN,IDS 1
35403,0.0,4.0,FN,IDS 1
35404,0.0,4.0,FN,IDS 1
35405,0.0,4.0,FN,IDS 1
35406,0.0,4.0,FN,IDS 1
35407,0.0,4.0,FN,IDS 1
35408,0.0,4.0,FN,IDS 1
35409,0.0,4.0,FN,IDS 1
35410,0.0,4.0,FN,IDS 1
35411,0.0,4.0,FN,IDS 1
35412,0.0,4.0,FN,IDS 1
35413,0.0,4.0,FN,IDS 1
35592,0.0,4.0,FN,IDS 1
35593,0.0,4.0,FN,IDS 1
35594,0.0,4.0,FN,IDS 1
35595,0.0,4.0,FN,IDS 1
35596,0.0,4.0,FN,IDS 1
35597,0.0,4.0,FN,IDS 1
35598,0.0,4.0,FN,IDS 1
35629,0.0,4.0,FN,IDS 1
35630,0.0,4.0,FN,IDS 1
35631,0.0,4.0,FN,IDS 1
35632,0.0,4.0,FN,IDS 1
35633,0.0,4.0,FN,IDS 1
35634,0.0,4.0,FN,IDS 1
35638,0.0,4.0,FN,IDS 1
35639,0.0,4.0,FN,IDS 1
35640,0.0,4.0,FN,IDS 1
35641,0.0,4.0,FN,IDS 1
35644,0.0,4.0,FN,IDS 1
35653,0.0,4.0,FN,IDS 1
35654,0.0,4.0,FN,IDS 1
35656,0.0,4.0,FN,IDS 1
35686,0.0,4.0,FN,IDS 1
35687,0.0,4.0,FN,IDS 1
35688,0.0,4.0,FN,IDS 1
35689,0.0,4.0,FN,IDS 1
35691,0.0,4.0,FN,IDS 1
35693,0.0,4.0,FN,IDS 1
35694,0.0,4.0,FN,IDS 1
35695,0.0,4.0,FN,IDS 1
35696,0.0,4.0,FN,IDS 1
35698,1.0,4.0,FN,IDS 1
35699,0.0,4.0,FN,IDS 1
35700,0.0,4.0,FN,IDS 1
35701,0.0,4.0,FN,IDS 1
35702,0.0,4.0,FN,IDS 1
35705,0.0,4.0,FN,IDS 1
35708,0.0,4.0,FN,IDS 1
35709,0.0,4.0,FN,IDS 1
35710,0.0,4.0,FN,IDS 1
35711,0.0,4.0,FN,IDS 1
35712,0.0,4.0,FN,IDS 1
35713,0.0,4.0,FN,IDS 1
37714,5.0,5.0,VP,IDS 1
37752,5.0,5.0,VP,IDS 1
37754,5.0,5.0,VP,IDS 1
36011,0.0,4.0,FN,IDS 1
36012,0.0,4.0,FN,IDS 1
36013,0.0,4.0,FN,IDS 1
36015,0.0,4.0,FN,IDS 1
36017,0.0,4.0,FN,IDS 1
36018,0.0,4.0,FN,IDS 1
36019,0.0,4.0,FN,IDS 1
36020,0.0,4.0,FN,IDS 1
36021,0.0,4.0,FN,IDS 1
36022,0.0,4.0,FN,IDS 1
36024,0.0,4.0,FN,IDS 1
36025,0.0,4.0,FN,IDS 1
36026,0.0,4.0,FN,IDS 1
36027,0.0,4.0,FN,IDS 1
36028,0.0,4.0,FN,IDS 1
36029,0.0,4.0,FN,IDS 1
36031,0.0,4.0,FN,IDS 1
36032,0.0,4.0,FN,IDS 1
36033,0.0,4.0,FN,IDS 1
36034,0.0,4.0,FN,IDS 1
36035,0.0,4.0,FN,IDS 1
36036,0.0,4.0,FN,IDS 1
36037,0.0,4.0,FN,IDS 1
36038,0.0,4.0,FN,IDS 1
36039,0.0,4.0,FN,IDS 1
36040,0.0,4.0,FN,IDS 1
36041,0.0,4.0,FN,IDS 1
36080,1.0,4.0,FN,IDS 1
36081,0.0,4.0,FN,IDS 1
36082,0.0,4.0,FN,IDS 1
36083,0.0,4.0,FN,IDS 1
36084,0.0,4.0,FN,IDS 1
36085,0.0,4.0,FN,IDS 1
36086,0.0,4.0,FN,IDS 1
36088,0.0,4.0,FN,IDS 1
36089,0.0,4.0,FN,IDS 1
36090,0.0,4.0,FN,IDS 1
36092,0.0,4.0,FN,IDS 1
36093,0.0,4.0,FN,IDS 1
36094,0.0,4.0,FN,IDS 1
36096,0.0,4.0,FN,IDS 1
36097,0.0,4.0,FN,IDS 1
36098,0.0,4.0,FN,IDS 1
38867,5.0,5.0,VP,IDS 1
39016,5.0,5.0,VP,IDS 1
39018,5.0,5.0,VP,IDS 1
39019,5.0,5.0,VP,IDS 1
39020,5.0,5.0,VP,IDS 1
39021,5.0,5.0,VP,IDS 1
36275,0.0,4.0,FN,IDS 1
39022,5.0,5.0,VP,IDS 1
39026,5.0,5.0,VP,IDS 1
39028,5.0,5.0,VP,IDS 1
36276,0.0,4.0,FN,IDS 1
39029,5.0,5.0,VP,IDS 1
39031,5.0,5.0,VP,IDS 1
39036,5.0,5.0,VP,IDS 1
39040,5.0,5.0,VP,IDS 1
36277,0.0,4.0,FN,IDS 1
39044,5.0,5.0,VP,IDS 1
39045,5.0,5.0,VP,IDS 1
36278,0.0,4.0,FN,IDS 1
36280,0.0,4.0,FN,IDS 1
39050,5.0,5.0,VP,IDS 1
36282,0.0,4.0,FN,IDS 1
36284,0.0,4.0,FN,IDS 1
39051,5.0,5.0,VP,IDS 1
39052,5.0,5.0,VP,IDS 1
39053,5.0,5.0,VP,IDS 1
36285,0.0,4.0,FN,IDS 1
36289,0.0,4.0,FN,IDS 1
36291,0.0,4.0,FN,IDS 1
36292,0.0,4.0,FN,IDS 1
39057,5.0,5.0,VP,IDS 1
39058,5.0,5.0,VP,IDS 1
39400,5.0,5.0,VP,IDS 1
39402,5.0,5.0,VP,IDS 1
36293,0.0,4.0,FN,IDS 1
36296,0.0,4.0,FN,IDS 1
36297,0.0,4.0,FN,IDS 1
36301,0.0,4.0,FN,IDS 1
36303,0.0,4.0,FN,IDS 1
36304,0.0,4.0,FN,IDS 1
39464,5.0,5.0,VP,IDS 1
36305,0.0,4.0,FN,IDS 1
39465,5.0,5.0,VP,IDS 1
36306,0.0,4.0,FN,IDS 1
36309,0.0,4.0,FN,IDS 1
39466,5.0,5.0,VP,IDS 1
39469,5.0,5.0,VP,IDS 1
39470,5.0,5.0,VP,IDS 1
39472,5.0,5.0,VP,IDS 1
39474,5.0,5.0,VP,IDS 1
39475,5.0,5.0,VP,IDS 1
39476,5.0,5.0,VP,IDS 1
39478,5.0,5.0,VP,IDS 1
39479,5.0,5.0,VP,IDS 1
39480,5.0,5.0,VP,IDS 1
39481,5.0,5.0,VP,IDS 1
39484,5.0,5.0,VP,IDS 1
39923,5.0,5.0,VP,IDS 1
39926,5.0,5.0,VP,IDS 1
39927,5.0,5.0,VP,IDS 1
39930,5.0,5.0,VP,IDS 1
36653,0.0,4.0,FN,IDS 1
36654,0.0,4.0,FN,IDS 1
36655,0.0,4.0,FN,IDS 1
36656,0.0,4.0,FN,IDS 1
36658,0.0,4.0,FN,IDS 1
36659,0.0,4.0,FN,IDS 1
36722,0.0,4.0,FN,IDS 1
36723,0.0,4.0,FN,IDS 1
36724,0.0,4.0,FN,IDS 1
36725,0.0,4.0,FN,IDS 1
36726,0.0,4.0,FN,IDS 1
36727,0.0,4.0,FN,IDS 1
36728,0.0,4.0,FN,IDS 1
36729,0.0,4.0,FN,IDS 1
36730,0.0,4.0,FN,IDS 1
36731,0.0,4.0,FN,IDS 1
36732,0.0,4.0,FN,IDS 1
36733,0.0,4.0,FN,IDS 1
36734,0.0,4.0,FN,IDS 1
36736,0.0,4.0,FN,IDS 1
36737,0.0,4.0,FN,IDS 1
36738,0.0,4.0,FN,IDS 1
36740,0.0,4.0,FN,IDS 1
33700,1.0,3.0,FN,IDS 1
33702,1.0,3.0,FN,IDS 1
33751,1.0,3.0,FN,IDS 1
33752,5.0,3.0,FN,IDS 1
33753,1.0,3.0,FN,IDS 1
33755,1.0,3.0,FN,IDS 1
33756,1.0,3.0,FN,IDS 1
33757,5.0,3.0,FN,IDS 1
33758,1.0,3.0,FN,IDS 1
33763,1.0,3.0,FN,IDS 1
33764,0.0,3.0,FN,IDS 1
33768,0.0,3.0,FN,IDS 1
33771,5.0,3.0,FN,IDS 1
33772,0.0,3.0,FN,IDS 1
33773,0.0,3.0,FN,IDS 1
33775,0.0,3.0,FN,IDS 1
33777,1.0,3.0,FN,IDS 1
33779,0.0,3.0,FN,IDS 1
33783,1.0,3.0,FN,IDS 1
33784,1.0,3.0,FN,IDS 1
33785,1.0,3.0,FN,IDS 1
33788,1.0,3.0,FN,IDS 1
33790,0.0,3.0,FN,IDS 1
33842,0.0,3.0,FN,IDS 1
33843,1.0,3.0,FN,IDS 1
36830,0.0,4.0,FN,IDS 1
36832,0.0,4.0,FN,IDS 1
36834,0.0,4.0,FN,IDS 1
33846,0.0,3.0,FN,IDS 1
33847,1.0,3.0,FN,IDS 1
33849,1.0,3.0,FN,IDS 1
33851,0.0,3.0,FN,IDS 1
33856,1.0,3.0,FN,IDS 1
33857,1.0,3.0,FN,IDS 1
33862,0.0,3.0,FN,IDS 1
33864,5.0,3.0,FN,IDS 1
33865,1.0,3.0,FN,IDS 1
33868,1.0,3.0,FN,IDS 1
33871,0.0,3.0,FN,IDS 1
33875,0.0,3.0,FN,IDS 1
33876,1.0,3.0,FN,IDS 1
33879,1.0,3.0,FN,IDS 1
36836,0.0,4.0,FN,IDS 1
33880,0.0,3.0,FN,IDS 1
36837,0.0,4.0,FN,IDS 1
36838,0.0,4.0,FN,IDS 1
33882,1.0,3.0,FN,IDS 1
36839,0.0,4.0,FN,IDS 1
36840,0.0,4.0,FN,IDS 1
36841,0.0,4.0,FN,IDS 1
36844,0.0,4.0,FN,IDS 1
36845,0.0,4.0,FN,IDS 1
36846,0.0,4.0,FN,IDS 1
36847,0.0,4.0,FN,IDS 1
36848,0.0,4.0,FN,IDS 1
36849,0.0,4.0,FN,IDS 1
36850,0.0,4.0,FN,IDS 1
36851,0.0,4.0,FN,IDS 1
36852,0.0,4.0,FN,IDS 1
36853,0.0,4.0,FN,IDS 1
36855,0.0,4.0,FN,IDS 1
37228,0.0,4.0,FN,IDS 1
37230,0.0,4.0,FN,IDS 1
37232,0.0,4.0,FN,IDS 1
37233,0.0,4.0,FN,IDS 1
37234,0.0,4.0,FN,IDS 1
37235,0.0,4.0,FN,IDS 1
37236,0.0,4.0,FN,IDS 1
37238,0.0,4.0,FN,IDS 1
37239,0.0,4.0,FN,IDS 1
37240,0.0,4.0,FN,IDS 1
37241,0.0,4.0,FN,IDS 1
37242,0.0,4.0,FN,IDS 1
37243,0.0,4.0,FN,IDS 1
37244,0.0,4.0,FN,IDS 1
37245,0.0,4.0,FN,IDS 1
37246,0.0,4.0,FN,IDS 1
37247,0.0,4.0,FN,IDS 1
37249,0.0,4.0,FN,IDS 1
37251,0.0,4.0,FN,IDS 1
37253,0.0,4.0,FN,IDS 1
37278,0.0,4.0,FN,IDS 1
37280,0.0,4.0,FN,IDS 1
37281,0.0,4.0,FN,IDS 1
37282,0.0,4.0,FN,IDS 1
37283,0.0,4.0,FN,IDS 1
37284,0.0,4.0,FN,IDS 1
37287,0.0,4.0,FN,IDS 1
37288,0.0,4.0,FN,IDS 1
37291,0.0,4.0,FN,IDS 1
37294,0.0,4.0,FN,IDS 1
37296,0.0,4.0,FN,IDS 1
37298,0.0,4.0,FN,IDS 1
37299,0.0,4.0,FN,IDS 1
37301,0.0,4.0,FN,IDS 1
37302,0.0,4.0,FN,IDS 1
37304,0.0,4.0,FN,IDS 1
37305,0.0,4.0,FN,IDS 1
37306,0.0,4.0,FN,IDS 1
37307,0.0,4.0,FN,IDS 1
37308,0.0,4.0,FN,IDS 1
37309,0.0,4.0,FN,IDS 1
32100,2.0,2.0,VP,IDS 1
32103,2.0,2.0,VP,IDS 3
32105,2.0,2.0,VP,IDS 1
32106,2.0,2.0,VP,IDS 1
32107,2.0,2.0,VP,IDS 1
32108,2.0,2.0,VP,IDS 1
32109,2.0,2.0,VP,IDS 1
32110,2.0,2.0,VP,IDS 1
32111,2.0,2.0,VP,IDS 1
32112,2.0,2.0,VP,IDS 1
32113,2.0,2.0,VP,IDS 1
32114,2.0,2.0,VP,IDS 1
32115,2.0,2.0,VP,IDS 1
32116,2.0,2.0,VP,IDS 1
32117,2.0,2.0,VP,IDS 1
32118,2.0,2.0,VP,IDS 1
32119,2.0,2.0,VP,IDS 1
32120,2.0,2.0,VP,IDS 1
32121,2.0,2.0,VP,IDS 1
32122,2.0,2.0,VP,IDS 1
32123,2.0,2.0,VP,IDS 1
32124,2.0,2.0,VP,IDS 1
32293,2.0,2.0,VP,IDS 1
32296,2.0,2.0,VP,IDS 1
32297,2.0,2.0,VP,IDS 1
32298,2.0,2.0,VP,IDS 3
32300,2.0,2.0,VP,IDS 1
32301,2.0,2.0,VP,IDS 1
35323,0.0,4.0,FN,IDS 1
35324,0.0,4.0,FN,IDS 1
35325,0.0,4.0,FN,IDS 1
32494,2.0,2.0,VP,IDS 3
32495,2.0,2.0,VP,IDS 1
32496,1.0,3.0,FN,IDS 1
35327,0.0,4.0,FN,IDS 1
35330,0.0,4.0,FN,IDS 1
32623,1.0,3.0,FN,IDS 1
32627,1.0,3.0,FN,IDS 1
35332,0.0,4.0,FN,IDS 1
32628,0.0,3.0,FN,IDS 1
32631,1.0,3.0,FN,IDS 1
35334,0.0,4.0,FN,IDS 1
32632,0.0,3.0,FN,IDS 1
32634,5.0,3.0,FN,IDS 1
32635,5.0,3.0,FN,IDS 1
35335,0.0,4.0,FN,IDS 1
32638,1.0,3.0,FN,IDS 1
32642,0.0,3.0,FN,IDS 1
35336,0.0,4.0,FN,IDS 1
35338,0.0,4.0,FN,IDS 1
32643,0.0,3.0,FN,IDS 1
32647,0.0,3.0,FN,IDS 1
32649,0.0,3.0,FN,IDS 1
32650,1.0,3.0,FN,IDS 1
32651,1.0,3.0,FN,IDS 1
32652,0.0,3.0,FN,IDS 1
32654,0.0,3.0,FN,IDS 1
32655,1.0,3.0,FN,IDS 1
32660,0.0,3.0,FN,IDS 1
32663,1.0,3.0,FN,IDS 1
32667,1.0,3.0,FN,IDS 1
32668,0.0,3.0,FN,IDS 1
32672,1.0,3.0,FN,IDS 1
32674,0.0,3.0,FN,IDS 1
32675,1.0,3.0,FN,IDS 1
32680,1.0,3.0,FN,IDS 1
32681,1.0,3.0,FN,IDS 1
32682,0.0,3.0,FN,IDS 1
32683,0.0,3.0,FN,IDS 1
32685,0.0,3.0,FN,IDS 1
32689,0.0,3.0,FN,IDS 1
32690,0.0,3.0,FN,IDS 1
32694,1.0,3.0,FN,IDS 1
32695,0.0,3.0,FN,IDS 1
32698,1.0,3.0,FN,IDS 1
32702,1.0,3.0,FN,IDS 1
37472,0.0,4.0,FN,IDS 1
37473,0.0,4.0,FN,IDS 1
35467,0.0,4.0,FN,IDS 1
35468,0.0,4.0,FN,IDS 1
35469,0.0,4.0,FN,IDS 1
35470,0.0,4.0,FN,IDS 1
35472,0.0,4.0,FN,IDS 1
37757,5.0,5.0,VP,IDS 1
37762,5.0,5.0,VP,IDS 1
37765,5.0,5.0,VP,IDS 1
37767,5.0,5.0,VP,IDS 1
37770,5.0,5.0,VP,IDS 3
37773,5.0,5.0,VP,IDS 1
37774,5.0,5.0,VP,IDS 1
37776,5.0,5.0,VP,IDS 1
37780,5.0,5.0,VP,IDS 1
37784,5.0,5.0,VP,IDS 1
37785,5.0,5.0,VP,IDS 1
37786,5.0,5.0,VP,IDS 1
37794,5.0,5.0,VP,IDS 1
37795,5.0,5.0,VP,IDS 1
37796,5.0,5.0,VP,IDS 3
37798,5.0,5.0,VP,IDS 1
37799,5.0,5.0,VP,IDS 1
37800,5.0,5.0,VP,IDS 1
37858,5.0,5.0,VP,IDS 1
37866,5.0,5.0,VP,IDS 1
35473,0.0,4.0,FN,IDS 1
37867,5.0,5.0,VP,IDS 3
37869,5.0,5.0,VP,IDS 1
37870,5.0,5.0,VP,IDS 1
37873,5.0,5.0,VP,IDS 1
37874,5.0,5.0,VP,IDS 1
37875,5.0,5.0,VP,IDS 1
37876,5.0,5.0,VP,IDS 1
37878,5.0,5.0,VP,IDS 1
37879,5.0,5.0,VP,IDS 1
37881,5.0,5.0,VP,IDS 3
37882,5.0,5.0,VP,IDS 1
37883,5.0,5.0,VP,IDS 1
37884,5.0,5.0,VP,IDS 1
37885,5.0,5.0,VP,IDS 1
37886,5.0,5.0,VP,IDS 1
37887,5.0,5.0,VP,IDS 1
37890,5.0,5.0,VP,IDS 3
37891,5.0,5.0,VP,IDS 1
37933,5.0,5.0,VP,IDS 1
37935,5.0,5.0,VP,IDS 1
38472,5.0,5.0,VP,IDS 1
38475,5.0,5.0,VP,IDS 1
38477,5.0,5.0,VP,IDS 1
38479,5.0,5.0,VP,IDS 3
38480,5.0,5.0,VP,IDS 1
38490,5.0,5.0,VP,IDS 1
38491,5.0,5.0,VP,IDS 1
38493,5.0,5.0,VP,IDS 1
38494,5.0,5.0,VP,IDS 1
38500,5.0,5.0,VP,IDS 1
38502,5.0,5.0,VP,IDS 3
38503,5.0,5.0,VP,IDS 1
38505,5.0,5.0,VP,IDS 1
38507,5.0,5.0,VP,IDS 3
38509,5.0,5.0,VP,IDS 1
38510,5.0,5.0,VP,IDS 1
38515,5.0,5.0,VP,IDS 1
38516,5.0,5.0,VP,IDS 3
38517,5.0,5.0,VP,IDS 3
38520,5.0,5.0,VP,IDS 1
38522,5.0,5.0,VP,IDS 3
38738,5.0,5.0,VP,IDS 1
38741,5.0,5.0,VP,IDS 1
38743,5.0,5.0,VP,IDS 1
38748,5.0,5.0,VP,IDS 1
38749,5.0,5.0,VP,IDS 3
38750,5.0,5.0,VP,IDS 1
38751,5.0,5.0,VP,IDS 1
38805,5.0,5.0,VP,IDS 1
38808,5.0,5.0,VP,IDS 1
38810,5.0,5.0,VP,IDS 1
38813,5.0,5.0,VP,IDS 1
38814,5.0,5.0,VP,IDS 1
38817,5.0,5.0,VP,IDS 1
38818,5.0,5.0,VP,IDS 1
38820,5.0,5.0,VP,IDS 1
38821,5.0,5.0,VP,IDS 1
38825,5.0,5.0,VP,IDS 1
38839,5.0,5.0,VP,IDS 1
38841,5.0,5.0,VP,IDS 1
38846,5.0,5.0,VP,IDS 1
38847,5.0,5.0,VP,IDS 1
38853,5.0,5.0,VP,IDS 1
38856,5.0,5.0,VP,IDS 1
38857,5.0,5.0,VP,IDS 1
38858,5.0,5.0,VP,IDS 1
38864,5.0,5.0,VP,IDS 3
39404,5.0,5.0,VP,IDS 3
39405,5.0,5.0,VP,IDS 1
39409,5.0,5.0,VP,IDS 3
39410,5.0,5.0,VP,IDS 3
39412,5.0,5.0,VP,IDS 3
39413,5.0,5.0,VP,IDS 1
39415,5.0,5.0,VP,IDS 1
39416,5.0,5.0,VP,IDS 1
39427,5.0,5.0,VP,IDS 1
39428,5.0,5.0,VP,IDS 1
39429,5.0,5.0,VP,IDS 1
39431,5.0,5.0,VP,IDS 1
39432,5.0,5.0,VP,IDS 1
39433,5.0,5.0,VP,IDS 1
39434,5.0,5.0,VP,IDS 1
39437,5.0,5.0,VP,IDS 1
39439,5.0,5.0,VP,IDS 1
39445,5.0,5.0,VP,IDS 1
39446,5.0,5.0,VP,IDS 3
39447,5.0,5.0,VP,IDS 3
39448,5.0,5.0,VP,IDS 1
39450,5.0,5.0,VP,IDS 1
39453,5.0,5.0,VP,IDS 1
39454,5.0,5.0,VP,IDS 1
39455,5.0,5.0,VP,IDS 1
32816,1.0,3.0,FN,IDS 1
32817,1.0,3.0,FN,IDS 1
32867,0.0,3.0,FN,IDS 1
32871,0.0,3.0,FN,IDS 1
32872,0.0,3.0,FN,IDS 1
32875,1.0,3.0,FN,IDS 1
32876,1.0,3.0,FN,IDS 1
32878,0.0,3.0,FN,IDS 1
32879,1.0,3.0,FN,IDS 1
32881,0.0,3.0,FN,IDS 1
32886,0.0,3.0,FN,IDS 1
32887,1.0,3.0,FN,IDS 1
32891,5.0,3.0,FN,IDS 1
32892,0.0,3.0,FN,IDS 1
32897,1.0,3.0,FN,IDS 1
32899,0.0,3.0,FN,IDS 1
32900,1.0,3.0,FN,IDS 1
32901,1.0,3.0,FN,IDS 1
32903,0.0,3.0,FN,IDS 1
32904,1.0,3.0,FN,IDS 1
32907,0.0,3.0,FN,IDS 1
32908,1.0,3.0,FN,IDS 1
32909,5.0,3.0,FN,IDS 1
32910,0.0,3.0,FN,IDS 1
32911,1.0,3.0,FN,IDS 1
33074,1.0,3.0,FN,IDS 1
33075,1.0,3.0,FN,IDS 1
33076,1.0,3.0,FN,IDS 1
33078,0.0,3.0,FN,IDS 1
33081,1.0,3.0,FN,IDS 1
33083,0.0,3.0,FN,IDS 1
33084,1.0,3.0,FN,IDS 1
33651,1.0,3.0,FN,IDS 1
33653,0.0,3.0,FN,IDS 1
33660,1.0,3.0,FN,IDS 1
33664,0.0,3.0,FN,IDS 1
33665,1.0,3.0,FN,IDS 1
33666,5.0,3.0,FN,IDS 1
33670,0.0,3.0,FN,IDS 1
33671,0.0,3.0,FN,IDS 1
33672,1.0,3.0,FN,IDS 1
33675,0.0,3.0,FN,IDS 1
33676,1.0,3.0,FN,IDS 1
33678,0.0,3.0,FN,IDS 1
33679,0.0,3.0,FN,IDS 1
33680,1.0,3.0,FN,IDS 1
33681,0.0,3.0,FN,IDS 1
33687,1.0,3.0,FN,IDS 1
33690,1.0,3.0,FN,IDS 1
33693,1.0,3.0,FN,IDS 1
33695,0.0,3.0,FN,IDS 1
33698,1.0,3.0,FN,IDS 1
33888,1.0,3.0,FN,IDS 1
33889,1.0,3.0,FN,IDS 1
33890,1.0,3.0,FN,IDS 1
33891,1.0,3.0,FN,IDS 1
34164,0.0,3.0,FN,IDS 1
34167,0.0,3.0,FN,IDS 1
34168,1.0,3.0,FN,IDS 1
34170,1.0,3.0,FN,IDS 1
34171,1.0,3.0,FN,IDS 1
34172,1.0,3.0,FN,IDS 1
34174,1.0,3.0,FN,IDS 1
34178,1.0,3.0,FN,IDS 1
34180,1.0,3.0,FN,IDS 1
34181,1.0,3.0,FN,IDS 1
34182,0.0,3.0,FN,IDS 1
34186,1.0,3.0,FN,IDS 1
34189,1.0,3.0,FN,IDS 1
34190,1.0,3.0,FN,IDS 1
34191,5.0,3.0,FN,IDS 1
34192,1.0,3.0,FN,IDS 1
34196,0.0,3.0,FN,IDS 1
34202,0.0,3.0,FN,IDS 1
34208,1.0,3.0,FN,IDS 1
34211,0.0,3.0,FN,IDS 1
34213,0.0,3.0,FN,IDS 1
34327,1.0,3.0,FN,IDS 1
34329,1.0,3.0,FN,IDS 1
34330,0.0,3.0,FN,IDS 1
34332,0.0,3.0,FN,IDS 1
34334,1.0,3.0,FN,IDS 1
34340,0.0,3.0,FN,IDS 1
34341,1.0,3.0,FN,IDS 1
34342,0.0,3.0,FN,IDS 1
34343,0.0,3.0,FN,IDS 1
34344,1.0,3.0,FN,IDS 1
34346,5.0,3.0,FN,IDS 1
34348,1.0,3.0,FN,IDS 1
34350,1.0,3.0,FN,IDS 1
34352,5.0,3.0,FN,IDS 1
34356,0.0,3.0,FN,IDS 1
34359,1.0,3.0,FN,IDS 1
34362,1.0,3.0,FN,IDS 1
34363,5.0,3.0,FN,IDS 1
34365,0.0,3.0,FN,IDS 1
34371,0.0,3.0,FN,IDS 1
34372,0.0,3.0,FN,IDS 1
34577,1.0,3.0,FN,IDS 1
34583,1.0,3.0,FN,IDS 1
34584,5.0,3.0,FN,IDS 1
34585,1.0,3.0,FN,IDS 1
34586,5.0,3.0,FN,IDS 1
34588,1.0,3.0,FN,IDS 1
34589,1.0,3.0,FN,IDS 1
34590,1.0,3.0,FN,IDS 1
34591,1.0,3.0,FN,IDS 1
34593,1.0,3.0,FN,IDS 1
34595,0.0,3.0,FN,IDS 1
34596,1.0,3.0,FN,IDS 1
34597,1.0,3.0,FN,IDS 1
34598,1.0,3.0,FN,IDS 1
34599,0.0,3.0,FN,IDS 1
34600,1.0,3.0,FN,IDS 1
34602,0.0,3.0,FN,IDS 1
34606,0.0,3.0,FN,IDS 1
34607,1.0,3.0,FN,IDS 1
34608,1.0,3.0,FN,IDS 1
34609,0.0,3.0,FN,IDS 1
34664,5.0,3.0,FN,IDS 1
34665,0.0,3.0,FN,IDS 1
34671,1.0,3.0,FN,IDS 1
34674,0.0,3.0,FN,IDS 1
34676,0.0,3.0,FN,IDS 1
34679,1.0,3.0,FN,IDS 1
34683,1.0,3.0,FN,IDS 1
34685,1.0,3.0,FN,IDS 1
34686,0.0,3.0,FN,IDS 1
34687,0.0,3.0,FN,IDS 1
34688,1.0,3.0,FN,IDS 1
34689,0.0,3.0,FN,IDS 1
34691,1.0,3.0,FN,IDS 1
34693,0.0,3.0,FN,IDS 1
34797,1.0,3.0,FN,IDS 1
34799,5.0,3.0,FN,IDS 1
34800,1.0,3.0,FN,IDS 1
34802,5.0,3.0,FN,IDS 1
34804,5.0,3.0,FN,IDS 1
34817,5.0,3.0,FN,IDS 1
34818,5.0,3.0,FN,IDS 1
34938,1.0,3.0,FN,IDS 1
34940,0.0,3.0,FN,IDS 1
34942,0.0,3.0,FN,IDS 1
34944,1.0,3.0,FN,IDS 1
34948,1.0,3.0,FN,IDS 1
34949,0.0,3.0,FN,IDS 1
34953,1.0,3.0,FN,IDS 1
34955,1.0,3.0,FN,IDS 1
34958,1.0,3.0,FN,IDS 1
34960,1.0,3.0,FN,IDS 1
34961,1.0,3.0,FN,IDS 1
34962,1.0,3.0,FN,IDS 1
34966,1.0,3.0,FN,IDS 1
34969,5.0,3.0,FN,IDS 1
34972,0.0,3.0,FN,IDS 1
34976,0.0,3.0,FN,IDS 1
34978,0.0,3.0,FN,IDS 1
34980,1.0,3.0,FN,IDS 1
34982,1.0,3.0,FN,IDS 1
34984,0.0,3.0,FN,IDS 1
34985,0.0,3.0,FN,IDS 1
35147,0.0,4.0,FN,IDS 1
35148,0.0,4.0,FN,IDS 1
35149,0.0,4.0,FN,IDS 1
35150,0.0,4.0,FN,IDS 1
35151,0.0,4.0,FN,IDS 1
35152,0.0,4.0,FN,IDS 1
35153,0.0,4.0,FN,IDS 1
35154,0.0,4.0,FN,IDS 1
35157,0.0,4.0,FN,IDS 1
35158,0.0,4.0,FN,IDS 1
35159,0.0,4.0,FN,IDS 1
35160,0.0,4.0,FN,IDS 1
35161,0.0,4.0,FN,IDS 1
35162,0.0,4.0,FN,IDS 1
35163,0.0,4.0,FN,IDS 1
35166,0.0,4.0,FN,IDS 1
35167,0.0,4.0,FN,IDS 1
35168,0.0,4.0,FN,IDS 1
35169,0.0,4.0,FN,IDS 1
35170,0.0,4.0,FN,IDS 1
35171,0.0,4.0,FN,IDS 1
35172,0.0,4.0,FN,IDS 1
35310,0.0,4.0,FN,IDS 1
35311,0.0,4.0,FN,IDS 1
35312,0.0,4.0,FN,IDS 1
35313,0.0,4.0,FN,IDS 1
35315,0.0,4.0,FN,IDS 1
35316,0.0,4.0,FN,IDS 1
35317,0.0,4.0,FN,IDS 1
35319,0.0,4.0,FN,IDS 1
35321,0.0,4.0,FN,IDS 1
35322,0.0,4.0,FN,IDS 1
32072,2.0,2.0,VP,IDS 1
32073,2.0,2.0,VP,IDS 1
32074,2.0,2.0,VP,IDS 3
32075,2.0,2.0,VP,IDS 1
32076,2.0,2.0,VP,IDS 1
32077,2.0,2.0,VP,IDS 1
32078,2.0,2.0,VP,IDS 1
32079,2.0,2.0,VP,IDS 1
32083,2.0,2.0,VP,IDS 1
32084,2.0,2.0,VP,IDS 1
32085,2.0,2.0,VP,IDS 1
32086,2.0,2.0,VP,IDS 1
32087,2.0,2.0,VP,IDS 1
32088,2.0,2.0,VP,IDS 1
32089,2.0,2.0,VP,IDS 1
32090,2.0,2.0,VP,IDS 1
32092,2.0,2.0,VP,IDS 1
32093,2.0,2.0,VP,IDS 1
32094,2.0,2.0,VP,IDS 1
32095,2.0,2.0,VP,IDS 1
32096,2.0,2.0,VP,IDS 1
32302,2.0,2.0,VP,IDS 1
35276,0.0,4.0,FN,IDS 1
35277,0.0,4.0,FN,IDS 1
32303,2.0,2.0,VP,IDS 1
35278,0.0,4.0,FN,IDS 1
32304,2.0,2.0,VP,IDS 1
32305,2.0,2.0,VP,IDS 1
35279,0.0,4.0,FN,IDS 1
32306,2.0,2.0,VP,IDS 1
32307,2.0,2.0,VP,IDS 1
32308,2.0,2.0,VP,IDS 1
32309,2.0,2.0,VP,IDS 1
32310,2.0,2.0,VP,IDS 3
32311,2.0,2.0,VP,IDS 1
35282,0.0,4.0,FN,IDS 1
32312,2.0,2.0,VP,IDS 1
35284,0.0,4.0,FN,IDS 1
32313,2.0,2.0,VP,IDS 1
32315,2.0,2.0,VP,IDS 1
35285,0.0,4.0,FN,IDS 1
32317,2.0,2.0,VP,IDS 1
32318,2.0,2.0,VP,IDS 1
32319,2.0,2.0,VP,IDS 1
35286,0.0,4.0,FN,IDS 1
32320,2.0,2.0,VP,IDS 1
32321,2.0,2.0,VP,IDS 1
32322,2.0,2.0,VP,IDS 1
35289,0.0,4.0,FN,IDS 1
35290,0.0,4.0,FN,IDS 1
32323,2.0,2.0,VP,IDS 1
35291,0.0,4.0,FN,IDS 1
35292,0.0,4.0,FN,IDS 1
35293,0.0,4.0,FN,IDS 1
35295,0.0,4.0,FN,IDS 1
35296,0.0,4.0,FN,IDS 1
35297,0.0,4.0,FN,IDS 1
35299,0.0,4.0,FN,IDS 1
35302,0.0,4.0,FN,IDS 1
35304,0.0,4.0,FN,IDS 1
35305,0.0,4.0,FN,IDS 1
35306,0.0,4.0,FN,IDS 1
35307,0.0,4.0,FN,IDS 1
35308,0.0,4.0,FN,IDS 1
35309,0.0,4.0,FN,IDS 1
35414,0.0,4.0,FN,IDS 1
35415,0.0,4.0,FN,IDS 1
35416,0.0,4.0,FN,IDS 1
35417,0.0,4.0,FN,IDS 1
35418,0.0,4.0,FN,IDS 1
35419,0.0,4.0,FN,IDS 1
35420,0.0,4.0,FN,IDS 1
35421,0.0,4.0,FN,IDS 1
35422,0.0,4.0,FN,IDS 1
35423,0.0,4.0,FN,IDS 1
35450,0.0,4.0,FN,IDS 1
35451,0.0,4.0,FN,IDS 1
35452,0.0,4.0,FN,IDS 1
35453,0.0,4.0,FN,IDS 1
35454,0.0,4.0,FN,IDS 1
35457,0.0,4.0,FN,IDS 1
35458,0.0,4.0,FN,IDS 1
35459,0.0,4.0,FN,IDS 1
35461,0.0,4.0,FN,IDS 1
35463,0.0,4.0,FN,IDS 1
35465,0.0,4.0,FN,IDS 1
35466,0.0,4.0,FN,IDS 1
37938,5.0,5.0,VP,IDS 3
37941,5.0,5.0,VP,IDS 3
37946,5.0,5.0,VP,IDS 1
37951,5.0,5.0,VP,IDS 3
37952,5.0,5.0,VP,IDS 1
37955,5.0,5.0,VP,IDS 1
37958,5.0,5.0,VP,IDS 1
37959,5.0,5.0,VP,IDS 1
37961,5.0,5.0,VP,IDS 1
37962,5.0,5.0,VP,IDS 1
37963,5.0,5.0,VP,IDS 1
37967,5.0,5.0,VP,IDS 1
37968,5.0,5.0,VP,IDS 1
37969,5.0,5.0,VP,IDS 1
37970,5.0,5.0,VP,IDS 1
37971,5.0,5.0,VP,IDS 1
37975,5.0,5.0,VP,IDS 1
37984,5.0,5.0,VP,IDS 1
37985,5.0,5.0,VP,IDS 1
38222,5.0,5.0,VP,IDS 1
38223,5.0,5.0,VP,IDS 3
38230,5.0,5.0,VP,IDS 1
38233,5.0,5.0,VP,IDS 1
38238,5.0,5.0,VP,IDS 1
38241,5.0,5.0,VP,IDS 1
38242,5.0,5.0,VP,IDS 3
38244,5.0,5.0,VP,IDS 1
38245,5.0,5.0,VP,IDS 1
38252,5.0,5.0,VP,IDS 1
38260,5.0,5.0,VP,IDS 1
38261,5.0,5.0,VP,IDS 1
38262,5.0,5.0,VP,IDS 1
38263,5.0,5.0,VP,IDS 1
38264,5.0,5.0,VP,IDS 1
38269,5.0,5.0,VP,IDS 1
38272,5.0,5.0,VP,IDS 1
38280,5.0,5.0,VP,IDS 1
38284,5.0,5.0,VP,IDS 1
38286,5.0,5.0,VP,IDS 3
38374,5.0,5.0,VP,IDS 1
38523,5.0,5.0,VP,IDS 1
38524,5.0,5.0,VP,IDS 1
38526,5.0,5.0,VP,IDS 1
38528,5.0,5.0,VP,IDS 1
38530,5.0,5.0,VP,IDS 3
38533,5.0,5.0,VP,IDS 1
38645,5.0,5.0,VP,IDS 1
38649,5.0,5.0,VP,IDS 3
38650,5.0,5.0,VP,IDS 3
38651,5.0,5.0,VP,IDS 1
38654,5.0,5.0,VP,IDS 1
38655,5.0,5.0,VP,IDS 1
38658,5.0,5.0,VP,IDS 1
38660,5.0,5.0,VP,IDS 1
38662,5.0,5.0,VP,IDS 1
38665,5.0,5.0,VP,IDS 1
38668,5.0,5.0,VP,IDS 1
38671,5.0,5.0,VP,IDS 1
38672,5.0,5.0,VP,IDS 1
38675,5.0,5.0,VP,IDS 1
38677,5.0,5.0,VP,IDS 1
38683,5.0,5.0,VP,IDS 1
38684,5.0,5.0,VP,IDS 1
38685,5.0,5.0,VP,IDS 1
38687,5.0,5.0,VP,IDS 3
38688,5.0,5.0,VP,IDS 1
38696,5.0,5.0,VP,IDS 1
38699,5.0,5.0,VP,IDS 1
38700,5.0,5.0,VP,IDS 1
38704,5.0,5.0,VP,IDS 1
38708,5.0,5.0,VP,IDS 3
38711,5.0,5.0,VP,IDS 1
38714,5.0,5.0,VP,IDS 3
38717,5.0,5.0,VP,IDS 1
38719,5.0,5.0,VP,IDS 1
38720,5.0,5.0,VP,IDS 1
38726,5.0,5.0,VP,IDS 1
38727,5.0,5.0,VP,IDS 1
38730,5.0,5.0,VP,IDS 3
38737,5.0,5.0,VP,IDS 1
33089,0.0,3.0,FN,IDS 1
33092,1.0,3.0,FN,IDS 1
33100,1.0,3.0,FN,IDS 1
33101,0.0,3.0,FN,IDS 1
33102,0.0,3.0,FN,IDS 1
33103,0.0,3.0,FN,IDS 1
33104,1.0,3.0,FN,IDS 1
33107,0.0,3.0,FN,IDS 1
33108,1.0,3.0,FN,IDS 1
33111,1.0,3.0,FN,IDS 1
33113,5.0,3.0,FN,IDS 1
33114,0.0,3.0,FN,IDS 1
33115,1.0,3.0,FN,IDS 1
33116,0.0,3.0,FN,IDS 1
33174,1.0,3.0,FN,IDS 1
33177,1.0,3.0,FN,IDS 1
33179,1.0,3.0,FN,IDS 1
33184,0.0,3.0,FN,IDS 1
33188,5.0,3.0,FN,IDS 1
33192,1.0,3.0,FN,IDS 1
33194,1.0,3.0,FN,IDS 1
33196,1.0,3.0,FN,IDS 1
33198,0.0,3.0,FN,IDS 1
33200,1.0,3.0,FN,IDS 1
33201,1.0,3.0,FN,IDS 1
33203,1.0,3.0,FN,IDS 1
33206,0.0,3.0,FN,IDS 1
33210,0.0,3.0,FN,IDS 1
33213,5.0,3.0,FN,IDS 1
33217,1.0,3.0,FN,IDS 1
33218,0.0,3.0,FN,IDS 1
33220,1.0,3.0,FN,IDS 1
33221,1.0,3.0,FN,IDS 1
33227,1.0,3.0,FN,IDS 1
33231,1.0,3.0,FN,IDS 1
33232,1.0,3.0,FN,IDS 1
33234,1.0,3.0,FN,IDS 1
33236,5.0,3.0,FN,IDS 1
33237,5.0,3.0,FN,IDS 1
33240,1.0,3.0,FN,IDS 1
33241,1.0,3.0,FN,IDS 1
33243,1.0,3.0,FN,IDS 1
33244,1.0,3.0,FN,IDS 1
33246,1.0,3.0,FN,IDS 1
33249,0.0,3.0,FN,IDS 1
33250,0.0,3.0,FN,IDS 1
33251,1.0,3.0,FN,IDS 1
33253,1.0,3.0,FN,IDS 1
33255,1.0,3.0,FN,IDS 1
33256,1.0,3.0,FN,IDS 1
33260,1.0,3.0,FN,IDS 1
33264,1.0,3.0,FN,IDS 1
33266,0.0,3.0,FN,IDS 1
33268,0.0,3.0,FN,IDS 1
33270,0.0,3.0,FN,IDS 1
33272,1.0,3.0,FN,IDS 1
33274,1.0,3.0,FN,IDS 1
33434,1.0,3.0,FN,IDS 1
33435,1.0,3.0,FN,IDS 1
33438,0.0,3.0,FN,IDS 1
33439,1.0,3.0,FN,IDS 1
33443,1.0,3.0,FN,IDS 1
33445,1.0,3.0,FN,IDS 1
33449,1.0,3.0,FN,IDS 1
33454,1.0,3.0,FN,IDS 1
33455,0.0,3.0,FN,IDS 1
33458,1.0,3.0,FN,IDS 1
33460,1.0,3.0,FN,IDS 1
33466,5.0,3.0,FN,IDS 1
33468,5.0,3.0,FN,IDS 1
33471,0.0,3.0,FN,IDS 1
33473,1.0,3.0,FN,IDS 1
33476,0.0,3.0,FN,IDS 1
33477,1.0,3.0,FN,IDS 1
33480,1.0,3.0,FN,IDS 1
33481,5.0,3.0,FN,IDS 1
35612,0.0,4.0,FN,IDS 1
35613,0.0,4.0,FN,IDS 1
35615,0.0,4.0,FN,IDS 1
35616,0.0,4.0,FN,IDS 1
35617,0.0,4.0,FN,IDS 1
35618,0.0,4.0,FN,IDS 1
35620,0.0,4.0,FN,IDS 1
35621,0.0,4.0,FN,IDS 1
35622,0.0,4.0,FN,IDS 1
35624,0.0,4.0,FN,IDS 1
35625,0.0,4.0,FN,IDS 1
35627,0.0,4.0,FN,IDS 1
35714,0.0,4.0,FN,IDS 1
35716,0.0,4.0,FN,IDS 1
35718,0.0,4.0,FN,IDS 1
35719,0.0,4.0,FN,IDS 1
35721,0.0,4.0,FN,IDS 1
35723,0.0,4.0,FN,IDS 1
35724,0.0,4.0,FN,IDS 1
35725,0.0,4.0,FN,IDS 1
35726,0.0,4.0,FN,IDS 1
35728,0.0,4.0,FN,IDS 1
35730,0.0,4.0,FN,IDS 1
35731,0.0,4.0,FN,IDS 1
35732,0.0,4.0,FN,IDS 1
35733,0.0,4.0,FN,IDS 1
35735,0.0,4.0,FN,IDS 1
35736,0.0,4.0,FN,IDS 1
35738,0.0,4.0,FN,IDS 1
35739,0.0,4.0,FN,IDS 1
35740,0.0,4.0,FN,IDS 1
35741,0.0,4.0,FN,IDS 1
35742,0.0,4.0,FN,IDS 1
35743,0.0,4.0,FN,IDS 1
35744,0.0,4.0,FN,IDS 1
35745,0.0,4.0,FN,IDS 1
35806,0.0,4.0,FN,IDS 1
35807,0.0,4.0,FN,IDS 1
35808,0.0,4.0,FN,IDS 1
35809,0.0,4.0,FN,IDS 1
35811,0.0,4.0,FN,IDS 1
35814,0.0,4.0,FN,IDS 1
35815,0.0,4.0,FN,IDS 1
35816,0.0,4.0,FN,IDS 1
35818,0.0,4.0,FN,IDS 1
35819,0.0,4.0,FN,IDS 1
35820,0.0,4.0,FN,IDS 1
35821,0.0,4.0,FN,IDS 1
35824,0.0,4.0,FN,IDS 1
35825,0.0,4.0,FN,IDS 1
35826,0.0,4.0,FN,IDS 1
35827,0.0,4.0,FN,IDS 1
35829,0.0,4.0,FN,IDS 1
35831,0.0,4.0,FN,IDS 1
35832,0.0,4.0,FN,IDS 1
35833,0.0,4.0,FN,IDS 1
35834,0.0,4.0,FN,IDS 1
35835,0.0,4.0,FN,IDS 1
35836,0.0,4.0,FN,IDS 1
35837,0.0,4.0,FN,IDS 1
35478,0.0,4.0,FN,IDS 1
35479,0.0,4.0,FN,IDS 1
35480,0.0,4.0,FN,IDS 1
35481,0.0,4.0,FN,IDS 1
35482,0.0,4.0,FN,IDS 1
35483,0.0,4.0,FN,IDS 1
35484,0.0,4.0,FN,IDS 1
35485,0.0,4.0,FN,IDS 1
35489,0.0,4.0,FN,IDS 1
35490,0.0,4.0,FN,IDS 1
35491,0.0,4.0,FN,IDS 1
35492,0.0,4.0,FN,IDS 1
35494,0.0,4.0,FN,IDS 1
35495,0.0,4.0,FN,IDS 1
35496,0.0,4.0,FN,IDS 1
35497,0.0,4.0,FN,IDS 1
35498,0.0,4.0,FN,IDS 1
35500,0.0,4.0,FN,IDS 1
35501,0.0,4.0,FN,IDS 1
35503,0.0,4.0,FN,IDS 1
35504,0.0,4.0,FN,IDS 1
35505,0.0,4.0,FN,IDS 1
35506,0.0,4.0,FN,IDS 1
35508,0.0,4.0,FN,IDS 1
35512,0.0,4.0,FN,IDS 1
35513,0.0,4.0,FN,IDS 1
35599,0.0,4.0,FN,IDS 1
35601,0.0,4.0,FN,IDS 1
35602,0.0,4.0,FN,IDS 1
35605,0.0,4.0,FN,IDS 1
35606,0.0,4.0,FN,IDS 1
35607,0.0,4.0,FN,IDS 1
35608,0.0,4.0,FN,IDS 1
35610,0.0,4.0,FN,IDS 1
35611,0.0,4.0,FN,IDS 1
36209,0.0,4.0,FN,IDS 1
36210,0.0,4.0,FN,IDS 1
36211,0.0,4.0,FN,IDS 1
36212,0.0,4.0,FN,IDS 1
36213,0.0,4.0,FN,IDS 1
36214,0.0,4.0,FN,IDS 1
36215,0.0,4.0,FN,IDS 1
36216,0.0,4.0,FN,IDS 1
36217,0.0,4.0,FN,IDS 1
36218,0.0,4.0,FN,IDS 1
36219,0.0,4.0,FN,IDS 1
36220,0.0,4.0,FN,IDS 1
36221,0.0,4.0,FN,IDS 1
36223,0.0,4.0,FN,IDS 1
36224,0.0,4.0,FN,IDS 1
36225,0.0,4.0,FN,IDS 1
36226,0.0,4.0,FN,IDS 1
36227,0.0,4.0,FN,IDS 1
36228,0.0,4.0,FN,IDS 1
36229,0.0,4.0,FN,IDS 1
36332,0.0,4.0,FN,IDS 1
36333,0.0,4.0,FN,IDS 1
36334,5.0,4.0,FN,IDS 1
36335,0.0,4.0,FN,IDS 1
36337,0.0,4.0,FN,IDS 1
36338,0.0,4.0,FN,IDS 1
36340,0.0,4.0,FN,IDS 1
36341,0.0,4.0,FN,IDS 1
36343,0.0,4.0,FN,IDS 1
36345,0.0,4.0,FN,IDS 1
36346,0.0,4.0,FN,IDS 1
36350,0.0,4.0,FN,IDS 1
36351,0.0,4.0,FN,IDS 1
36352,0.0,4.0,FN,IDS 1
36353,0.0,4.0,FN,IDS 1
36354,0.0,4.0,FN,IDS 1
36355,0.0,4.0,FN,IDS 1
36356,0.0,4.0,FN,IDS 1
36390,1.0,4.0,FN,IDS 1
36391,0.0,4.0,FN,IDS 1
36978,0.0,4.0,FN,IDS 1
36980,0.0,4.0,FN,IDS 1
36981,0.0,4.0,FN,IDS 1
36982,0.0,4.0,FN,IDS 1
36984,0.0,4.0,FN,IDS 1
36985,0.0,4.0,FN,IDS 1
36986,0.0,4.0,FN,IDS 1
36987,0.0,4.0,FN,IDS 1
37049,0.0,4.0,FN,IDS 1
37052,0.0,4.0,FN,IDS 1
37054,0.0,4.0,FN,IDS 1
37055,0.0,4.0,FN,IDS 1
37056,0.0,4.0,FN,IDS 1
37057,0.0,4.0,FN,IDS 1
37059,0.0,4.0,FN,IDS 1
37060,0.0,4.0,FN,IDS 1
37061,0.0,4.0,FN,IDS 1
37067,0.0,4.0,FN,IDS 1
37068,0.0,4.0,FN,IDS 1
37069,0.0,4.0,FN,IDS 1
37070,0.0,4.0,FN,IDS 1
37071,0.0,4.0,FN,IDS 1
37072,0.0,4.0,FN,IDS 1
37073,0.0,4.0,FN,IDS 1
37075,0.0,4.0,FN,IDS 1
37076,0.0,4.0,FN,IDS 1
37077,0.0,4.0,FN,IDS 1
37083,0.0,4.0,FN,IDS 1
37085,0.0,4.0,FN,IDS 1
37086,0.0,4.0,FN,IDS 1
37087,0.0,4.0,FN,IDS 1
37088,0.0,4.0,FN,IDS 1
37089,0.0,4.0,FN,IDS 1
37091,0.0,4.0,FN,IDS 1
37092,0.0,4.0,FN,IDS 1
37096,0.0,4.0,FN,IDS 1
37097,0.0,4.0,FN,IDS 1
37098,0.0,4.0,FN,IDS 1
37099,0.0,4.0,FN,IDS 1
37101,0.0,4.0,FN,IDS 1
37350,0.0,4.0,FN,IDS 1
37352,0.0,4.0,FN,IDS 1
37353,0.0,4.0,FN,IDS 1
37354,0.0,4.0,FN,IDS 1
37355,0.0,4.0,FN,IDS 1
37356,0.0,4.0,FN,IDS 1
37358,0.0,4.0,FN,IDS 1
37359,0.0,4.0,FN,IDS 1
37360,0.0,4.0,FN,IDS 1
37361,0.0,4.0,FN,IDS 1
37362,0.0,4.0,FN,IDS 1
37363,0.0,4.0,FN,IDS 1
37364,0.0,4.0,FN,IDS 1
37365,0.0,4.0,FN,IDS 1
37366,0.0,4.0,FN,IDS 1
37367,0.0,4.0,FN,IDS 1
37368,0.0,4.0,FN,IDS 1
37369,0.0,4.0,FN,IDS 1
37370,0.0,4.0,FN,IDS 1
37371,0.0,4.0,FN,IDS 1
37372,0.0,4.0,FN,IDS 1
37670,5.0,5.0,VP,IDS 1
37673,5.0,5.0,VP,IDS 1
37674,5.0,5.0,VP,IDS 1
37716,5.0,5.0,VP,IDS 3
37719,5.0,5.0,VP,IDS 1
37720,5.0,5.0,VP,IDS 1
37721,5.0,5.0,VP,IDS 3
37724,5.0,5.0,VP,IDS 1
37726,5.0,5.0,VP,IDS 1
37727,5.0,5.0,VP,IDS 1
37728,5.0,5.0,VP,IDS 1
37734,5.0,5.0,VP,IDS 1
37736,5.0,5.0,VP,IDS 3
37737,5.0,5.0,VP,IDS 1
37738,5.0,5.0,VP,IDS 1
37740,5.0,5.0,VP,IDS 3
37742,5.0,5.0,VP,IDS 3
37743,5.0,5.0,VP,IDS 1
37744,5.0,5.0,VP,IDS 1
37745,5.0,5.0,VP,IDS 1
37746,5.0,5.0,VP,IDS 1
37750,5.0,5.0,VP,IDS 1
37751,5.0,5.0,VP,IDS 3
37803,5.0,5.0,VP,IDS 1
37806,5.0,5.0,VP,IDS 1
37814,5.0,5.0,VP,IDS 1
37819,5.0,5.0,VP,IDS 1
37821,5.0,5.0,VP,IDS 1
37823,5.0,5.0,VP,IDS 1
37825,5.0,5.0,VP,IDS 1
37826,5.0,5.0,VP,IDS 1
37827,5.0,5.0,VP,IDS 1
37828,5.0,5.0,VP,IDS 1
37829,5.0,5.0,VP,IDS 1
37833,5.0,5.0,VP,IDS 1
38299,5.0,5.0,VP,IDS 3
38301,5.0,5.0,VP,IDS 1
38302,5.0,5.0,VP,IDS 1
38303,5.0,5.0,VP,IDS 1
38306,5.0,5.0,VP,IDS 3
38307,5.0,5.0,VP,IDS 1
38309,5.0,5.0,VP,IDS 3
38315,5.0,5.0,VP,IDS 1
38320,5.0,5.0,VP,IDS 1
38324,5.0,5.0,VP,IDS 1
38326,5.0,5.0,VP,IDS 1
38534,5.0,5.0,VP,IDS 1
38535,5.0,5.0,VP,IDS 1
38544,5.0,5.0,VP,IDS 3
38547,5.0,5.0,VP,IDS 1
38548,5.0,5.0,VP,IDS 1
38549,5.0,5.0,VP,IDS 1
38555,5.0,5.0,VP,IDS 1
38557,5.0,5.0,VP,IDS 1
38558,5.0,5.0,VP,IDS 1
38562,5.0,5.0,VP,IDS 1
38783,5.0,5.0,VP,IDS 3
38785,5.0,5.0,VP,IDS 1
38786,5.0,5.0,VP,IDS 1
38787,5.0,5.0,VP,IDS 1
38788,5.0,5.0,VP,IDS 1
38791,5.0,5.0,VP,IDS 1
38795,5.0,5.0,VP,IDS 1
38797,5.0,5.0,VP,IDS 1
38798,5.0,5.0,VP,IDS 1
38799,5.0,5.0,VP,IDS 1
38800,5.0,5.0,VP,IDS 1
38801,5.0,5.0,VP,IDS 1
38803,5.0,5.0,VP,IDS 1
38870,5.0,5.0,VP,IDS 1
38871,5.0,5.0,VP,IDS 1
38872,5.0,5.0,VP,IDS 3
38874,5.0,5.0,VP,IDS 1
38876,5.0,5.0,VP,IDS 1
38877,5.0,5.0,VP,IDS 3
38878,5.0,5.0,VP,IDS 1
38881,5.0,5.0,VP,IDS 1
38882,5.0,5.0,VP,IDS 1
38883,5.0,5.0,VP,IDS 1
38886,5.0,5.0,VP,IDS 1
38888,5.0,5.0,VP,IDS 1
38889,5.0,5.0,VP,IDS 1
38890,5.0,5.0,VP,IDS 1
38891,5.0,5.0,VP,IDS 1
38894,5.0,5.0,VP,IDS 1
38899,5.0,5.0,VP,IDS 1
38904,5.0,5.0,VP,IDS 3
38909,5.0,5.0,VP,IDS 1
38912,5.0,5.0,VP,IDS 1
38913,5.0,5.0,VP,IDS 1
38916,5.0,5.0,VP,IDS 1
38919,5.0,5.0,VP,IDS 1
38920,5.0,5.0,VP,IDS 1
38922,5.0,5.0,VP,IDS 1
38924,5.0,5.0,VP,IDS 1
38926,5.0,5.0,VP,IDS 1
30397,2.0,2.0,VP,IDS 1
30398,2.0,2.0,VP,IDS 1
30399,2.0,2.0,VP,IDS 1
30400,2.0,2.0,VP,IDS 1
30401,2.0,2.0,VP,IDS 1
30402,2.0,2.0,VP,IDS 1
30526,2.0,2.0,VP,IDS 1
30527,2.0,2.0,VP,IDS 1
30528,2.0,2.0,VP,IDS 1
30529,2.0,2.0,VP,IDS 1
30530,2.0,2.0,VP,IDS 1
30531,2.0,2.0,VP,IDS 1
30532,2.0,2.0,VP,IDS 1
30533,2.0,2.0,VP,IDS 1
30534,2.0,2.0,VP,IDS 1
30535,2.0,2.0,VP,IDS 1
30536,2.0,2.0,VP,IDS 1
30538,2.0,2.0,VP,IDS 1
30539,2.0,2.0,VP,IDS 1
30540,2.0,2.0,VP,IDS 1
30542,2.0,2.0,VP,IDS 1
30543,2.0,2.0,VP,IDS 1
30546,2.0,2.0,VP,IDS 1
30548,2.0,2.0,VP,IDS 1
30582,2.0,2.0,VP,IDS 1
30583,2.0,2.0,VP,IDS 1
30622,2.0,2.0,VP,IDS 1
30624,2.0,2.0,VP,IDS 1
30625,2.0,2.0,VP,IDS 1
30626,2.0,2.0,VP,IDS 1
30627,2.0,2.0,VP,IDS 1
30628,2.0,2.0,VP,IDS 1
30629,2.0,2.0,VP,IDS 1
30631,2.0,2.0,VP,IDS 1
30632,2.0,2.0,VP,IDS 1
30633,2.0,2.0,VP,IDS 1
30634,2.0,2.0,VP,IDS 1
30635,2.0,2.0,VP,IDS 1
30636,2.0,2.0,VP,IDS 1
30637,2.0,2.0,VP,IDS 1
30638,2.0,2.0,VP,IDS 1
30639,2.0,2.0,VP,IDS 1
30641,2.0,2.0,VP,IDS 1
30643,2.0,2.0,VP,IDS 1
30644,2.0,2.0,VP,IDS 1
30645,2.0,2.0,VP,IDS 1
30646,2.0,2.0,VP,IDS 1
30647,2.0,2.0,VP,IDS 1
30648,2.0,2.0,VP,IDS 1
30649,2.0,2.0,VP,IDS 1
30650,2.0,2.0,VP,IDS 1
30651,2.0,2.0,VP,IDS 1
30724,2.0,2.0,VP,IDS 1
30726,2.0,2.0,VP,IDS 1
30727,2.0,2.0,VP,IDS 1
30728,2.0,2.0,VP,IDS 1
30729,2.0,2.0,VP,IDS 1
30731,2.0,2.0,VP,IDS 1
30733,2.0,2.0,VP,IDS 1
30734,2.0,2.0,VP,IDS 1
30735,2.0,2.0,VP,IDS 1
30736,2.0,2.0,VP,IDS 3
30738,2.0,2.0,VP,IDS 1
30739,2.0,2.0,VP,IDS 1
30740,2.0,2.0,VP,IDS 1
30741,2.0,2.0,VP,IDS 1
30766,2.0,2.0,VP,IDS 1
30767,2.0,2.0,VP,IDS 1
30768,2.0,2.0,VP,IDS 1
30769,2.0,2.0,VP,IDS 1
30770,2.0,2.0,VP,IDS 1
30772,2.0,2.0,VP,IDS 1
30773,2.0,2.0,VP,IDS 1
30774,2.0,2.0,VP,IDS 1
30776,2.0,2.0,VP,IDS 1
30777,2.0,2.0,VP,IDS 1
30778,2.0,2.0,VP,IDS 1
30779,2.0,2.0,VP,IDS 1
30782,2.0,2.0,VP,IDS 1
30848,2.0,2.0,VP,IDS 1
30849,2.0,2.0,VP,IDS 1
30850,2.0,2.0,VP,IDS 1
30851,2.0,2.0,VP,IDS 1
30852,2.0,2.0,VP,IDS 1
30853,2.0,2.0,VP,IDS 1
30854,2.0,2.0,VP,IDS 1
30855,2.0,2.0,VP,IDS 1
31190,2.0,2.0,VP,IDS 1
31192,2.0,2.0,VP,IDS 1
31193,2.0,2.0,VP,IDS 1
31194,2.0,2.0,VP,IDS 1
31195,2.0,2.0,VP,IDS 1
31196,2.0,2.0,VP,IDS 1
31197,2.0,2.0,VP,IDS 1
31198,2.0,2.0,VP,IDS 1
31199,2.0,2.0,VP,IDS 1
31200,2.0,2.0,VP,IDS 1
31202,2.0,2.0,VP,IDS 1
31203,2.0,2.0,VP,IDS 1
31205,2.0,2.0,VP,IDS 1
31337,2.0,2.0,VP,IDS 1
31339,2.0,2.0,VP,IDS 1
31340,2.0,2.0,VP,IDS 1
31341,2.0,2.0,VP,IDS 1
31342,2.0,2.0,VP,IDS 1
31343,2.0,2.0,VP,IDS 1
31345,2.0,2.0,VP,IDS 1
31347,2.0,2.0,VP,IDS 1
31372,2.0,2.0,VP,IDS 1
31374,2.0,2.0,VP,IDS 1
31375,2.0,2.0,VP,IDS 1
31376,2.0,2.0,VP,IDS 1
31377,2.0,2.0,VP,IDS 1
31378,2.0,2.0,VP,IDS 1
31379,2.0,2.0,VP,IDS 1
31380,2.0,2.0,VP,IDS 1
31381,2.0,2.0,VP,IDS 1
31737,2.0,2.0,VP,IDS 1
31208,2.0,2.0,VP,IDS 1
31209,2.0,2.0,VP,IDS 1
31210,2.0,2.0,VP,IDS 1
31211,2.0,2.0,VP,IDS 1
31212,2.0,2.0,VP,IDS 1
31213,2.0,2.0,VP,IDS 1
31214,2.0,2.0,VP,IDS 1
31215,2.0,2.0,VP,IDS 1
31216,2.0,2.0,VP,IDS 1
31217,2.0,2.0,VP,IDS 1
31218,2.0,2.0,VP,IDS 1
31220,2.0,2.0,VP,IDS 1
31221,2.0,2.0,VP,IDS 1
31222,2.0,2.0,VP,IDS 1
31223,2.0,2.0,VP,IDS 1
31227,2.0,2.0,VP,IDS 1
31229,2.0,2.0,VP,IDS 1
31230,2.0,2.0,VP,IDS 1
31231,2.0,2.0,VP,IDS 1
31232,2.0,2.0,VP,IDS 1
31233,2.0,2.0,VP,IDS 1
31234,2.0,2.0,VP,IDS 1
36123,0.0,4.0,FN,IDS 1
36126,0.0,4.0,FN,IDS 1
36127,0.0,4.0,FN,IDS 1
36128,0.0,4.0,FN,IDS 1
36129,0.0,4.0,FN,IDS 1
36131,0.0,4.0,FN,IDS 1
36132,0.0,4.0,FN,IDS 1
36133,0.0,4.0,FN,IDS 1
36134,0.0,4.0,FN,IDS 1
36136,0.0,4.0,FN,IDS 1
36139,0.0,4.0,FN,IDS 1
36140,0.0,4.0,FN,IDS 1
36142,0.0,4.0,FN,IDS 1
36143,0.0,4.0,FN,IDS 1
36145,0.0,4.0,FN,IDS 1
36146,0.0,4.0,FN,IDS 1
36147,0.0,4.0,FN,IDS 1
36149,0.0,4.0,FN,IDS 1
36151,0.0,4.0,FN,IDS 1
36152,0.0,4.0,FN,IDS 1
36153,0.0,4.0,FN,IDS 1
36154,0.0,4.0,FN,IDS 1
36155,0.0,4.0,FN,IDS 1
36156,0.0,4.0,FN,IDS 1
36157,0.0,4.0,FN,IDS 1
36158,0.0,4.0,FN,IDS 1
36159,0.0,4.0,FN,IDS 1
36160,0.0,4.0,FN,IDS 1
36161,0.0,4.0,FN,IDS 1
36162,0.0,4.0,FN,IDS 1
36163,0.0,4.0,FN,IDS 1
36164,0.0,4.0,FN,IDS 1
36165,0.0,4.0,FN,IDS 1
36166,0.0,4.0,FN,IDS 1
36167,0.0,4.0,FN,IDS 1
36168,0.0,4.0,FN,IDS 1
36169,0.0,4.0,FN,IDS 1
36170,0.0,4.0,FN,IDS 1
36171,0.0,4.0,FN,IDS 1
36172,0.0,4.0,FN,IDS 1
36173,0.0,4.0,FN,IDS 1
36174,0.0,4.0,FN,IDS 1
36175,0.0,4.0,FN,IDS 1
36176,0.0,4.0,FN,IDS 1
36177,0.0,4.0,FN,IDS 1
36204,0.0,4.0,FN,IDS 1
36205,0.0,4.0,FN,IDS 1
36206,0.0,4.0,FN,IDS 1
36207,0.0,4.0,FN,IDS 1
36208,0.0,4.0,FN,IDS 1
31738,2.0,2.0,VP,IDS 1
31739,2.0,2.0,VP,IDS 1
31740,2.0,2.0,VP,IDS 1
31741,2.0,2.0,VP,IDS 1
31742,2.0,2.0,VP,IDS 1
31743,2.0,2.0,VP,IDS 1
31744,2.0,2.0,VP,IDS 1
31745,2.0,2.0,VP,IDS 1
31746,2.0,2.0,VP,IDS 1
31747,2.0,2.0,VP,IDS 1
31748,2.0,2.0,VP,IDS 1
31750,2.0,2.0,VP,IDS 1
31751,2.0,2.0,VP,IDS 1
31753,2.0,2.0,VP,IDS 1
31754,2.0,2.0,VP,IDS 1
31755,2.0,2.0,VP,IDS 1
31757,2.0,2.0,VP,IDS 1
31758,2.0,2.0,VP,IDS 1
31759,2.0,2.0,VP,IDS 1
31760,2.0,2.0,VP,IDS 1
31782,2.0,2.0,VP,IDS 1
31783,2.0,2.0,VP,IDS 1
31784,2.0,2.0,VP,IDS 1
31786,2.0,2.0,VP,IDS 1
31787,2.0,2.0,VP,IDS 1
31788,2.0,2.0,VP,IDS 1
31789,2.0,2.0,VP,IDS 1
31791,2.0,2.0,VP,IDS 1
31792,2.0,2.0,VP,IDS 1
31793,2.0,2.0,VP,IDS 1
31794,2.0,2.0,VP,IDS 1
31796,2.0,2.0,VP,IDS 1
31798,2.0,2.0,VP,IDS 1
31799,2.0,2.0,VP,IDS 1
31801,2.0,2.0,VP,IDS 1
31802,2.0,2.0,VP,IDS 1
31803,2.0,2.0,VP,IDS 1
31804,2.0,2.0,VP,IDS 1
31805,2.0,2.0,VP,IDS 1
31806,2.0,2.0,VP,IDS 1
31919,2.0,2.0,VP,IDS 1
31920,2.0,2.0,VP,IDS 1
37374,0.0,4.0,FN,IDS 1
37375,0.0,4.0,FN,IDS 1
37502,5.0,5.0,VP,IDS 3
37504,5.0,5.0,VP,IDS 1
37507,5.0,5.0,VP,IDS 1
37508,5.0,5.0,VP,IDS 1
37509,5.0,5.0,VP,IDS 1
37511,5.0,5.0,VP,IDS 1
37512,5.0,5.0,VP,IDS 1
37513,5.0,5.0,VP,IDS 1
37515,5.0,5.0,VP,IDS 3
37518,5.0,5.0,VP,IDS 1
37521,5.0,5.0,VP,IDS 1
37523,5.0,5.0,VP,IDS 1
37525,5.0,5.0,VP,IDS 1
37529,5.0,5.0,VP,IDS 1
37531,5.0,5.0,VP,IDS 1
37536,5.0,5.0,VP,IDS 1
37537,5.0,5.0,VP,IDS 1
37539,5.0,5.0,VP,IDS 1
37541,5.0,5.0,VP,IDS 1
37542,5.0,5.0,VP,IDS 1
37624,5.0,5.0,VP,IDS 1
37625,5.0,5.0,VP,IDS 1
37632,5.0,5.0,VP,IDS 3
37633,5.0,5.0,VP,IDS 1
37637,5.0,5.0,VP,IDS 1
37639,5.0,5.0,VP,IDS 1
37646,5.0,5.0,VP,IDS 1
37648,5.0,5.0,VP,IDS 1
37649,5.0,5.0,VP,IDS 1
37650,5.0,5.0,VP,IDS 1
37651,5.0,5.0,VP,IDS 1
37652,5.0,5.0,VP,IDS 1
37653,5.0,5.0,VP,IDS 1
37657,5.0,5.0,VP,IDS 3
37661,5.0,5.0,VP,IDS 1
37662,5.0,5.0,VP,IDS 1
37665,5.0,5.0,VP,IDS 1
37667,5.0,5.0,VP,IDS 1
38043,5.0,5.0,VP,IDS 1
38044,5.0,5.0,VP,IDS 3
38045,5.0,5.0,VP,IDS 1
38047,5.0,5.0,VP,IDS 1
38048,5.0,5.0,VP,IDS 1
38050,5.0,5.0,VP,IDS 1
38098,5.0,5.0,VP,IDS 1
38101,5.0,5.0,VP,IDS 1
38103,5.0,5.0,VP,IDS 1
38104,5.0,5.0,VP,IDS 1
38106,5.0,5.0,VP,IDS 3
38110,5.0,5.0,VP,IDS 1
38111,5.0,5.0,VP,IDS 1
38113,5.0,5.0,VP,IDS 3
38114,5.0,5.0,VP,IDS 1
38116,5.0,5.0,VP,IDS 1
38119,5.0,5.0,VP,IDS 1
38120,5.0,5.0,VP,IDS 1
38121,5.0,5.0,VP,IDS 1
38123,5.0,5.0,VP,IDS 1
38124,5.0,5.0,VP,IDS 1
38126,5.0,5.0,VP,IDS 1
38131,5.0,5.0,VP,IDS 1
38133,5.0,5.0,VP,IDS 1
38135,5.0,5.0,VP,IDS 1
38137,5.0,5.0,VP,IDS 1
38287,5.0,5.0,VP,IDS 1
38288,5.0,5.0,VP,IDS 1
38290,5.0,5.0,VP,IDS 1
38291,5.0,5.0,VP,IDS 3
38293,5.0,5.0,VP,IDS 1
38294,5.0,5.0,VP,IDS 1
38295,5.0,5.0,VP,IDS 1
38297,5.0,5.0,VP,IDS 3
38298,5.0,5.0,VP,IDS 1
38564,5.0,5.0,VP,IDS 1
38565,5.0,5.0,VP,IDS 1
38566,5.0,5.0,VP,IDS 1
38567,5.0,5.0,VP,IDS 1
38569,5.0,5.0,VP,IDS 1
38572,5.0,5.0,VP,IDS 1
38573,5.0,5.0,VP,IDS 1
38574,5.0,5.0,VP,IDS 1
38577,5.0,5.0,VP,IDS 1
38578,5.0,5.0,VP,IDS 1
38579,5.0,5.0,VP,IDS 1
38580,5.0,5.0,VP,IDS 1
38581,5.0,5.0,VP,IDS 1
38753,5.0,5.0,VP,IDS 1
38756,5.0,5.0,VP,IDS 3
38761,5.0,5.0,VP,IDS 1
38762,5.0,5.0,VP,IDS 1
38766,5.0,5.0,VP,IDS 1
38769,5.0,5.0,VP,IDS 3
38774,5.0,5.0,VP,IDS 1
38776,5.0,5.0,VP,IDS 1
30344,2.0,2.0,VP,IDS 1
30345,2.0,2.0,VP,IDS 1
30346,2.0,2.0,VP,IDS 1
30347,2.0,2.0,VP,IDS 1
30348,2.0,2.0,VP,IDS 1
30349,2.0,2.0,VP,IDS 1
30350,2.0,2.0,VP,IDS 1
30351,2.0,2.0,VP,IDS 1
30353,2.0,2.0,VP,IDS 1
30354,2.0,2.0,VP,IDS 1
30355,2.0,2.0,VP,IDS 1
30356,2.0,2.0,VP,IDS 3
30357,2.0,2.0,VP,IDS 1
30359,2.0,2.0,VP,IDS 1
30360,2.0,2.0,VP,IDS 1
30361,2.0,2.0,VP,IDS 1
30362,2.0,2.0,VP,IDS 1
30363,2.0,2.0,VP,IDS 1
30364,2.0,2.0,VP,IDS 1
30366,2.0,2.0,VP,IDS 1
30367,2.0,2.0,VP,IDS 1
30368,2.0,2.0,VP,IDS 1
30369,2.0,2.0,VP,IDS 1
30370,2.0,2.0,VP,IDS 1
30371,2.0,2.0,VP,IDS 1
30372,2.0,2.0,VP,IDS 1
30374,2.0,2.0,VP,IDS 1
30375,2.0,2.0,VP,IDS 1
30377,2.0,2.0,VP,IDS 1
30378,2.0,2.0,VP,IDS 1
30379,2.0,2.0,VP,IDS 1
30381,2.0,2.0,VP,IDS 3
30383,2.0,2.0,VP,IDS 1
30384,2.0,2.0,VP,IDS 1
30385,2.0,2.0,VP,IDS 1
30386,2.0,2.0,VP,IDS 1
30388,2.0,2.0,VP,IDS 1
30389,2.0,2.0,VP,IDS 1
30393,2.0,2.0,VP,IDS 1
30394,2.0,2.0,VP,IDS 1
30395,2.0,2.0,VP,IDS 1
30396,2.0,2.0,VP,IDS 1
30743,2.0,2.0,VP,IDS 1
30744,2.0,2.0,VP,IDS 1
30745,2.0,2.0,VP,IDS 1
30746,2.0,2.0,VP,IDS 1
30747,2.0,2.0,VP,IDS 1
30748,2.0,2.0,VP,IDS 1
30749,2.0,2.0,VP,IDS 1
30750,2.0,2.0,VP,IDS 1
30751,2.0,2.0,VP,IDS 1
30752,2.0,2.0,VP,IDS 1
30753,2.0,2.0,VP,IDS 1
30754,2.0,2.0,VP,IDS 1
30755,2.0,2.0,VP,IDS 1
30756,2.0,2.0,VP,IDS 1
30757,2.0,2.0,VP,IDS 1
30758,2.0,2.0,VP,IDS 1
30760,2.0,2.0,VP,IDS 1
30761,2.0,2.0,VP,IDS 1
30762,2.0,2.0,VP,IDS 1
30763,2.0,2.0,VP,IDS 1
30765,2.0,2.0,VP,IDS 1
30856,2.0,2.0,VP,IDS 1
30857,2.0,2.0,VP,IDS 1
30858,2.0,2.0,VP,IDS 1
30861,2.0,2.0,VP,IDS 1
30862,2.0,2.0,VP,IDS 1
30865,2.0,2.0,VP,IDS 1
30866,2.0,2.0,VP,IDS 1
30867,2.0,2.0,VP,IDS 1
30868,2.0,2.0,VP,IDS 1
30869,2.0,2.0,VP,IDS 1
30871,2.0,2.0,VP,IDS 3
30872,2.0,2.0,VP,IDS 3
30873,2.0,2.0,VP,IDS 1
30901,2.0,2.0,VP,IDS 1
30902,2.0,2.0,VP,IDS 1
30903,2.0,2.0,VP,IDS 1
30904,2.0,2.0,VP,IDS 1
30905,2.0,2.0,VP,IDS 1
30906,2.0,2.0,VP,IDS 1
30907,2.0,2.0,VP,IDS 1
30908,2.0,2.0,VP,IDS 1
30909,2.0,2.0,VP,IDS 1
30910,2.0,2.0,VP,IDS 1
30911,2.0,2.0,VP,IDS 1
30912,2.0,2.0,VP,IDS 1
30913,2.0,2.0,VP,IDS 1
30914,2.0,2.0,VP,IDS 1
30915,2.0,2.0,VP,IDS 1
30917,2.0,2.0,VP,IDS 1
30918,2.0,2.0,VP,IDS 1
30920,2.0,2.0,VP,IDS 1
30923,2.0,2.0,VP,IDS 3
30957,2.0,2.0,VP,IDS 3
30958,2.0,2.0,VP,IDS 1
30960,2.0,2.0,VP,IDS 1
30963,2.0,2.0,VP,IDS 1
30964,2.0,2.0,VP,IDS 1
30965,2.0,2.0,VP,IDS 1
30967,2.0,2.0,VP,IDS 1
30969,2.0,2.0,VP,IDS 1
30970,2.0,2.0,VP,IDS 1
30971,2.0,2.0,VP,IDS 1
30972,2.0,2.0,VP,IDS 1
30973,2.0,2.0,VP,IDS 1
30974,2.0,2.0,VP,IDS 1
30975,2.0,2.0,VP,IDS 1
30976,2.0,2.0,VP,IDS 1
30977,2.0,2.0,VP,IDS 1
30978,2.0,2.0,VP,IDS 1
30979,2.0,2.0,VP,IDS 3
30984,2.0,2.0,VP,IDS 1
30985,2.0,2.0,VP,IDS 1
30987,2.0,2.0,VP,IDS 1
30988,2.0,2.0,VP,IDS 1
31044,2.0,2.0,VP,IDS 1
31045,2.0,2.0,VP,IDS 1
31046,2.0,2.0,VP,IDS 1
31047,2.0,2.0,VP,IDS 1
31048,2.0,2.0,VP,IDS 1
31049,2.0,2.0,VP,IDS 1
31050,2.0,2.0,VP,IDS 1
31051,2.0,2.0,VP,IDS 1
31052,2.0,2.0,VP,IDS 1
31053,2.0,2.0,VP,IDS 1
31054,2.0,2.0,VP,IDS 1
31055,2.0,2.0,VP,IDS 1
31056,2.0,2.0,VP,IDS 1
31058,2.0,2.0,VP,IDS 1
31059,2.0,2.0,VP,IDS 1
31060,2.0,2.0,VP,IDS 1
31062,2.0,2.0,VP,IDS 1
31063,2.0,2.0,VP,IDS 1
31064,2.0,2.0,VP,IDS 1
31065,2.0,2.0,VP,IDS 1
31066,2.0,2.0,VP,IDS 1
31067,2.0,2.0,VP,IDS 1
31180,2.0,2.0,VP,IDS 1
31181,2.0,2.0,VP,IDS 1
31182,2.0,2.0,VP,IDS 1
31183,2.0,2.0,VP,IDS 1
31184,2.0,2.0,VP,IDS 1
31185,2.0,2.0,VP,IDS 1
31186,2.0,2.0,VP,IDS 1
31187,2.0,2.0,VP,IDS 1
31188,2.0,2.0,VP,IDS 1
31430,2.0,2.0,VP,IDS 1
31431,2.0,2.0,VP,IDS 1
31432,2.0,2.0,VP,IDS 1
31433,2.0,2.0,VP,IDS 1
31434,2.0,2.0,VP,IDS 1
31437,2.0,2.0,VP,IDS 1
31439,2.0,2.0,VP,IDS 1
31441,2.0,2.0,VP,IDS 1
31442,2.0,2.0,VP,IDS 1
31443,2.0,2.0,VP,IDS 1
31444,2.0,2.0,VP,IDS 1
31445,2.0,2.0,VP,IDS 1
31446,2.0,2.0,VP,IDS 1
31448,2.0,2.0,VP,IDS 1
31477,2.0,2.0,VP,IDS 1
31478,2.0,2.0,VP,IDS 1
31479,2.0,2.0,VP,IDS 1
31480,2.0,2.0,VP,IDS 1
31481,2.0,2.0,VP,IDS 1
31482,2.0,2.0,VP,IDS 1
31483,2.0,2.0,VP,IDS 1
31484,2.0,2.0,VP,IDS 1
31485,2.0,2.0,VP,IDS 1
31488,2.0,2.0,VP,IDS 1
31489,2.0,2.0,VP,IDS 1
31490,2.0,2.0,VP,IDS 1
31491,2.0,2.0,VP,IDS 1
31761,2.0,2.0,VP,IDS 1
31762,2.0,2.0,VP,IDS 1
31763,2.0,2.0,VP,IDS 1
31764,2.0,2.0,VP,IDS 1
31765,2.0,2.0,VP,IDS 1
31766,2.0,2.0,VP,IDS 1
31767,2.0,2.0,VP,IDS 1
31769,2.0,2.0,VP,IDS 1
31770,2.0,2.0,VP,IDS 1
31771,2.0,2.0,VP,IDS 1
31772,2.0,2.0,VP,IDS 1
31773,2.0,2.0,VP,IDS 1
31774,2.0,2.0,VP,IDS 1
31775,2.0,2.0,VP,IDS 1
31776,2.0,2.0,VP,IDS 1
31777,2.0,2.0,VP,IDS 1
31778,2.0,2.0,VP,IDS 1
31779,2.0,2.0,VP,IDS 3
31780,2.0,2.0,VP,IDS 1
31781,2.0,2.0,VP,IDS 1
31807,2.0,2.0,VP,IDS 1
31808,2.0,2.0,VP,IDS 1
31809,2.0,2.0,VP,IDS 1
31896,2.0,2.0,VP,IDS 1
31897,2.0,2.0,VP,IDS 1
31898,2.0,2.0,VP,IDS 1
31899,2.0,2.0,VP,IDS 1
31901,2.0,2.0,VP,IDS 1
31903,2.0,2.0,VP,IDS 1
31904,2.0,2.0,VP,IDS 1
31905,2.0,2.0,VP,IDS 1
31906,2.0,2.0,VP,IDS 1
31907,2.0,2.0,VP,IDS 1
31908,2.0,2.0,VP,IDS 1
31909,2.0,2.0,VP,IDS 1
31913,2.0,2.0,VP,IDS 1
31914,2.0,2.0,VP,IDS 1
31916,2.0,2.0,VP,IDS 1
31917,2.0,2.0,VP,IDS 1
31918,2.0,2.0,VP,IDS 1
32171,2.0,2.0,VP,IDS 1
32172,2.0,2.0,VP,IDS 1
32173,2.0,2.0,VP,IDS 1
32174,2.0,2.0,VP,IDS 1
32175,2.0,2.0,VP,IDS 1
32176,2.0,2.0,VP,IDS 1
32177,2.0,2.0,VP,IDS 1
32179,2.0,2.0,VP,IDS 1
32181,2.0,2.0,VP,IDS 1
32182,2.0,2.0,VP,IDS 1
32183,2.0,2.0,VP,IDS 1
32185,2.0,2.0,VP,IDS 1
32186,2.0,2.0,VP,IDS 1
32188,2.0,2.0,VP,IDS 1
32189,2.0,2.0,VP,IDS 1
32190,2.0,2.0,VP,IDS 1
32192,2.0,2.0,VP,IDS 1
32193,2.0,2.0,VP,IDS 1
32194,2.0,2.0,VP,IDS 1
32195,2.0,2.0,VP,IDS 1
32196,2.0,2.0,VP,IDS 1
32197,2.0,2.0,VP,IDS 1
32199,2.0,2.0,VP,IDS 1
32200,2.0,2.0,VP,IDS 1
32201,2.0,2.0,VP,IDS 1
32203,2.0,2.0,VP,IDS 1
32204,2.0,2.0,VP,IDS 1
32205,2.0,2.0,VP,IDS 1
32206,2.0,2.0,VP,IDS 1
32207,2.0,2.0,VP,IDS 1
33133,0.0,3.0,FN,IDS 1
33136,1.0,3.0,FN,IDS 1
33140,5.0,3.0,FN,IDS 1
33143,1.0,3.0,FN,IDS 1
33145,0.0,3.0,FN,IDS 1
33147,5.0,3.0,FN,IDS 1
33148,1.0,3.0,FN,IDS 1
33152,5.0,3.0,FN,IDS 1
33153,0.0,3.0,FN,IDS 1
33155,1.0,3.0,FN,IDS 1
33157,0.0,3.0,FN,IDS 1
33159,1.0,3.0,FN,IDS 1
33160,1.0,3.0,FN,IDS 1
33163,1.0,3.0,FN,IDS 1
33165,5.0,3.0,FN,IDS 1
33168,1.0,3.0,FN,IDS 1
33169,0.0,3.0,FN,IDS 1
33275,0.0,3.0,FN,IDS 1
33278,1.0,3.0,FN,IDS 1
33281,0.0,3.0,FN,IDS 1
33282,0.0,3.0,FN,IDS 1
33287,1.0,3.0,FN,IDS 1
33289,1.0,3.0,FN,IDS 1
34037,5.0,3.0,FN,IDS 1
39968,5.0,5.0,VP,IDS 1
34039,1.0,3.0,FN,IDS 1
34041,0.0,3.0,FN,IDS 1
34043,1.0,3.0,FN,IDS 1
34044,5.0,3.0,FN,IDS 1
34046,1.0,3.0,FN,IDS 1
34048,1.0,3.0,FN,IDS 1
34050,1.0,3.0,FN,IDS 1
34051,1.0,3.0,FN,IDS 1
34056,1.0,3.0,FN,IDS 1
34058,1.0,3.0,FN,IDS 1
34060,0.0,3.0,FN,IDS 1
34113,0.0,3.0,FN,IDS 1
34115,0.0,3.0,FN,IDS 1
34119,0.0,3.0,FN,IDS 1
34120,0.0,3.0,FN,IDS 1
34122,1.0,3.0,FN,IDS 1
34125,0.0,3.0,FN,IDS 1
34128,1.0,3.0,FN,IDS 1
34134,0.0,3.0,FN,IDS 1
34137,0.0,3.0,FN,IDS 1
34631,1.0,3.0,FN,IDS 1
34636,5.0,3.0,FN,IDS 1
34638,1.0,3.0,FN,IDS 1
34642,1.0,3.0,FN,IDS 1
34650,1.0,3.0,FN,IDS 1
34651,0.0,3.0,FN,IDS 1
34653,1.0,3.0,FN,IDS 1
34654,1.0,3.0,FN,IDS 1
34656,0.0,3.0,FN,IDS 1
34659,0.0,3.0,FN,IDS 1
34660,1.0,3.0,FN,IDS 1
34661,0.0,3.0,FN,IDS 1
34662,1.0,3.0,FN,IDS 1
34711,5.0,3.0,FN,IDS 1
34714,0.0,3.0,FN,IDS 1
34716,0.0,3.0,FN,IDS 1
34717,1.0,3.0,FN,IDS 1
34720,1.0,3.0,FN,IDS 1
34724,1.0,3.0,FN,IDS 1
34727,1.0,3.0,FN,IDS 1
34728,5.0,3.0,FN,IDS 1
34729,1.0,3.0,FN,IDS 1
35071,0.0,4.0,FN,IDS 1
35073,0.0,4.0,FN,IDS 1
35074,0.0,4.0,FN,IDS 1
35838,0.0,4.0,FN,IDS 1
35926,0.0,4.0,FN,IDS 1
30924,2.0,2.0,VP,IDS 1
35927,0.0,4.0,FN,IDS 1
30925,2.0,2.0,VP,IDS 1
30926,2.0,2.0,VP,IDS 1
30927,2.0,2.0,VP,IDS 1
35928,0.0,4.0,FN,IDS 1
30928,2.0,2.0,VP,IDS 1
35930,0.0,4.0,FN,IDS 1
35932,0.0,4.0,FN,IDS 1
30929,2.0,2.0,VP,IDS 1
30930,2.0,2.0,VP,IDS 1
35933,0.0,4.0,FN,IDS 1
35934,0.0,4.0,FN,IDS 1
35935,0.0,4.0,FN,IDS 1
35936,0.0,4.0,FN,IDS 1
35938,0.0,4.0,FN,IDS 1
35940,0.0,4.0,FN,IDS 1
35941,0.0,4.0,FN,IDS 1
35942,0.0,4.0,FN,IDS 1
35944,0.0,4.0,FN,IDS 1
35945,0.0,4.0,FN,IDS 1
35947,0.0,4.0,FN,IDS 1
35949,0.0,4.0,FN,IDS 1
35950,0.0,4.0,FN,IDS 1
35952,0.0,4.0,FN,IDS 1
35953,0.0,4.0,FN,IDS 1
35954,0.0,4.0,FN,IDS 1
35955,0.0,4.0,FN,IDS 1
35956,0.0,4.0,FN,IDS 1
35957,0.0,4.0,FN,IDS 1
35958,0.0,4.0,FN,IDS 1
35960,0.0,4.0,FN,IDS 1
35961,0.0,4.0,FN,IDS 1
35965,0.0,4.0,FN,IDS 1
35966,0.0,4.0,FN,IDS 1
35967,0.0,4.0,FN,IDS 1
35968,0.0,4.0,FN,IDS 1
35969,0.0,4.0,FN,IDS 1
35970,0.0,4.0,FN,IDS 1
35971,0.0,4.0,FN,IDS 1
35972,0.0,4.0,FN,IDS 1
31294,2.0,2.0,VP,IDS 1
31296,2.0,2.0,VP,IDS 1
31297,2.0,2.0,VP,IDS 1
31298,2.0,2.0,VP,IDS 1
31299,2.0,2.0,VP,IDS 1
35974,0.0,4.0,FN,IDS 1
35975,0.0,4.0,FN,IDS 1
35976,0.0,4.0,FN,IDS 1
35977,0.0,4.0,FN,IDS 1
35978,0.0,4.0,FN,IDS 1
35981,0.0,4.0,FN,IDS 1
35983,0.0,4.0,FN,IDS 1
36111,0.0,4.0,FN,IDS 1
36112,0.0,4.0,FN,IDS 1
36113,0.0,4.0,FN,IDS 1
36115,0.0,4.0,FN,IDS 1
36116,0.0,4.0,FN,IDS 1
36117,0.0,4.0,FN,IDS 1
36119,0.0,4.0,FN,IDS 1
36120,0.0,4.0,FN,IDS 1
36121,0.0,4.0,FN,IDS 1
36122,0.0,4.0,FN,IDS 1
31300,2.0,2.0,VP,IDS 1
31301,2.0,2.0,VP,IDS 1
31302,2.0,2.0,VP,IDS 1
31303,2.0,2.0,VP,IDS 1
31304,2.0,2.0,VP,IDS 1
31307,2.0,2.0,VP,IDS 1
31308,2.0,2.0,VP,IDS 1
31309,2.0,2.0,VP,IDS 1
31310,2.0,2.0,VP,IDS 1
31311,2.0,2.0,VP,IDS 1
31312,2.0,2.0,VP,IDS 1
31313,2.0,2.0,VP,IDS 1
31315,2.0,2.0,VP,IDS 1
31316,2.0,2.0,VP,IDS 1
31318,2.0,2.0,VP,IDS 1
31319,2.0,2.0,VP,IDS 1
31320,2.0,2.0,VP,IDS 1
31323,2.0,2.0,VP,IDS 1
31324,2.0,2.0,VP,IDS 1
31325,2.0,2.0,VP,IDS 1
31326,2.0,2.0,VP,IDS 1
31327,2.0,2.0,VP,IDS 1
31328,2.0,2.0,VP,IDS 1
31329,2.0,2.0,VP,IDS 1
31330,2.0,2.0,VP,IDS 1
31331,2.0,2.0,VP,IDS 1
31332,2.0,2.0,VP,IDS 1
31333,2.0,2.0,VP,IDS 1
31334,2.0,2.0,VP,IDS 1
31335,2.0,2.0,VP,IDS 1
31336,2.0,2.0,VP,IDS 1
36230,0.0,4.0,FN,IDS 1
36231,0.0,4.0,FN,IDS 1
36232,0.0,4.0,FN,IDS 1
36233,0.0,4.0,FN,IDS 1
36235,0.0,4.0,FN,IDS 1
36236,0.0,4.0,FN,IDS 1
36237,0.0,4.0,FN,IDS 1
36239,0.0,4.0,FN,IDS 1
36240,0.0,4.0,FN,IDS 1
36241,0.0,4.0,FN,IDS 1
36242,0.0,4.0,FN,IDS 1
36243,0.0,4.0,FN,IDS 1
36244,0.0,4.0,FN,IDS 1
36246,0.0,4.0,FN,IDS 1
36247,0.0,4.0,FN,IDS 1
36248,0.0,4.0,FN,IDS 1
36250,0.0,4.0,FN,IDS 1
36251,0.0,4.0,FN,IDS 1
36327,0.0,4.0,FN,IDS 1
36328,0.0,4.0,FN,IDS 1
36329,0.0,4.0,FN,IDS 1
36392,0.0,4.0,FN,IDS 1
36393,0.0,4.0,FN,IDS 1
36394,0.0,4.0,FN,IDS 1
36395,0.0,4.0,FN,IDS 1
36397,0.0,4.0,FN,IDS 1
36398,0.0,4.0,FN,IDS 1
36399,0.0,4.0,FN,IDS 1
36400,0.0,4.0,FN,IDS 1
36401,0.0,4.0,FN,IDS 1
36403,0.0,4.0,FN,IDS 1
36404,0.0,4.0,FN,IDS 1
36405,0.0,4.0,FN,IDS 1
36406,0.0,4.0,FN,IDS 1
36408,0.0,4.0,FN,IDS 1
36409,0.0,4.0,FN,IDS 1
36411,0.0,4.0,FN,IDS 1
36412,0.0,4.0,FN,IDS 1
36413,0.0,4.0,FN,IDS 1
36414,0.0,4.0,FN,IDS 1
36564,0.0,4.0,FN,IDS 1
36566,0.0,4.0,FN,IDS 1
36569,0.0,4.0,FN,IDS 1
36570,0.0,4.0,FN,IDS 1
36571,0.0,4.0,FN,IDS 1
36572,0.0,4.0,FN,IDS 1
36573,0.0,4.0,FN,IDS 1
36574,0.0,4.0,FN,IDS 1
36576,0.0,4.0,FN,IDS 1
36578,0.0,4.0,FN,IDS 1
36579,0.0,4.0,FN,IDS 1
36581,0.0,4.0,FN,IDS 1
36582,0.0,4.0,FN,IDS 1
36583,0.0,4.0,FN,IDS 1
36584,0.0,4.0,FN,IDS 1
36585,0.0,4.0,FN,IDS 1
36586,0.0,4.0,FN,IDS 1
36587,0.0,4.0,FN,IDS 1
36588,0.0,4.0,FN,IDS 1
36591,0.0,4.0,FN,IDS 1
36592,0.0,4.0,FN,IDS 1
36593,0.0,4.0,FN,IDS 1
36594,0.0,4.0,FN,IDS 1
36595,0.0,4.0,FN,IDS 1
36596,0.0,4.0,FN,IDS 1
36693,0.0,4.0,FN,IDS 1
36694,0.0,4.0,FN,IDS 1
36695,0.0,4.0,FN,IDS 1
36696,0.0,4.0,FN,IDS 1
36697,0.0,4.0,FN,IDS 1
36698,0.0,4.0,FN,IDS 1
36701,0.0,4.0,FN,IDS 1
36702,0.0,4.0,FN,IDS 1
36703,0.0,4.0,FN,IDS 1
36704,0.0,4.0,FN,IDS 1
36705,0.0,4.0,FN,IDS 1
36708,0.0,4.0,FN,IDS 1
36709,0.0,4.0,FN,IDS 1
36710,0.0,4.0,FN,IDS 1
36711,0.0,4.0,FN,IDS 1
36712,0.0,4.0,FN,IDS 1
36713,0.0,4.0,FN,IDS 1
36715,0.0,4.0,FN,IDS 1
36716,0.0,4.0,FN,IDS 1
36717,0.0,4.0,FN,IDS 1
36718,0.0,4.0,FN,IDS 1
36719,0.0,4.0,FN,IDS 1
36955,0.0,4.0,FN,IDS 1
32208,2.0,2.0,VP,IDS 1
36957,0.0,4.0,FN,IDS 1
32209,2.0,2.0,VP,IDS 1
32210,2.0,2.0,VP,IDS 1
32237,2.0,2.0,VP,IDS 1
32240,2.0,2.0,VP,IDS 1
32241,2.0,2.0,VP,IDS 1
32242,2.0,2.0,VP,IDS 1
36958,0.0,4.0,FN,IDS 1
36961,0.0,4.0,FN,IDS 1
36962,0.0,4.0,FN,IDS 1
36963,0.0,4.0,FN,IDS 1
36964,0.0,4.0,FN,IDS 1
36966,0.0,4.0,FN,IDS 1
36967,0.0,4.0,FN,IDS 1
36968,0.0,4.0,FN,IDS 1
36969,0.0,4.0,FN,IDS 1
36974,0.0,4.0,FN,IDS 1
32243,2.0,2.0,VP,IDS 1
36975,0.0,4.0,FN,IDS 1
36976,0.0,4.0,FN,IDS 1
36977,0.0,4.0,FN,IDS 1
32245,2.0,2.0,VP,IDS 1
32246,2.0,2.0,VP,IDS 1
37102,0.0,4.0,FN,IDS 1
37103,0.0,4.0,FN,IDS 1
37105,0.0,4.0,FN,IDS 1
37106,0.0,4.0,FN,IDS 1
37107,0.0,4.0,FN,IDS 1
37108,0.0,4.0,FN,IDS 1
37109,0.0,4.0,FN,IDS 1
37110,0.0,4.0,FN,IDS 1
37111,0.0,4.0,FN,IDS 1
37114,0.0,4.0,FN,IDS 1
37326,0.0,4.0,FN,IDS 1
37327,0.0,4.0,FN,IDS 1
37328,0.0,4.0,FN,IDS 1
37329,0.0,4.0,FN,IDS 1
37330,0.0,4.0,FN,IDS 1
37332,0.0,4.0,FN,IDS 1
37333,0.0,4.0,FN,IDS 1
37335,0.0,4.0,FN,IDS 1
37336,0.0,4.0,FN,IDS 1
37337,0.0,4.0,FN,IDS 1
37338,0.0,4.0,FN,IDS 1
37339,0.0,4.0,FN,IDS 1
37341,0.0,4.0,FN,IDS 1
37342,0.0,4.0,FN,IDS 1
37343,0.0,4.0,FN,IDS 1
37344,0.0,4.0,FN,IDS 1
37346,0.0,4.0,FN,IDS 1
37348,0.0,4.0,FN,IDS 1
37349,0.0,4.0,FN,IDS 1
37835,5.0,5.0,VP,IDS 1
37836,5.0,5.0,VP,IDS 1
37837,5.0,5.0,VP,IDS 3
37844,5.0,5.0,VP,IDS 1
37849,5.0,5.0,VP,IDS 1
37850,5.0,5.0,VP,IDS 1
37854,5.0,5.0,VP,IDS 1
37856,5.0,5.0,VP,IDS 3
37857,5.0,5.0,VP,IDS 1
37893,5.0,5.0,VP,IDS 1
37896,5.0,5.0,VP,IDS 1
37897,5.0,5.0,VP,IDS 1
37899,5.0,5.0,VP,IDS 3
37901,5.0,5.0,VP,IDS 1
37902,5.0,5.0,VP,IDS 1
37903,5.0,5.0,VP,IDS 1
37904,5.0,5.0,VP,IDS 3
37905,5.0,5.0,VP,IDS 1
37906,5.0,5.0,VP,IDS 1
37914,5.0,5.0,VP,IDS 1
37919,5.0,5.0,VP,IDS 1
37920,5.0,5.0,VP,IDS 1
37922,5.0,5.0,VP,IDS 1
37923,5.0,5.0,VP,IDS 1
37924,5.0,5.0,VP,IDS 1
37928,5.0,5.0,VP,IDS 3
37929,5.0,5.0,VP,IDS 1
37930,5.0,5.0,VP,IDS 1
37932,5.0,5.0,VP,IDS 1
37986,5.0,5.0,VP,IDS 1
37996,5.0,5.0,VP,IDS 3
37997,5.0,5.0,VP,IDS 3
38001,5.0,5.0,VP,IDS 1
38002,5.0,5.0,VP,IDS 1
38005,5.0,5.0,VP,IDS 1
38006,5.0,5.0,VP,IDS 1
38013,5.0,5.0,VP,IDS 1
38014,5.0,5.0,VP,IDS 1
38015,5.0,5.0,VP,IDS 3
38033,5.0,5.0,VP,IDS 1
38038,5.0,5.0,VP,IDS 1
38041,5.0,5.0,VP,IDS 3
38042,5.0,5.0,VP,IDS 1
38927,5.0,5.0,VP,IDS 1
38928,5.0,5.0,VP,IDS 1
38929,5.0,5.0,VP,IDS 1
38930,5.0,5.0,VP,IDS 1
38936,5.0,5.0,VP,IDS 3
38937,5.0,5.0,VP,IDS 1
38940,5.0,5.0,VP,IDS 1
38941,5.0,5.0,VP,IDS 1
38943,5.0,5.0,VP,IDS 1
38946,5.0,5.0,VP,IDS 1
30244,2.0,2.0,VP,IDS 1
30245,2.0,2.0,VP,IDS 1
30246,2.0,2.0,VP,IDS 1
30247,2.0,2.0,VP,IDS 1
30249,2.0,2.0,VP,IDS 1
30250,2.0,2.0,VP,IDS 1
30251,2.0,2.0,VP,IDS 3
30252,2.0,2.0,VP,IDS 1
30254,2.0,2.0,VP,IDS 1
34611,1.0,3.0,FN,IDS 1
34612,1.0,3.0,FN,IDS 1
34613,1.0,3.0,FN,IDS 1
34615,1.0,3.0,FN,IDS 1
34619,0.0,3.0,FN,IDS 1
34623,1.0,3.0,FN,IDS 1
34624,1.0,3.0,FN,IDS 1
34630,1.0,3.0,FN,IDS 1
30255,2.0,2.0,VP,IDS 1
30256,2.0,2.0,VP,IDS 1
30257,2.0,2.0,VP,IDS 1
30258,2.0,2.0,VP,IDS 1
30260,2.0,2.0,VP,IDS 1
30261,2.0,2.0,VP,IDS 1
30262,2.0,2.0,VP,IDS 1
30263,2.0,2.0,VP,IDS 1
30264,2.0,2.0,VP,IDS 1
30265,2.0,2.0,VP,IDS 1
30266,2.0,2.0,VP,IDS 1
30267,2.0,2.0,VP,IDS 1
30268,2.0,2.0,VP,IDS 1
30269,2.0,2.0,VP,IDS 1
30272,2.0,2.0,VP,IDS 1
30273,2.0,2.0,VP,IDS 1
30274,2.0,2.0,VP,IDS 1
30340,2.0,2.0,VP,IDS 1
30341,2.0,2.0,VP,IDS 3
30342,2.0,2.0,VP,IDS 1
30343,2.0,2.0,VP,IDS 1
30549,2.0,2.0,VP,IDS 1
30551,2.0,2.0,VP,IDS 1
30552,2.0,2.0,VP,IDS 1
30553,2.0,2.0,VP,IDS 1
30554,2.0,2.0,VP,IDS 1
30555,2.0,2.0,VP,IDS 1
30557,2.0,2.0,VP,IDS 1
30558,2.0,2.0,VP,IDS 1
30560,2.0,2.0,VP,IDS 1
30561,2.0,2.0,VP,IDS 1
30563,2.0,2.0,VP,IDS 1
30564,2.0,2.0,VP,IDS 1
30565,2.0,2.0,VP,IDS 1
30566,2.0,2.0,VP,IDS 1
34859,1.0,3.0,FN,IDS 1
30567,2.0,2.0,VP,IDS 1
30569,2.0,2.0,VP,IDS 1
34862,1.0,3.0,FN,IDS 1
30570,2.0,2.0,VP,IDS 1
30572,2.0,2.0,VP,IDS 1
30574,2.0,2.0,VP,IDS 1
34871,1.0,3.0,FN,IDS 1
34872,0.0,3.0,FN,IDS 1
34875,0.0,3.0,FN,IDS 1
34884,1.0,3.0,FN,IDS 1
34885,0.0,3.0,FN,IDS 1
34887,1.0,3.0,FN,IDS 1
34898,5.0,3.0,FN,IDS 1
34900,1.0,3.0,FN,IDS 1
34904,0.0,3.0,FN,IDS 1
30575,2.0,2.0,VP,IDS 1
30576,2.0,2.0,VP,IDS 1
30577,2.0,2.0,VP,IDS 3
30578,2.0,2.0,VP,IDS 1
30579,2.0,2.0,VP,IDS 1
30580,2.0,2.0,VP,IDS 1
30581,2.0,2.0,VP,IDS 1
34907,1.0,3.0,FN,IDS 1
34908,1.0,3.0,FN,IDS 1
34911,1.0,3.0,FN,IDS 1
34915,1.0,3.0,FN,IDS 1
34918,1.0,3.0,FN,IDS 1
34921,1.0,3.0,FN,IDS 1
34925,0.0,3.0,FN,IDS 1
34926,5.0,3.0,FN,IDS 1
34927,1.0,3.0,FN,IDS 1
34928,0.0,3.0,FN,IDS 1
35048,0.0,4.0,FN,IDS 1
35050,0.0,4.0,FN,IDS 1
35051,0.0,4.0,FN,IDS 1
35052,0.0,4.0,FN,IDS 1
35054,0.0,4.0,FN,IDS 1
35055,0.0,4.0,FN,IDS 1
35056,0.0,4.0,FN,IDS 1
35059,0.0,4.0,FN,IDS 1
35061,0.0,4.0,FN,IDS 1
35063,0.0,4.0,FN,IDS 1
35065,0.0,4.0,FN,IDS 1
35066,0.0,4.0,FN,IDS 1
35068,0.0,4.0,FN,IDS 1
35069,0.0,4.0,FN,IDS 1
35070,0.0,4.0,FN,IDS 1
31382,2.0,2.0,VP,IDS 1
31383,2.0,2.0,VP,IDS 1
31384,2.0,2.0,VP,IDS 1
31387,2.0,2.0,VP,IDS 1
31388,2.0,2.0,VP,IDS 1
31389,2.0,2.0,VP,IDS 1
31390,2.0,2.0,VP,IDS 1
31391,2.0,2.0,VP,IDS 1
31392,2.0,2.0,VP,IDS 1
31393,2.0,2.0,VP,IDS 1
31394,2.0,2.0,VP,IDS 1
31396,2.0,2.0,VP,IDS 1
31397,2.0,2.0,VP,IDS 1
31422,2.0,2.0,VP,IDS 3
31423,2.0,2.0,VP,IDS 1
31424,2.0,2.0,VP,IDS 1
31425,2.0,2.0,VP,IDS 1
31426,2.0,2.0,VP,IDS 1
31427,2.0,2.0,VP,IDS 1
31428,2.0,2.0,VP,IDS 1
31429,2.0,2.0,VP,IDS 1
31495,2.0,2.0,VP,IDS 1
31496,2.0,2.0,VP,IDS 1
31498,2.0,2.0,VP,IDS 1
31499,2.0,2.0,VP,IDS 1
31500,2.0,2.0,VP,IDS 1
31501,2.0,2.0,VP,IDS 1
31502,2.0,2.0,VP,IDS 1
31503,2.0,2.0,VP,IDS 1
31584,2.0,2.0,VP,IDS 1
31585,2.0,2.0,VP,IDS 1
31586,2.0,2.0,VP,IDS 1
31587,2.0,2.0,VP,IDS 1
31589,2.0,2.0,VP,IDS 1
31590,2.0,2.0,VP,IDS 1
31591,2.0,2.0,VP,IDS 1
31592,2.0,2.0,VP,IDS 1
31593,2.0,2.0,VP,IDS 1
31596,2.0,2.0,VP,IDS 1
31597,2.0,2.0,VP,IDS 1
31598,2.0,2.0,VP,IDS 1
31599,2.0,2.0,VP,IDS 1
31600,2.0,2.0,VP,IDS 1
31601,2.0,2.0,VP,IDS 1
31603,2.0,2.0,VP,IDS 1
31604,2.0,2.0,VP,IDS 1
31605,2.0,2.0,VP,IDS 1
31606,2.0,2.0,VP,IDS 1
31607,2.0,2.0,VP,IDS 1
31609,2.0,2.0,VP,IDS 1
31730,2.0,2.0,VP,IDS 1
31731,2.0,2.0,VP,IDS 1
31732,2.0,2.0,VP,IDS 1
31733,2.0,2.0,VP,IDS 1
31735,2.0,2.0,VP,IDS 1
31993,2.0,2.0,VP,IDS 1
31995,2.0,2.0,VP,IDS 1
31996,2.0,2.0,VP,IDS 1
31997,2.0,2.0,VP,IDS 1
31998,2.0,2.0,VP,IDS 1
31999,2.0,2.0,VP,IDS 1
32000,2.0,2.0,VP,IDS 3
32001,2.0,2.0,VP,IDS 1
32002,2.0,2.0,VP,IDS 1
32003,2.0,2.0,VP,IDS 1
32004,2.0,2.0,VP,IDS 1
32153,2.0,2.0,VP,IDS 1
32154,2.0,2.0,VP,IDS 1
32156,2.0,2.0,VP,IDS 1
32157,2.0,2.0,VP,IDS 1
32158,2.0,2.0,VP,IDS 1
32160,2.0,2.0,VP,IDS 1
32161,2.0,2.0,VP,IDS 1
32162,2.0,2.0,VP,IDS 1
32163,2.0,2.0,VP,IDS 1
32164,2.0,2.0,VP,IDS 1
32165,2.0,2.0,VP,IDS 1
32166,2.0,2.0,VP,IDS 1
32167,2.0,2.0,VP,IDS 1
32168,2.0,2.0,VP,IDS 1
32169,2.0,2.0,VP,IDS 1
32170,2.0,2.0,VP,IDS 1
32247,2.0,2.0,VP,IDS 1
32248,2.0,2.0,VP,IDS 1
32251,2.0,2.0,VP,IDS 1
32252,2.0,2.0,VP,IDS 1
32253,2.0,2.0,VP,IDS 1
32254,2.0,2.0,VP,IDS 1
32255,2.0,2.0,VP,IDS 1
32256,2.0,2.0,VP,IDS 1
32257,2.0,2.0,VP,IDS 1
32258,2.0,2.0,VP,IDS 1
32259,2.0,2.0,VP,IDS 1
32260,2.0,2.0,VP,IDS 1
32261,2.0,2.0,VP,IDS 1
32262,2.0,2.0,VP,IDS 1
32263,2.0,2.0,VP,IDS 1
32264,2.0,2.0,VP,IDS 1
32265,2.0,2.0,VP,IDS 1
32266,2.0,2.0,VP,IDS 3
32267,2.0,2.0,VP,IDS 1
32268,2.0,2.0,VP,IDS 1
32502,5.0,3.0,FN,IDS 1
32506,1.0,3.0,FN,IDS 1
32507,1.0,3.0,FN,IDS 1
32508,0.0,3.0,FN,IDS 1
32511,0.0,3.0,FN,IDS 1
32512,1.0,3.0,FN,IDS 1
32513,0.0,3.0,FN,IDS 1
32520,1.0,3.0,FN,IDS 1
32524,1.0,3.0,FN,IDS 1
32534,5.0,3.0,FN,IDS 1
32536,0.0,3.0,FN,IDS 1
32538,1.0,3.0,FN,IDS 1
32539,0.0,3.0,FN,IDS 1
32541,1.0,3.0,FN,IDS 1
32542,5.0,3.0,FN,IDS 1
32546,0.0,3.0,FN,IDS 1
32550,0.0,3.0,FN,IDS 1
32553,0.0,3.0,FN,IDS 1
32554,0.0,3.0,FN,IDS 1
32560,1.0,3.0,FN,IDS 1
32562,0.0,3.0,FN,IDS 1
32564,1.0,3.0,FN,IDS 1
32565,1.0,3.0,FN,IDS 1
32569,1.0,3.0,FN,IDS 1
32570,1.0,3.0,FN,IDS 1
32574,1.0,3.0,FN,IDS 1
32578,5.0,3.0,FN,IDS 1
32579,1.0,3.0,FN,IDS 1
32580,1.0,3.0,FN,IDS 1
32593,5.0,3.0,FN,IDS 1
32596,1.0,3.0,FN,IDS 1
32598,0.0,3.0,FN,IDS 1
32600,1.0,3.0,FN,IDS 1
32603,1.0,3.0,FN,IDS 1
32604,0.0,3.0,FN,IDS 1
32606,1.0,3.0,FN,IDS 1
32607,5.0,3.0,FN,IDS 1
32610,1.0,3.0,FN,IDS 1
32613,0.0,3.0,FN,IDS 1
32617,0.0,3.0,FN,IDS 1
32619,5.0,3.0,FN,IDS 1
32620,5.0,3.0,FN,IDS 1
32972,1.0,3.0,FN,IDS 1
32974,0.0,3.0,FN,IDS 1
32977,1.0,3.0,FN,IDS 1
32979,1.0,3.0,FN,IDS 1
32985,0.0,3.0,FN,IDS 1
32986,1.0,3.0,FN,IDS 1
33290,0.0,3.0,FN,IDS 1
33296,0.0,3.0,FN,IDS 1
33297,5.0,3.0,FN,IDS 1
33300,0.0,3.0,FN,IDS 1
33301,1.0,3.0,FN,IDS 1
33305,1.0,3.0,FN,IDS 1
33306,1.0,3.0,FN,IDS 1
33307,0.0,3.0,FN,IDS 1
33309,5.0,3.0,FN,IDS 1
33310,1.0,3.0,FN,IDS 1
33323,0.0,3.0,FN,IDS 1
33324,1.0,3.0,FN,IDS 1
33325,0.0,3.0,FN,IDS 1
33328,0.0,3.0,FN,IDS 1
33329,1.0,3.0,FN,IDS 1
33947,1.0,3.0,FN,IDS 1
33949,0.0,3.0,FN,IDS 1
33956,1.0,3.0,FN,IDS 1
33962,0.0,3.0,FN,IDS 1
33963,0.0,3.0,FN,IDS 1
33964,1.0,3.0,FN,IDS 1
33967,1.0,3.0,FN,IDS 1
34246,0.0,3.0,FN,IDS 1
34251,1.0,3.0,FN,IDS 1
34254,1.0,3.0,FN,IDS 1
34258,5.0,3.0,FN,IDS 1
34259,1.0,3.0,FN,IDS 1
34260,0.0,3.0,FN,IDS 1
34268,5.0,3.0,FN,IDS 1
34269,1.0,3.0,FN,IDS 1
34270,0.0,3.0,FN,IDS 1
34271,0.0,3.0,FN,IDS 1
34272,1.0,3.0,FN,IDS 1
34273,1.0,3.0,FN,IDS 1
34490,1.0,3.0,FN,IDS 1
34495,1.0,3.0,FN,IDS 1
34496,1.0,3.0,FN,IDS 1
34498,1.0,3.0,FN,IDS 1
34502,0.0,3.0,FN,IDS 1
34504,1.0,3.0,FN,IDS 1
34506,0.0,3.0,FN,IDS 1
34508,0.0,3.0,FN,IDS 1
34510,5.0,3.0,FN,IDS 1
34511,0.0,3.0,FN,IDS 1
34512,1.0,3.0,FN,IDS 1
34518,1.0,3.0,FN,IDS 1
34521,1.0,3.0,FN,IDS 1
34522,1.0,3.0,FN,IDS 1
34524,1.0,3.0,FN,IDS 1
34525,1.0,3.0,FN,IDS 1
34532,1.0,3.0,FN,IDS 1
34534,1.0,3.0,FN,IDS 1
34537,1.0,3.0,FN,IDS 1
34539,1.0,3.0,FN,IDS 1
35105,0.0,4.0,FN,IDS 1
35106,0.0,4.0,FN,IDS 1
35108,0.0,4.0,FN,IDS 1
35109,0.0,4.0,FN,IDS 1
35110,0.0,4.0,FN,IDS 1
35112,0.0,4.0,FN,IDS 1
35113,0.0,4.0,FN,IDS 1
35114,0.0,4.0,FN,IDS 1
35116,0.0,4.0,FN,IDS 1
35117,0.0,4.0,FN,IDS 1
35118,1.0,4.0,FN,IDS 1
35119,0.0,4.0,FN,IDS 1
35120,0.0,4.0,FN,IDS 1
35122,0.0,4.0,FN,IDS 1
35124,0.0,4.0,FN,IDS 1
35125,0.0,4.0,FN,IDS 1
35127,0.0,4.0,FN,IDS 1
35128,0.0,4.0,FN,IDS 1
35129,0.0,4.0,FN,IDS 1
35131,0.0,4.0,FN,IDS 1
35132,0.0,4.0,FN,IDS 1
35133,0.0,4.0,FN,IDS 1
35671,0.0,4.0,FN,IDS 1
35674,0.0,4.0,FN,IDS 1
35675,0.0,4.0,FN,IDS 1
35677,0.0,4.0,FN,IDS 1
35678,0.0,4.0,FN,IDS 1
35679,0.0,4.0,FN,IDS 1
35680,0.0,4.0,FN,IDS 1
35681,0.0,4.0,FN,IDS 1
35682,0.0,4.0,FN,IDS 1
35684,0.0,4.0,FN,IDS 1
35685,0.0,4.0,FN,IDS 1
31921,2.0,2.0,VP,IDS 1
31922,2.0,2.0,VP,IDS 1
31923,2.0,2.0,VP,IDS 1
31924,2.0,2.0,VP,IDS 1
31926,2.0,2.0,VP,IDS 1
31927,2.0,2.0,VP,IDS 1
31929,2.0,2.0,VP,IDS 1
31930,2.0,2.0,VP,IDS 1
31931,2.0,2.0,VP,IDS 3
31933,2.0,2.0,VP,IDS 1
31936,2.0,2.0,VP,IDS 1
31939,2.0,2.0,VP,IDS 1
31940,2.0,2.0,VP,IDS 1
31941,2.0,2.0,VP,IDS 1
31942,2.0,2.0,VP,IDS 1
31943,2.0,2.0,VP,IDS 1
31944,2.0,2.0,VP,IDS 1
31946,2.0,2.0,VP,IDS 1
31947,2.0,2.0,VP,IDS 3
31948,2.0,2.0,VP,IDS 1
31949,2.0,2.0,VP,IDS 1
31950,2.0,2.0,VP,IDS 1
31951,2.0,2.0,VP,IDS 1
31952,2.0,2.0,VP,IDS 1
31953,2.0,2.0,VP,IDS 1
31954,2.0,2.0,VP,IDS 1
31955,2.0,2.0,VP,IDS 1
31956,2.0,2.0,VP,IDS 1
31957,2.0,2.0,VP,IDS 1
31958,2.0,2.0,VP,IDS 1
31959,2.0,2.0,VP,IDS 1
31960,2.0,2.0,VP,IDS 1
31961,2.0,2.0,VP,IDS 1
31962,2.0,2.0,VP,IDS 1
31963,2.0,2.0,VP,IDS 1
31964,2.0,2.0,VP,IDS 1
31965,2.0,2.0,VP,IDS 1
31966,2.0,2.0,VP,IDS 1
31967,2.0,2.0,VP,IDS 1
31968,2.0,2.0,VP,IDS 1
31969,2.0,2.0,VP,IDS 1
31970,2.0,2.0,VP,IDS 1
31971,2.0,2.0,VP,IDS 1
31972,2.0,2.0,VP,IDS 1
31974,2.0,2.0,VP,IDS 3
31975,2.0,2.0,VP,IDS 1
31976,2.0,2.0,VP,IDS 1
31978,2.0,2.0,VP,IDS 1
31980,2.0,2.0,VP,IDS 1
31981,2.0,2.0,VP,IDS 1
31982,2.0,2.0,VP,IDS 1
31985,2.0,2.0,VP,IDS 1
31988,2.0,2.0,VP,IDS 1
31989,2.0,2.0,VP,IDS 1
31990,2.0,2.0,VP,IDS 1
31991,2.0,2.0,VP,IDS 1
31992,2.0,2.0,VP,IDS 1
32987,1.0,3.0,FN,IDS 1
32991,1.0,3.0,FN,IDS 1
32994,5.0,3.0,FN,IDS 1
32995,1.0,3.0,FN,IDS 1
32996,1.0,3.0,FN,IDS 1
32998,1.0,3.0,FN,IDS 1
33000,0.0,3.0,FN,IDS 1
33001,1.0,3.0,FN,IDS 1
33002,1.0,3.0,FN,IDS 1
33004,1.0,3.0,FN,IDS 1
33005,0.0,3.0,FN,IDS 1
33007,1.0,3.0,FN,IDS 1
33008,1.0,3.0,FN,IDS 1
33009,0.0,3.0,FN,IDS 1
33013,1.0,3.0,FN,IDS 1
33014,0.0,3.0,FN,IDS 1
33124,1.0,3.0,FN,IDS 1
33127,1.0,3.0,FN,IDS 1
33128,0.0,3.0,FN,IDS 1
33129,0.0,3.0,FN,IDS 1
33132,0.0,3.0,FN,IDS 1
33968,0.0,3.0,FN,IDS 1
33971,1.0,3.0,FN,IDS 1
33979,0.0,3.0,FN,IDS 1
33986,5.0,3.0,FN,IDS 1
33995,0.0,3.0,FN,IDS 1
33999,0.0,3.0,FN,IDS 1
34001,1.0,3.0,FN,IDS 1
34003,0.0,3.0,FN,IDS 1
34004,5.0,3.0,FN,IDS 1
34005,0.0,3.0,FN,IDS 1
34011,1.0,3.0,FN,IDS 1
34014,0.0,3.0,FN,IDS 1
34016,1.0,3.0,FN,IDS 1
34017,0.0,3.0,FN,IDS 1
34019,5.0,3.0,FN,IDS 1
34021,0.0,3.0,FN,IDS 1
34024,1.0,3.0,FN,IDS 1
34029,1.0,3.0,FN,IDS 1
34032,1.0,3.0,FN,IDS 1
34033,1.0,3.0,FN,IDS 1
34034,1.0,3.0,FN,IDS 1
34035,1.0,3.0,FN,IDS 1
34036,1.0,3.0,FN,IDS 1
34142,1.0,3.0,FN,IDS 1
34143,1.0,3.0,FN,IDS 1
34145,5.0,3.0,FN,IDS 1
34147,1.0,3.0,FN,IDS 1
34151,0.0,3.0,FN,IDS 1
34152,0.0,3.0,FN,IDS 1
34155,0.0,3.0,FN,IDS 1
34157,1.0,3.0,FN,IDS 1
34158,1.0,3.0,FN,IDS 1
34160,1.0,3.0,FN,IDS 1
34162,1.0,3.0,FN,IDS 1
34163,5.0,3.0,FN,IDS 1
34219,0.0,3.0,FN,IDS 1
34222,1.0,3.0,FN,IDS 1
34226,1.0,3.0,FN,IDS 1
34227,0.0,3.0,FN,IDS 1
34230,1.0,3.0,FN,IDS 1
34232,0.0,3.0,FN,IDS 1
34234,1.0,3.0,FN,IDS 1
34239,0.0,3.0,FN,IDS 1
34242,5.0,3.0,FN,IDS 1
34244,0.0,3.0,FN,IDS 1
34245,1.0,3.0,FN,IDS 1
34540,0.0,3.0,FN,IDS 1
34541,0.0,3.0,FN,IDS 1
34543,0.0,3.0,FN,IDS 1
34545,0.0,3.0,FN,IDS 1
34547,5.0,3.0,FN,IDS 1
34548,0.0,3.0,FN,IDS 1
34549,5.0,3.0,FN,IDS 1
34551,1.0,3.0,FN,IDS 1
34553,0.0,3.0,FN,IDS 1
34555,1.0,3.0,FN,IDS 1
34557,0.0,3.0,FN,IDS 1
34558,0.0,3.0,FN,IDS 1
34559,1.0,3.0,FN,IDS 1
34561,0.0,3.0,FN,IDS 1
34562,1.0,3.0,FN,IDS 1
34563,1.0,3.0,FN,IDS 1
34566,1.0,3.0,FN,IDS 1
34567,1.0,3.0,FN,IDS 1
34570,1.0,3.0,FN,IDS 1
34571,0.0,3.0,FN,IDS 1
34572,0.0,3.0,FN,IDS 1
34574,5.0,3.0,FN,IDS 1
34730,1.0,3.0,FN,IDS 1
34731,1.0,3.0,FN,IDS 1
34732,1.0,3.0,FN,IDS 1
34733,0.0,3.0,FN,IDS 1
34736,0.0,3.0,FN,IDS 1
34741,1.0,3.0,FN,IDS 1
34742,1.0,3.0,FN,IDS 1
34743,1.0,3.0,FN,IDS 1
34748,0.0,3.0,FN,IDS 1
34751,0.0,3.0,FN,IDS 1
34754,0.0,3.0,FN,IDS 1
34758,1.0,3.0,FN,IDS 1
34820,1.0,3.0,FN,IDS 1
34821,1.0,3.0,FN,IDS 1
34823,0.0,3.0,FN,IDS 1
35746,0.0,4.0,FN,IDS 1
35747,0.0,4.0,FN,IDS 1
35748,0.0,4.0,FN,IDS 1
35751,0.0,4.0,FN,IDS 1
35752,0.0,4.0,FN,IDS 1
35754,0.0,4.0,FN,IDS 1
35755,0.0,4.0,FN,IDS 1
35757,0.0,4.0,FN,IDS 1
35758,0.0,4.0,FN,IDS 1
35760,0.0,4.0,FN,IDS 1
35761,0.0,4.0,FN,IDS 1
35763,0.0,4.0,FN,IDS 1
35764,0.0,4.0,FN,IDS 1
35765,0.0,4.0,FN,IDS 1
35767,0.0,4.0,FN,IDS 1
35768,0.0,4.0,FN,IDS 1
35769,0.0,4.0,FN,IDS 1
35770,0.0,4.0,FN,IDS 1
35771,0.0,4.0,FN,IDS 1
35772,0.0,4.0,FN,IDS 1
35773,0.0,4.0,FN,IDS 1
35774,0.0,4.0,FN,IDS 1
35776,0.0,4.0,FN,IDS 1
35777,0.0,4.0,FN,IDS 1
35778,0.0,4.0,FN,IDS 1
35780,0.0,4.0,FN,IDS 1
35781,0.0,4.0,FN,IDS 1
35783,0.0,4.0,FN,IDS 1
35784,0.0,4.0,FN,IDS 1
34824,1.0,3.0,FN,IDS 1
34825,1.0,3.0,FN,IDS 1
34832,1.0,3.0,FN,IDS 1
34833,1.0,3.0,FN,IDS 1
34834,1.0,3.0,FN,IDS 1
34835,1.0,3.0,FN,IDS 1
34840,1.0,3.0,FN,IDS 1
34844,1.0,3.0,FN,IDS 1
34849,1.0,3.0,FN,IDS 1
34852,0.0,3.0,FN,IDS 1
34854,1.0,3.0,FN,IDS 1
34856,0.0,3.0,FN,IDS 1
34858,1.0,3.0,FN,IDS 1
34929,0.0,3.0,FN,IDS 1
34931,5.0,3.0,FN,IDS 1
34932,1.0,3.0,FN,IDS 1
34934,0.0,3.0,FN,IDS 1
34935,1.0,3.0,FN,IDS 1
34936,1.0,3.0,FN,IDS 1
35025,0.0,4.0,FN,IDS 1
35026,0.0,4.0,FN,IDS 1
35027,0.0,4.0,FN,IDS 1
35031,0.0,4.0,FN,IDS 1
35033,0.0,4.0,FN,IDS 1
35034,0.0,4.0,FN,IDS 1
35035,0.0,4.0,FN,IDS 1
35039,0.0,4.0,FN,IDS 1
35040,0.0,4.0,FN,IDS 1
35042,0.0,4.0,FN,IDS 1
35044,0.0,4.0,FN,IDS 1
35045,0.0,4.0,FN,IDS 1
35046,0.0,4.0,FN,IDS 1
35047,0.0,4.0,FN,IDS 1
35081,0.0,4.0,FN,IDS 1
35082,0.0,4.0,FN,IDS 1
35083,0.0,4.0,FN,IDS 1
35084,0.0,4.0,FN,IDS 1
35085,0.0,4.0,FN,IDS 1
35086,0.0,4.0,FN,IDS 1
35089,0.0,4.0,FN,IDS 1
35090,0.0,4.0,FN,IDS 1
35091,0.0,4.0,FN,IDS 1
35093,0.0,4.0,FN,IDS 1
35094,0.0,4.0,FN,IDS 1
35095,0.0,4.0,FN,IDS 1
35096,0.0,4.0,FN,IDS 1
35097,0.0,4.0,FN,IDS 1
35098,0.0,4.0,FN,IDS 1
35099,0.0,4.0,FN,IDS 1
35100,0.0,4.0,FN,IDS 1
35101,0.0,4.0,FN,IDS 1
35102,0.0,4.0,FN,IDS 1
35103,0.0,4.0,FN,IDS 1
35104,0.0,4.0,FN,IDS 1
35380,0.0,4.0,FN,IDS 1
35384,0.0,4.0,FN,IDS 1
35387,0.0,4.0,FN,IDS 1
35388,0.0,4.0,FN,IDS 1
35425,0.0,4.0,FN,IDS 1
35426,0.0,4.0,FN,IDS 1
35427,0.0,4.0,FN,IDS 1
35428,0.0,4.0,FN,IDS 1
35429,0.0,4.0,FN,IDS 1
35430,0.0,4.0,FN,IDS 1
35432,0.0,4.0,FN,IDS 1
35433,0.0,4.0,FN,IDS 1
35434,0.0,4.0,FN,IDS 1
35435,0.0,4.0,FN,IDS 1
35436,0.0,4.0,FN,IDS 1
35437,0.0,4.0,FN,IDS 1
35438,0.0,4.0,FN,IDS 1
35440,0.0,4.0,FN,IDS 1
35441,0.0,4.0,FN,IDS 1
35442,0.0,4.0,FN,IDS 1
35443,0.0,4.0,FN,IDS 1
35444,0.0,4.0,FN,IDS 1
35445,0.0,4.0,FN,IDS 1
35446,0.0,4.0,FN,IDS 1
35447,0.0,4.0,FN,IDS 1
35448,0.0,4.0,FN,IDS 1
35449,0.0,4.0,FN,IDS 1
35514,0.0,4.0,FN,IDS 1
40256,0.0,6.0,FN,IDS 1
40284,6.0,6.0,VP,IDS 3
40285,0.0,6.0,FN,IDS 1
40286,2.0,6.0,FN,IDS 1
40287,2.0,6.0,FN,IDS 1
40288,2.0,6.0,FN,IDS 1
40289,6.0,6.0,VP,IDS 3
40290,6.0,6.0,VP,IDS 3
40291,2.0,6.0,FN,IDS 1
40292,6.0,6.0,VP,IDS 3
40294,6.0,6.0,VP,IDS 3
40295,6.0,6.0,VP,IDS 3
40296,0.0,6.0,FN,IDS 1
40297,2.0,6.0,FN,IDS 1
40298,0.0,6.0,FN,IDS 1
40299,0.0,6.0,FN,IDS 1
40300,2.0,6.0,FN,IDS 1
40301,0.0,6.0,FN,IDS 1
40302,0.0,6.0,FN,IDS 1
40303,0.0,6.0,FN,IDS 1
40304,0.0,6.0,FN,IDS 1
40350,2.0,6.0,FN,IDS 1
40351,0.0,6.0,FN,IDS 1
40352,0.0,6.0,FN,IDS 1
40353,6.0,6.0,VP,IDS 3
40355,6.0,6.0,VP,IDS 3
40356,0.0,6.0,FN,IDS 1
40357,0.0,6.0,FN,IDS 1
40358,2.0,6.0,FN,IDS 1
40359,0.0,6.0,FN,IDS 1
40360,0.0,6.0,FN,IDS 1
40361,0.0,6.0,FN,IDS 1
40362,0.0,6.0,FN,IDS 1
40363,0.0,6.0,FN,IDS 1
40364,0.0,6.0,FN,IDS 1
40366,0.0,6.0,FN,IDS 1
40368,0.0,6.0,FN,IDS 1
40369,6.0,6.0,VP,IDS 3
40370,2.0,6.0,FN,IDS 1
40371,0.0,6.0,FN,IDS 1
40373,0.0,6.0,FN,IDS 1
40374,6.0,6.0,VP,IDS 3
40397,0.0,6.0,FN,IDS 1
40398,0.0,6.0,FN,IDS 1
40399,0.0,6.0,FN,IDS 1
40400,2.0,6.0,FN,IDS 1
40401,0.0,6.0,FN,IDS 1
40402,0.0,6.0,FN,IDS 1
40403,6.0,6.0,VP,IDS 3
40404,0.0,6.0,FN,IDS 1
40405,0.0,6.0,FN,IDS 1
40407,0.0,6.0,FN,IDS 1
40408,0.0,6.0,FN,IDS 1
40409,0.0,6.0,FN,IDS 1
40410,6.0,6.0,VP,IDS 3
40411,0.0,6.0,FN,IDS 1
40412,2.0,6.0,FN,IDS 1
40413,0.0,6.0,FN,IDS 1
40414,0.0,6.0,FN,IDS 1
40415,6.0,6.0,VP,IDS 3
40416,0.0,6.0,FN,IDS 1
40417,0.0,6.0,FN,IDS 1
40418,6.0,6.0,VP,IDS 3
40419,2.0,6.0,FN,IDS 1
40468,2.0,6.0,FN,IDS 1
40469,2.0,6.0,FN,IDS 1
40470,2.0,6.0,FN,IDS 1
40471,6.0,6.0,VP,IDS 3
40473,0.0,6.0,FN,IDS 1
40474,6.0,6.0,VP,IDS 3
40476,0.0,6.0,FN,IDS 1
40477,0.0,6.0,FN,IDS 1
40478,6.0,6.0,VP,IDS 3
40479,0.0,6.0,FN,IDS 1
40480,0.0,6.0,FN,IDS 1
40481,2.0,6.0,FN,IDS 1
40483,0.0,6.0,FN,IDS 1
40484,0.0,6.0,FN,IDS 1
40485,6.0,6.0,VP,IDS 3
40736,0.0,6.0,FN,IDS 1
40737,0.0,6.0,FN,IDS 1
40738,2.0,6.0,FN,IDS 1
40739,0.0,6.0,FN,IDS 1
40740,2.0,6.0,FN,IDS 1
40741,0.0,6.0,FN,IDS 1
40743,0.0,6.0,FN,IDS 1
40744,0.0,6.0,FN,IDS 1
40745,0.0,6.0,FN,IDS 1
40746,2.0,6.0,FN,IDS 1
40748,0.0,6.0,FN,IDS 1
40750,0.0,6.0,FN,IDS 1
40751,0.0,6.0,FN,IDS 1
40753,0.0,6.0,FN,IDS 1
40754,6.0,6.0,VP,IDS 3
40755,6.0,6.0,VP,IDS 3
40756,0.0,6.0,FN,IDS 1
40757,6.0,6.0,VP,IDS 3
40758,6.0,6.0,VP,IDS 3
40759,2.0,6.0,FN,IDS 1
40760,6.0,6.0,VP,IDS 3
40761,2.0,6.0,FN,IDS 1
40762,0.0,6.0,FN,IDS 1
40763,0.0,6.0,FN,IDS 1
40764,2.0,6.0,FN,IDS 1
40765,0.0,6.0,FN,IDS 1
40766,0.0,6.0,FN,IDS 1
40768,2.0,6.0,FN,IDS 1
40769,6.0,6.0,VP,IDS 3
40770,0.0,6.0,FN,IDS 1
40771,2.0,6.0,FN,IDS 1
40773,0.0,6.0,FN,IDS 1
40774,0.0,6.0,FN,IDS 1
41010,0.0,6.0,FN,IDS 1
41011,0.0,6.0,FN,IDS 1
41012,2.0,6.0,FN,IDS 1
41013,0.0,6.0,FN,IDS 1
41014,2.0,6.0,FN,IDS 1
41016,0.0,6.0,FN,IDS 1
41018,2.0,6.0,FN,IDS 1
41020,0.0,6.0,FN,IDS 1
41022,0.0,6.0,FN,IDS 1
41023,2.0,6.0,FN,IDS 1
41025,0.0,6.0,FN,IDS 1
41026,0.0,6.0,FN,IDS 1
41027,6.0,6.0,VP,IDS 3
41028,6.0,6.0,VP,IDS 3
41030,2.0,6.0,FN,IDS 1
41031,0.0,6.0,FN,IDS 1
41032,2.0,6.0,FN,IDS 1
41033,6.0,6.0,VP,IDS 3
41034,0.0,6.0,FN,IDS 1
41035,6.0,6.0,VP,IDS 3
41036,0.0,6.0,FN,IDS 1
41037,2.0,6.0,FN,IDS 1
41531,2.0,6.0,FN,IDS 1
41532,2.0,6.0,FN,IDS 1
41533,6.0,6.0,VP,IDS 3
41535,0.0,6.0,FN,IDS 1
41536,0.0,6.0,FN,IDS 1
41537,0.0,6.0,FN,IDS 1
41538,0.0,6.0,FN,IDS 1
41539,0.0,6.0,FN,IDS 1
41540,0.0,6.0,FN,IDS 1
41541,2.0,6.0,FN,IDS 1
41542,6.0,6.0,VP,IDS 3
41543,6.0,6.0,VP,IDS 3
41544,0.0,6.0,FN,IDS 1
41545,0.0,6.0,FN,IDS 1
41546,2.0,6.0,FN,IDS 1
41547,0.0,6.0,FN,IDS 1
41548,6.0,6.0,VP,IDS 3
41574,1.0,6.0,FN,IDS 1
41575,0.0,6.0,FN,IDS 1
41576,0.0,6.0,FN,IDS 1
41577,0.0,6.0,FN,IDS 1
41578,0.0,6.0,FN,IDS 1
41579,2.0,6.0,FN,IDS 1
41580,0.0,6.0,FN,IDS 1
41581,0.0,6.0,FN,IDS 1
41771,2.0,6.0,FN,IDS 1
41889,0.0,6.0,FN,IDS 1
41890,0.0,6.0,FN,IDS 1
41891,6.0,6.0,VP,IDS 3
41892,0.0,6.0,FN,IDS 1
41893,0.0,6.0,FN,IDS 1
41895,2.0,6.0,FN,IDS 1
41896,6.0,6.0,VP,IDS 3
41897,6.0,6.0,VP,IDS 3
35075,0.0,4.0,FN,IDS 1
35076,0.0,4.0,FN,IDS 1
35077,0.0,4.0,FN,IDS 1
35134,0.0,4.0,FN,IDS 1
35135,0.0,4.0,FN,IDS 1
35137,0.0,4.0,FN,IDS 1
35138,0.0,4.0,FN,IDS 1
35140,0.0,4.0,FN,IDS 1
35142,0.0,4.0,FN,IDS 1
35145,0.0,4.0,FN,IDS 1
35146,0.0,4.0,FN,IDS 1
35210,0.0,4.0,FN,IDS 1
35211,0.0,4.0,FN,IDS 1
35212,0.0,4.0,FN,IDS 1
35215,0.0,4.0,FN,IDS 1
35216,0.0,4.0,FN,IDS 1
35218,0.0,4.0,FN,IDS 1
35219,0.0,4.0,FN,IDS 1
35220,0.0,4.0,FN,IDS 1
35221,0.0,4.0,FN,IDS 1
35222,0.0,4.0,FN,IDS 1
35223,0.0,4.0,FN,IDS 1
35224,0.0,4.0,FN,IDS 1
35225,0.0,4.0,FN,IDS 1
35226,0.0,4.0,FN,IDS 1
35229,0.0,4.0,FN,IDS 1
35230,0.0,4.0,FN,IDS 1
35231,0.0,4.0,FN,IDS 1
35232,0.0,4.0,FN,IDS 1
35234,0.0,4.0,FN,IDS 1
35236,0.0,4.0,FN,IDS 1
35237,0.0,4.0,FN,IDS 1
35356,0.0,4.0,FN,IDS 1
35358,0.0,4.0,FN,IDS 1
35359,0.0,4.0,FN,IDS 1
35360,0.0,4.0,FN,IDS 1
35362,0.0,4.0,FN,IDS 1
35363,0.0,4.0,FN,IDS 1
35364,0.0,4.0,FN,IDS 1
35367,0.0,4.0,FN,IDS 1
35368,0.0,4.0,FN,IDS 1
35369,0.0,4.0,FN,IDS 1
35370,0.0,4.0,FN,IDS 1
35371,0.0,4.0,FN,IDS 1
35372,0.0,4.0,FN,IDS 1
35374,0.0,4.0,FN,IDS 1
35375,0.0,4.0,FN,IDS 1
35376,0.0,4.0,FN,IDS 1
35377,0.0,4.0,FN,IDS 1
35378,0.0,4.0,FN,IDS 1
35516,0.0,4.0,FN,IDS 1
35517,0.0,4.0,FN,IDS 1
35518,0.0,4.0,FN,IDS 1
35519,0.0,4.0,FN,IDS 1
35520,0.0,4.0,FN,IDS 1
35521,0.0,4.0,FN,IDS 1
35522,0.0,4.0,FN,IDS 1
35523,0.0,4.0,FN,IDS 1
35524,0.0,4.0,FN,IDS 1
35525,0.0,4.0,FN,IDS 1
35526,0.0,4.0,FN,IDS 1
35527,0.0,4.0,FN,IDS 1
35528,0.0,4.0,FN,IDS 1
35529,0.0,4.0,FN,IDS 1
35530,0.0,4.0,FN,IDS 1
35531,0.0,4.0,FN,IDS 1
35533,0.0,4.0,FN,IDS 1
35534,0.0,4.0,FN,IDS 1
35535,0.0,4.0,FN,IDS 1
35536,0.0,4.0,FN,IDS 1
35537,0.0,4.0,FN,IDS 1
35538,0.0,4.0,FN,IDS 1
35539,0.0,4.0,FN,IDS 1
35541,0.0,4.0,FN,IDS 1
35542,0.0,4.0,FN,IDS 1
35543,0.0,4.0,FN,IDS 1
35544,0.0,4.0,FN,IDS 1
35546,0.0,4.0,FN,IDS 1
35547,0.0,4.0,FN,IDS 1
35548,0.0,4.0,FN,IDS 1
35549,0.0,4.0,FN,IDS 1
35550,0.0,4.0,FN,IDS 1
35552,0.0,4.0,FN,IDS 1
35553,0.0,4.0,FN,IDS 1
35554,0.0,4.0,FN,IDS 1
35555,0.0,4.0,FN,IDS 1
35556,0.0,4.0,FN,IDS 1
35558,0.0,4.0,FN,IDS 1
41898,6.0,6.0,VP,IDS 3
41899,0.0,6.0,FN,IDS 1
41900,0.0,6.0,FN,IDS 1
41901,0.0,6.0,FN,IDS 1
41902,0.0,6.0,FN,IDS 1
41903,2.0,6.0,FN,IDS 1
41904,0.0,6.0,FN,IDS 1
41905,0.0,6.0,FN,IDS 1
41906,0.0,6.0,FN,IDS 1
41907,0.0,6.0,FN,IDS 1
41908,0.0,6.0,FN,IDS 1
42262,2.0,6.0,FN,IDS 1
42263,2.0,6.0,FN,IDS 1
42264,6.0,6.0,VP,IDS 3
42266,0.0,6.0,FN,IDS 1
42267,2.0,6.0,FN,IDS 1
42268,0.0,6.0,FN,IDS 1
42269,0.0,6.0,FN,IDS 1
42270,0.0,6.0,FN,IDS 1
42271,6.0,6.0,VP,IDS 3
42272,6.0,6.0,VP,IDS 3
42273,2.0,6.0,FN,IDS 1
42274,2.0,6.0,FN,IDS 1
42275,0.0,6.0,FN,IDS 1
42276,2.0,6.0,FN,IDS 1
42277,2.0,6.0,FN,IDS 1
42299,0.0,6.0,FN,IDS 1
42300,6.0,6.0,VP,IDS 3
42301,0.0,6.0,FN,IDS 1
42302,6.0,6.0,VP,IDS 3
42303,0.0,6.0,FN,IDS 1
42304,0.0,6.0,FN,IDS 1
42852,7.0,7.0,VP,IDS 3
42853,7.0,7.0,VP,IDS 3
42854,7.0,7.0,VP,IDS 3
42855,7.0,7.0,VP,IDS 3
42856,7.0,7.0,VP,IDS 3
42857,7.0,7.0,VP,IDS 3
42944,7.0,7.0,VP,IDS 3
42945,7.0,7.0,VP,IDS 3
42946,7.0,7.0,VP,IDS 3
42947,7.0,7.0,VP,IDS 3
42948,7.0,7.0,VP,IDS 3
42949,7.0,7.0,VP,IDS 3
42950,7.0,7.0,VP,IDS 3
42952,7.0,7.0,VP,IDS 3
42953,7.0,7.0,VP,IDS 3
42954,2.0,7.0,FN,IDS 1
42955,7.0,7.0,VP,IDS 3
42956,2.0,7.0,FN,IDS 1
42957,7.0,7.0,VP,IDS 3
42958,7.0,7.0,VP,IDS 3
42959,2.0,7.0,FN,IDS 1
42960,7.0,7.0,VP,IDS 3
42961,7.0,7.0,VP,IDS 3
42962,7.0,7.0,VP,IDS 3
42963,7.0,7.0,VP,IDS 3
42964,2.0,7.0,FN,IDS 1
42997,2.0,7.0,FN,IDS 1
42998,7.0,7.0,VP,IDS 3
42999,7.0,7.0,VP,IDS 3
43000,7.0,7.0,VP,IDS 3
43001,7.0,7.0,VP,IDS 3
43002,7.0,7.0,VP,IDS 3
43003,7.0,7.0,VP,IDS 3
43004,7.0,7.0,VP,IDS 3
43005,7.0,7.0,VP,IDS 3
43006,7.0,7.0,VP,IDS 3
43007,7.0,7.0,VP,IDS 3
43008,7.0,7.0,VP,IDS 3
43009,7.0,7.0,VP,IDS 3
43010,7.0,7.0,VP,IDS 3
43011,7.0,7.0,VP,IDS 3
43012,7.0,7.0,VP,IDS 3
43013,7.0,7.0,VP,IDS 3
43014,7.0,7.0,VP,IDS 3
43015,2.0,7.0,FN,IDS 1
43016,7.0,7.0,VP,IDS 3
43017,7.0,7.0,VP,IDS 3
43018,7.0,7.0,VP,IDS 3
43019,7.0,7.0,VP,IDS 3
43020,7.0,7.0,VP,IDS 3
43180,7.0,7.0,VP,IDS 3
43181,7.0,7.0,VP,IDS 3
43182,7.0,7.0,VP,IDS 3
43183,7.0,7.0,VP,IDS 3
43184,7.0,7.0,VP,IDS 3
43416,7.0,7.0,VP,IDS 3
43417,7.0,7.0,VP,IDS 3
43418,7.0,7.0,VP,IDS 3
43419,7.0,7.0,VP,IDS 3
43420,7.0,7.0,VP,IDS 3
43421,7.0,7.0,VP,IDS 3
43422,7.0,7.0,VP,IDS 3
43423,7.0,7.0,VP,IDS 3
43424,7.0,7.0,VP,IDS 3
43425,7.0,7.0,VP,IDS 3
43426,7.0,7.0,VP,IDS 3
43427,7.0,7.0,VP,IDS 3
43428,7.0,7.0,VP,IDS 3
43429,7.0,7.0,VP,IDS 3
43430,7.0,7.0,VP,IDS 3
43431,7.0,7.0,VP,IDS 3
43432,7.0,7.0,VP,IDS 3
43433,7.0,7.0,VP,IDS 3
43434,7.0,7.0,VP,IDS 3
43435,7.0,7.0,VP,IDS 3
43436,7.0,7.0,VP,IDS 3
43437,7.0,7.0,VP,IDS 3
43438,7.0,7.0,VP,IDS 3
43439,7.0,7.0,VP,IDS 3
43440,2.0,7.0,FN,IDS 1
43441,7.0,7.0,VP,IDS 3
43442,7.0,7.0,VP,IDS 3
43443,7.0,7.0,VP,IDS 3
43444,7.0,7.0,VP,IDS 3
43445,7.0,7.0,VP,IDS 3
43446,7.0,7.0,VP,IDS 3
43447,7.0,7.0,VP,IDS 3
43448,7.0,7.0,VP,IDS 3
43449,7.0,7.0,VP,IDS 3
35559,0.0,4.0,FN,IDS 1
35560,0.0,4.0,FN,IDS 1
35561,0.0,4.0,FN,IDS 1
35564,0.0,4.0,FN,IDS 1
35565,0.0,4.0,FN,IDS 1
35657,0.0,4.0,FN,IDS 1
35659,0.0,4.0,FN,IDS 1
35661,0.0,4.0,FN,IDS 1
35663,0.0,4.0,FN,IDS 1
35665,0.0,4.0,FN,IDS 1
35666,0.0,4.0,FN,IDS 1
35667,0.0,4.0,FN,IDS 1
35668,0.0,4.0,FN,IDS 1
35669,0.0,4.0,FN,IDS 1
35670,0.0,4.0,FN,IDS 1
35907,0.0,4.0,FN,IDS 1
35908,0.0,4.0,FN,IDS 1
35909,0.0,4.0,FN,IDS 1
35910,0.0,4.0,FN,IDS 1
35911,0.0,4.0,FN,IDS 1
35912,0.0,4.0,FN,IDS 1
35913,0.0,4.0,FN,IDS 1
35914,0.0,4.0,FN,IDS 1
35915,0.0,4.0,FN,IDS 1
35916,0.0,4.0,FN,IDS 1
35917,0.0,4.0,FN,IDS 1
35918,0.0,4.0,FN,IDS 1
35919,0.0,4.0,FN,IDS 1
35920,0.0,4.0,FN,IDS 1
35922,0.0,4.0,FN,IDS 1
35923,0.0,4.0,FN,IDS 1
35924,0.0,4.0,FN,IDS 1
35925,0.0,4.0,FN,IDS 1
36042,0.0,4.0,FN,IDS 1
36043,0.0,4.0,FN,IDS 1
36045,0.0,4.0,FN,IDS 1
36047,0.0,4.0,FN,IDS 1
36048,0.0,4.0,FN,IDS 1
36050,0.0,4.0,FN,IDS 1
36051,0.0,4.0,FN,IDS 1
36052,0.0,4.0,FN,IDS 1
36053,0.0,4.0,FN,IDS 1
36058,0.0,4.0,FN,IDS 1
36060,0.0,4.0,FN,IDS 1
36061,0.0,4.0,FN,IDS 1
36062,0.0,4.0,FN,IDS 1
36065,0.0,4.0,FN,IDS 1
36066,0.0,4.0,FN,IDS 1
36067,0.0,4.0,FN,IDS 1
36068,0.0,4.0,FN,IDS 1
36069,0.0,4.0,FN,IDS 1
36073,0.0,4.0,FN,IDS 1
36075,0.0,4.0,FN,IDS 1
36076,0.0,4.0,FN,IDS 1
36077,0.0,4.0,FN,IDS 1
36078,0.0,4.0,FN,IDS 1
36178,0.0,4.0,FN,IDS 1
36179,0.0,4.0,FN,IDS 1
36180,0.0,4.0,FN,IDS 1
36181,0.0,4.0,FN,IDS 1
36182,0.0,4.0,FN,IDS 1
36183,0.0,4.0,FN,IDS 1
36186,0.0,4.0,FN,IDS 1
36187,0.0,4.0,FN,IDS 1
36188,0.0,4.0,FN,IDS 1
36190,0.0,4.0,FN,IDS 1
36192,0.0,4.0,FN,IDS 1
36193,0.0,4.0,FN,IDS 1
36194,0.0,4.0,FN,IDS 1
39969,5.0,5.0,VP,IDS 1
39970,5.0,5.0,VP,IDS 1
39971,5.0,5.0,VP,IDS 3
39974,5.0,5.0,VP,IDS 1
39977,5.0,5.0,VP,IDS 1
39979,5.0,5.0,VP,IDS 3
39983,5.0,5.0,VP,IDS 1
39985,5.0,5.0,VP,IDS 1
39987,5.0,5.0,VP,IDS 1
39991,5.0,5.0,VP,IDS 1
39992,5.0,5.0,VP,IDS 1
39994,5.0,5.0,VP,IDS 1
39996,0.0,6.0,FN,IDS 1
39997,0.0,6.0,FN,IDS 1
39999,0.0,6.0,FN,IDS 1
40985,6.0,6.0,VP,IDS 3
40986,6.0,6.0,VP,IDS 3
40987,0.0,6.0,FN,IDS 1
40988,2.0,6.0,FN,IDS 1
40989,0.0,6.0,FN,IDS 1
40990,0.0,6.0,FN,IDS 1
40991,0.0,6.0,FN,IDS 1
40992,0.0,6.0,FN,IDS 1
40993,0.0,6.0,FN,IDS 1
40994,0.0,6.0,FN,IDS 1
40995,0.0,6.0,FN,IDS 1
40996,2.0,6.0,FN,IDS 1
40997,0.0,6.0,FN,IDS 1
40998,2.0,6.0,FN,IDS 1
40999,2.0,6.0,FN,IDS 1
41000,0.0,6.0,FN,IDS 1
41001,6.0,6.0,VP,IDS 3
41002,0.0,6.0,FN,IDS 1
41003,0.0,6.0,FN,IDS 1
41004,0.0,6.0,FN,IDS 1
41005,0.0,6.0,FN,IDS 1
41006,0.0,6.0,FN,IDS 1
41007,0.0,6.0,FN,IDS 1
41008,0.0,6.0,FN,IDS 1
41009,2.0,6.0,FN,IDS 1
41038,0.0,6.0,FN,IDS 1
41039,0.0,6.0,FN,IDS 1
41040,0.0,6.0,FN,IDS 1
41041,0.0,6.0,FN,IDS 1
41042,2.0,6.0,FN,IDS 1
41043,6.0,6.0,VP,IDS 3
41044,0.0,6.0,FN,IDS 1
41045,0.0,6.0,FN,IDS 1
41046,2.0,6.0,FN,IDS 1
41286,2.0,6.0,FN,IDS 1
41287,0.0,6.0,FN,IDS 1
41288,0.0,6.0,FN,IDS 1
41289,0.0,6.0,FN,IDS 1
41290,0.0,6.0,FN,IDS 1
41292,0.0,6.0,FN,IDS 1
41293,0.0,6.0,FN,IDS 1
41294,0.0,6.0,FN,IDS 1
41295,6.0,6.0,VP,IDS 3
41297,0.0,6.0,FN,IDS 1
41298,0.0,6.0,FN,IDS 1
41299,0.0,6.0,FN,IDS 1
41301,0.0,6.0,FN,IDS 1
41302,0.0,6.0,FN,IDS 1
41303,6.0,6.0,VP,IDS 3
41304,0.0,6.0,FN,IDS 1
41306,0.0,6.0,FN,IDS 1
41307,2.0,6.0,FN,IDS 1
41308,0.0,6.0,FN,IDS 1
41309,0.0,6.0,FN,IDS 1
41459,0.0,6.0,FN,IDS 1
41461,6.0,6.0,VP,IDS 3
41462,0.0,6.0,FN,IDS 1
41463,0.0,6.0,FN,IDS 1
41464,6.0,6.0,VP,IDS 3
41465,0.0,6.0,FN,IDS 1
41466,2.0,6.0,FN,IDS 1
41467,0.0,6.0,FN,IDS 1
41468,0.0,6.0,FN,IDS 1
41469,6.0,6.0,VP,IDS 3
41470,2.0,6.0,FN,IDS 1
41471,0.0,6.0,FN,IDS 1
41472,6.0,6.0,VP,IDS 3
41473,6.0,6.0,VP,IDS 3
41474,6.0,6.0,VP,IDS 3
41475,6.0,6.0,VP,IDS 3
41476,0.0,6.0,FN,IDS 1
41477,6.0,6.0,VP,IDS 3
41667,0.0,6.0,FN,IDS 1
41668,0.0,6.0,FN,IDS 1
41669,6.0,6.0,VP,IDS 3
41671,2.0,6.0,FN,IDS 1
41672,2.0,6.0,FN,IDS 1
41720,6.0,6.0,VP,IDS 3
41721,2.0,6.0,FN,IDS 1
41722,2.0,6.0,FN,IDS 1
41723,6.0,6.0,VP,IDS 3
41724,0.0,6.0,FN,IDS 1
41725,2.0,6.0,FN,IDS 1
41726,0.0,6.0,FN,IDS 1
41727,6.0,6.0,VP,IDS 3
41728,6.0,6.0,VP,IDS 3
41730,0.0,6.0,FN,IDS 1
41731,0.0,6.0,FN,IDS 1
41732,6.0,6.0,VP,IDS 3
41733,6.0,6.0,VP,IDS 3
41734,0.0,6.0,FN,IDS 1
41736,0.0,6.0,FN,IDS 1
41738,0.0,6.0,FN,IDS 1
41740,0.0,6.0,FN,IDS 1
41742,0.0,6.0,FN,IDS 1
41743,6.0,6.0,VP,IDS 3
41744,6.0,6.0,VP,IDS 3
41745,6.0,6.0,VP,IDS 3
41746,0.0,6.0,FN,IDS 1
41747,0.0,6.0,FN,IDS 1
41748,6.0,6.0,VP,IDS 3
41749,2.0,6.0,FN,IDS 1
41751,6.0,6.0,VP,IDS 3
41752,0.0,6.0,FN,IDS 1
41753,0.0,6.0,FN,IDS 1
41758,6.0,6.0,VP,IDS 3
41759,2.0,6.0,FN,IDS 1
41761,6.0,6.0,VP,IDS 3
41762,6.0,6.0,VP,IDS 3
41763,0.0,6.0,FN,IDS 1
41764,0.0,6.0,FN,IDS 1
41765,6.0,6.0,VP,IDS 3
41767,0.0,6.0,FN,IDS 1
41768,6.0,6.0,VP,IDS 3
41769,2.0,6.0,FN,IDS 1
41770,0.0,6.0,FN,IDS 1
41909,0.0,6.0,FN,IDS 1
41933,0.0,6.0,FN,IDS 1
41934,2.0,6.0,FN,IDS 1
41935,2.0,6.0,FN,IDS 1
41936,0.0,6.0,FN,IDS 1
41937,0.0,6.0,FN,IDS 1
41939,6.0,6.0,VP,IDS 3
41941,0.0,6.0,FN,IDS 1
41942,0.0,6.0,FN,IDS 1
41943,0.0,6.0,FN,IDS 1
41944,0.0,6.0,FN,IDS 1
41945,0.0,6.0,FN,IDS 1
41946,6.0,6.0,VP,IDS 3
41947,0.0,6.0,FN,IDS 1
41948,6.0,6.0,VP,IDS 3
41949,0.0,6.0,FN,IDS 1
41950,0.0,6.0,FN,IDS 1
41951,6.0,6.0,VP,IDS 3
41952,0.0,6.0,FN,IDS 1
41953,6.0,6.0,VP,IDS 3
41955,0.0,6.0,FN,IDS 1
41956,0.0,6.0,FN,IDS 1
41957,2.0,6.0,FN,IDS 1
42118,2.0,6.0,FN,IDS 1
42119,0.0,6.0,FN,IDS 1
42120,0.0,6.0,FN,IDS 1
42122,6.0,6.0,VP,IDS 3
42123,6.0,6.0,VP,IDS 3
42124,0.0,6.0,FN,IDS 1
42125,0.0,6.0,FN,IDS 1
42126,0.0,6.0,FN,IDS 1
42127,6.0,6.0,VP,IDS 3
42128,0.0,6.0,FN,IDS 1
42129,0.0,6.0,FN,IDS 1
42130,2.0,6.0,FN,IDS 1
42131,2.0,6.0,FN,IDS 1
42133,0.0,6.0,FN,IDS 1
42134,0.0,6.0,FN,IDS 1
42135,0.0,6.0,FN,IDS 1
42136,2.0,6.0,FN,IDS 1
42137,6.0,6.0,VP,IDS 3
42139,0.0,6.0,FN,IDS 1
42140,0.0,6.0,FN,IDS 1
42164,6.0,6.0,VP,IDS 3
42166,0.0,6.0,FN,IDS 1
42168,0.0,6.0,FN,IDS 1
42305,0.0,6.0,FN,IDS 1
42306,2.0,6.0,FN,IDS 1
42307,6.0,6.0,VP,IDS 3
42308,0.0,6.0,FN,IDS 1
42309,0.0,6.0,FN,IDS 1
42310,6.0,6.0,VP,IDS 3
42311,0.0,6.0,FN,IDS 1
42312,0.0,6.0,FN,IDS 1
42313,0.0,6.0,FN,IDS 1
42314,1.0,6.0,FN,IDS 1
42315,0.0,6.0,FN,IDS 1
42316,0.0,6.0,FN,IDS 1
42318,0.0,6.0,FN,IDS 1
42319,0.0,6.0,FN,IDS 1
42320,0.0,6.0,FN,IDS 1
42321,0.0,6.0,FN,IDS 1
42344,6.0,6.0,VP,IDS 3
42345,0.0,6.0,FN,IDS 1
42346,6.0,6.0,VP,IDS 3
42347,0.0,6.0,FN,IDS 1
42348,0.0,6.0,FN,IDS 1
42349,2.0,6.0,FN,IDS 1
42350,0.0,6.0,FN,IDS 1
42351,0.0,6.0,FN,IDS 1
42354,2.0,6.0,FN,IDS 1
42355,2.0,6.0,FN,IDS 1
42356,6.0,6.0,VP,IDS 3
42357,0.0,6.0,FN,IDS 1
42358,2.0,6.0,FN,IDS 1
42359,6.0,6.0,VP,IDS 3
42360,0.0,6.0,FN,IDS 1
42361,6.0,6.0,VP,IDS 3
42362,0.0,6.0,FN,IDS 1
42363,0.0,6.0,FN,IDS 1
42364,0.0,6.0,FN,IDS 1
42366,0.0,6.0,FN,IDS 1
42485,2.0,6.0,FN,IDS 1
42486,0.0,6.0,FN,IDS 1
42487,0.0,6.0,FN,IDS 1
42488,0.0,6.0,FN,IDS 1
42489,6.0,6.0,VP,IDS 3
42805,2.0,7.0,FN,IDS 1
42806,7.0,7.0,VP,IDS 3
42807,7.0,7.0,VP,IDS 3
42808,7.0,7.0,VP,IDS 3
42809,2.0,7.0,FN,IDS 1
42810,7.0,7.0,VP,IDS 3
42811,7.0,7.0,VP,IDS 3
42812,7.0,7.0,VP,IDS 3
42813,7.0,7.0,VP,IDS 3
42814,7.0,7.0,VP,IDS 3
42836,7.0,7.0,VP,IDS 3
42837,7.0,7.0,VP,IDS 3
42838,7.0,7.0,VP,IDS 3
42839,7.0,7.0,VP,IDS 3
42840,7.0,7.0,VP,IDS 3
42841,7.0,7.0,VP,IDS 3
42842,7.0,7.0,VP,IDS 3
42843,7.0,7.0,VP,IDS 3
42844,7.0,7.0,VP,IDS 3
42845,7.0,7.0,VP,IDS 3
42846,7.0,7.0,VP,IDS 3
42847,7.0,7.0,VP,IDS 3
42848,7.0,7.0,VP,IDS 3
42849,7.0,7.0,VP,IDS 3
42850,7.0,7.0,VP,IDS 3
42851,7.0,7.0,VP,IDS 3
43021,7.0,7.0,VP,IDS 3
43068,7.0,7.0,VP,IDS 3
43069,7.0,7.0,VP,IDS 3
43070,2.0,7.0,FN,IDS 1
43071,7.0,7.0,VP,IDS 3
43073,7.0,7.0,VP,IDS 3
43074,7.0,7.0,VP,IDS 3
43075,7.0,7.0,VP,IDS 3
43076,7.0,7.0,VP,IDS 3
43077,7.0,7.0,VP,IDS 3
43078,7.0,7.0,VP,IDS 3
43079,7.0,7.0,VP,IDS 3
43080,7.0,7.0,VP,IDS 3
43081,7.0,7.0,VP,IDS 3
43082,7.0,7.0,VP,IDS 3
43083,2.0,7.0,FN,IDS 1
43084,7.0,7.0,VP,IDS 3
43085,7.0,7.0,VP,IDS 3
43086,7.0,7.0,VP,IDS 3
43087,2.0,7.0,FN,IDS 1
43088,7.0,7.0,VP,IDS 3
43089,7.0,7.0,VP,IDS 3
43450,7.0,7.0,VP,IDS 3
43451,7.0,7.0,VP,IDS 3
43452,7.0,7.0,VP,IDS 3
43453,7.0,7.0,VP,IDS 3
43454,7.0,7.0,VP,IDS 3
43455,7.0,7.0,VP,IDS 3
43456,2.0,7.0,FN,IDS 1
43457,7.0,7.0,VP,IDS 3
43458,7.0,7.0,VP,IDS 3
43459,7.0,7.0,VP,IDS 3
43460,7.0,7.0,VP,IDS 3
43461,7.0,7.0,VP,IDS 3
43462,2.0,7.0,FN,IDS 1
43463,7.0,7.0,VP,IDS 3
43464,7.0,7.0,VP,IDS 3
43465,7.0,7.0,VP,IDS 3
43466,2.0,7.0,FN,IDS 1
43467,7.0,7.0,VP,IDS 3
43468,2.0,7.0,FN,IDS 1
43469,7.0,7.0,VP,IDS 3
43470,7.0,7.0,VP,IDS 3
43471,7.0,7.0,VP,IDS 3
43472,2.0,7.0,FN,IDS 1
43473,7.0,7.0,VP,IDS 3
43474,7.0,7.0,VP,IDS 3
43475,7.0,7.0,VP,IDS 3
43476,7.0,7.0,VP,IDS 3
43477,7.0,7.0,VP,IDS 3
43478,7.0,7.0,VP,IDS 3
43479,2.0,7.0,FN,IDS 1
43480,7.0,7.0,VP,IDS 3
43481,7.0,7.0,VP,IDS 3
43482,7.0,7.0,VP,IDS 3
43606,7.0,7.0,VP,IDS 3
43607,7.0,7.0,VP,IDS 3
43608,7.0,7.0,VP,IDS 3
43609,7.0,7.0,VP,IDS 3
43610,7.0,7.0,VP,IDS 3
38949,5.0,5.0,VP,IDS 1
38951,5.0,5.0,VP,IDS 1
38952,5.0,5.0,VP,IDS 1
38956,5.0,5.0,VP,IDS 1
38957,5.0,5.0,VP,IDS 3
38958,5.0,5.0,VP,IDS 1
38965,5.0,5.0,VP,IDS 1
38967,5.0,5.0,VP,IDS 1
38973,5.0,5.0,VP,IDS 1
38975,5.0,5.0,VP,IDS 1
38976,5.0,5.0,VP,IDS 3
38986,5.0,5.0,VP,IDS 3
38990,5.0,5.0,VP,IDS 1
38994,5.0,5.0,VP,IDS 3
38995,5.0,5.0,VP,IDS 1
38996,5.0,5.0,VP,IDS 1
38999,5.0,5.0,VP,IDS 1
39000,5.0,5.0,VP,IDS 1
39004,5.0,5.0,VP,IDS 1
39005,5.0,5.0,VP,IDS 3
39010,5.0,5.0,VP,IDS 1
39011,5.0,5.0,VP,IDS 1
39014,5.0,5.0,VP,IDS 1
39015,5.0,5.0,VP,IDS 1
39064,5.0,5.0,VP,IDS 1
39065,5.0,5.0,VP,IDS 1
39069,5.0,5.0,VP,IDS 1
39070,5.0,5.0,VP,IDS 1
39071,5.0,5.0,VP,IDS 1
39072,5.0,5.0,VP,IDS 1
39074,5.0,5.0,VP,IDS 1
39075,5.0,5.0,VP,IDS 1
39083,5.0,5.0,VP,IDS 1
39084,5.0,5.0,VP,IDS 1
39085,5.0,5.0,VP,IDS 1
39088,5.0,5.0,VP,IDS 1
39092,5.0,5.0,VP,IDS 1
39093,5.0,5.0,VP,IDS 1
39095,5.0,5.0,VP,IDS 3
39099,5.0,5.0,VP,IDS 3
39102,5.0,5.0,VP,IDS 1
39108,5.0,5.0,VP,IDS 1
39110,5.0,5.0,VP,IDS 1
39112,5.0,5.0,VP,IDS 1
39113,5.0,5.0,VP,IDS 1
39114,5.0,5.0,VP,IDS 1
39115,5.0,5.0,VP,IDS 1
39117,5.0,5.0,VP,IDS 1
39118,5.0,5.0,VP,IDS 3
39120,5.0,5.0,VP,IDS 1
39121,5.0,5.0,VP,IDS 1
39122,5.0,5.0,VP,IDS 1
39123,5.0,5.0,VP,IDS 1
39126,5.0,5.0,VP,IDS 1
39130,5.0,5.0,VP,IDS 1
39131,5.0,5.0,VP,IDS 3
39132,5.0,5.0,VP,IDS 1
39133,5.0,5.0,VP,IDS 3
39135,5.0,5.0,VP,IDS 1
39138,5.0,5.0,VP,IDS 1
39139,5.0,5.0,VP,IDS 1
39140,5.0,5.0,VP,IDS 1
39142,5.0,5.0,VP,IDS 1
39143,5.0,5.0,VP,IDS 1
39144,5.0,5.0,VP,IDS 1
39197,5.0,5.0,VP,IDS 1
39202,5.0,5.0,VP,IDS 1
39203,5.0,5.0,VP,IDS 1
39207,5.0,5.0,VP,IDS 1
39208,5.0,5.0,VP,IDS 1
39209,5.0,5.0,VP,IDS 1
39210,5.0,5.0,VP,IDS 1
39212,5.0,5.0,VP,IDS 1
39216,5.0,5.0,VP,IDS 1
39219,5.0,5.0,VP,IDS 1
39220,5.0,5.0,VP,IDS 3
39221,5.0,5.0,VP,IDS 1
39224,5.0,5.0,VP,IDS 1
39225,5.0,5.0,VP,IDS 1
39228,5.0,5.0,VP,IDS 1
39229,5.0,5.0,VP,IDS 3
39232,5.0,5.0,VP,IDS 1
39233,5.0,5.0,VP,IDS 1
39234,5.0,5.0,VP,IDS 1
39284,5.0,5.0,VP,IDS 1
39285,5.0,5.0,VP,IDS 3
39286,5.0,5.0,VP,IDS 1
39287,5.0,5.0,VP,IDS 1
39288,5.0,5.0,VP,IDS 3
39289,5.0,5.0,VP,IDS 1
39294,5.0,5.0,VP,IDS 1
39296,5.0,5.0,VP,IDS 3
39303,5.0,5.0,VP,IDS 1
39304,5.0,5.0,VP,IDS 1
39305,5.0,5.0,VP,IDS 1
39307,5.0,5.0,VP,IDS 1
39309,5.0,5.0,VP,IDS 1
39310,5.0,5.0,VP,IDS 1
39311,5.0,5.0,VP,IDS 1
39312,5.0,5.0,VP,IDS 1
39315,5.0,5.0,VP,IDS 1
39316,5.0,5.0,VP,IDS 1
39318,5.0,5.0,VP,IDS 1
39319,5.0,5.0,VP,IDS 1
39322,5.0,5.0,VP,IDS 1
39364,5.0,5.0,VP,IDS 1
39365,5.0,5.0,VP,IDS 3
39368,5.0,5.0,VP,IDS 1
39369,5.0,5.0,VP,IDS 3
39372,5.0,5.0,VP,IDS 1
39374,5.0,5.0,VP,IDS 1
39375,5.0,5.0,VP,IDS 1
39376,5.0,5.0,VP,IDS 1
39379,5.0,5.0,VP,IDS 1
39382,5.0,5.0,VP,IDS 1
39383,5.0,5.0,VP,IDS 1
39384,5.0,5.0,VP,IDS 1
39386,5.0,5.0,VP,IDS 1
39389,5.0,5.0,VP,IDS 1
39391,5.0,5.0,VP,IDS 3
39392,5.0,5.0,VP,IDS 1
39395,5.0,5.0,VP,IDS 1
39398,5.0,5.0,VP,IDS 1
39399,5.0,5.0,VP,IDS 1
39522,5.0,5.0,VP,IDS 1
39523,5.0,5.0,VP,IDS 1
39524,5.0,5.0,VP,IDS 1
39526,5.0,5.0,VP,IDS 1
39527,5.0,5.0,VP,IDS 1
39529,5.0,5.0,VP,IDS 1
39532,5.0,5.0,VP,IDS 3
39534,5.0,5.0,VP,IDS 1
39535,5.0,5.0,VP,IDS 1
39536,5.0,5.0,VP,IDS 1
39537,5.0,5.0,VP,IDS 1
39539,5.0,5.0,VP,IDS 1
39540,5.0,5.0,VP,IDS 1
39542,5.0,5.0,VP,IDS 1
39546,5.0,5.0,VP,IDS 3
39549,5.0,5.0,VP,IDS 1
39551,5.0,5.0,VP,IDS 1
39555,5.0,5.0,VP,IDS 1
39556,5.0,5.0,VP,IDS 1
39558,5.0,5.0,VP,IDS 1
39737,5.0,5.0,VP,IDS 1
39739,5.0,5.0,VP,IDS 1
39741,5.0,5.0,VP,IDS 1
39742,5.0,5.0,VP,IDS 1
39746,5.0,5.0,VP,IDS 1
39747,5.0,5.0,VP,IDS 1
39749,5.0,5.0,VP,IDS 1
39750,5.0,5.0,VP,IDS 1
39751,5.0,5.0,VP,IDS 1
39752,5.0,5.0,VP,IDS 1
39754,5.0,5.0,VP,IDS 1
43724,7.0,7.0,VP,IDS 3
43725,7.0,7.0,VP,IDS 3
43726,7.0,7.0,VP,IDS 3
43727,7.0,7.0,VP,IDS 3
43728,7.0,7.0,VP,IDS 3
43729,7.0,7.0,VP,IDS 3
43730,2.0,7.0,FN,IDS 1
43731,7.0,7.0,VP,IDS 3
43732,7.0,7.0,VP,IDS 3
43799,7.0,7.0,VP,IDS 3
43800,7.0,7.0,VP,IDS 3
43802,7.0,7.0,VP,IDS 3
43803,7.0,7.0,VP,IDS 3
43804,7.0,7.0,VP,IDS 3
43806,7.0,7.0,VP,IDS 3
43807,7.0,7.0,VP,IDS 3
43808,7.0,7.0,VP,IDS 3
43809,7.0,7.0,VP,IDS 3
43810,7.0,7.0,VP,IDS 3
43811,2.0,7.0,FN,IDS 1
43812,7.0,7.0,VP,IDS 3
44124,7.0,7.0,VP,IDS 3
44125,7.0,7.0,VP,IDS 3
44126,7.0,7.0,VP,IDS 3
44127,7.0,7.0,VP,IDS 3
44128,7.0,7.0,VP,IDS 3
44129,7.0,7.0,VP,IDS 3
44130,7.0,7.0,VP,IDS 3
44131,7.0,7.0,VP,IDS 3
44132,7.0,7.0,VP,IDS 3
44133,7.0,7.0,VP,IDS 3
44179,7.0,7.0,VP,IDS 3
44180,7.0,7.0,VP,IDS 3
44181,7.0,7.0,VP,IDS 3
44182,7.0,7.0,VP,IDS 3
44183,7.0,7.0,VP,IDS 3
44184,7.0,7.0,VP,IDS 3
44185,7.0,7.0,VP,IDS 3
44186,7.0,7.0,VP,IDS 3
44187,7.0,7.0,VP,IDS 3
44188,7.0,7.0,VP,IDS 3
44189,7.0,7.0,VP,IDS 3
44190,2.0,7.0,FN,IDS 1
44191,7.0,7.0,VP,IDS 3
44192,7.0,7.0,VP,IDS 3
44193,7.0,7.0,VP,IDS 3
44194,2.0,7.0,FN,IDS 1
44195,7.0,7.0,VP,IDS 3
44197,7.0,7.0,VP,IDS 3
44198,7.0,7.0,VP,IDS 3
44199,7.0,7.0,VP,IDS 3
44200,7.0,7.0,VP,IDS 3
44201,7.0,7.0,VP,IDS 3
44202,7.0,7.0,VP,IDS 3
44203,2.0,7.0,FN,IDS 1
44204,7.0,7.0,VP,IDS 3
44205,7.0,7.0,VP,IDS 3
44280,7.0,7.0,VP,IDS 3
44281,7.0,7.0,VP,IDS 3
44282,7.0,7.0,VP,IDS 3
44283,7.0,7.0,VP,IDS 3
44284,7.0,7.0,VP,IDS 3
35785,0.0,4.0,FN,IDS 1
35787,0.0,4.0,FN,IDS 1
35788,0.0,4.0,FN,IDS 1
35789,0.0,4.0,FN,IDS 1
35790,0.0,4.0,FN,IDS 1
35793,0.0,4.0,FN,IDS 1
35794,0.0,4.0,FN,IDS 1
35795,0.0,4.0,FN,IDS 1
35796,0.0,4.0,FN,IDS 1
35797,0.0,4.0,FN,IDS 1
35798,0.0,4.0,FN,IDS 1
35801,0.0,4.0,FN,IDS 1
35804,0.0,4.0,FN,IDS 1
35805,0.0,4.0,FN,IDS 1
35902,0.0,4.0,FN,IDS 1
35903,0.0,4.0,FN,IDS 1
35906,0.0,4.0,FN,IDS 1
40000,0.0,6.0,FN,IDS 1
40001,0.0,6.0,FN,IDS 1
40002,0.0,6.0,FN,IDS 1
40234,2.0,6.0,FN,IDS 1
40235,0.0,6.0,FN,IDS 1
40236,0.0,6.0,FN,IDS 1
40237,6.0,6.0,VP,IDS 3
40238,2.0,6.0,FN,IDS 1
40240,0.0,6.0,FN,IDS 1
40241,6.0,6.0,VP,IDS 3
40242,6.0,6.0,VP,IDS 3
40243,6.0,6.0,VP,IDS 3
40244,0.0,6.0,FN,IDS 1
40245,0.0,6.0,FN,IDS 1
40246,0.0,6.0,FN,IDS 1
40247,2.0,6.0,FN,IDS 1
40248,0.0,6.0,FN,IDS 1
40249,2.0,6.0,FN,IDS 1
40250,0.0,6.0,FN,IDS 1
40251,0.0,6.0,FN,IDS 1
40252,0.0,6.0,FN,IDS 1
40254,2.0,6.0,FN,IDS 1
40255,0.0,6.0,FN,IDS 1
40486,0.0,6.0,FN,IDS 1
40487,2.0,6.0,FN,IDS 1
40488,6.0,6.0,VP,IDS 3
40490,2.0,6.0,FN,IDS 1
40491,0.0,6.0,FN,IDS 1
40493,6.0,6.0,VP,IDS 3
40494,2.0,6.0,FN,IDS 1
40495,6.0,6.0,VP,IDS 3
40645,6.0,6.0,VP,IDS 3
40646,0.0,6.0,FN,IDS 1
40647,0.0,6.0,FN,IDS 1
40648,0.0,6.0,FN,IDS 1
40649,6.0,6.0,VP,IDS 3
40650,0.0,6.0,FN,IDS 1
40652,0.0,6.0,FN,IDS 1
40653,0.0,6.0,FN,IDS 1
40654,6.0,6.0,VP,IDS 3
40655,2.0,6.0,FN,IDS 1
40656,2.0,6.0,FN,IDS 1
40657,0.0,6.0,FN,IDS 1
40658,0.0,6.0,FN,IDS 1
40661,0.0,6.0,FN,IDS 1
40662,0.0,6.0,FN,IDS 1
40663,6.0,6.0,VP,IDS 3
40665,6.0,6.0,VP,IDS 3
40666,0.0,6.0,FN,IDS 1
40667,0.0,6.0,FN,IDS 1
40668,6.0,6.0,VP,IDS 3
40718,0.0,6.0,FN,IDS 1
40719,2.0,6.0,FN,IDS 1
40721,2.0,6.0,FN,IDS 1
40722,6.0,6.0,VP,IDS 3
40723,6.0,6.0,VP,IDS 3
40724,0.0,6.0,FN,IDS 1
40725,0.0,6.0,FN,IDS 1
40726,0.0,6.0,FN,IDS 1
40729,0.0,6.0,FN,IDS 1
40730,0.0,6.0,FN,IDS 1
40732,0.0,6.0,FN,IDS 1
40733,2.0,6.0,FN,IDS 1
40734,2.0,6.0,FN,IDS 1
40735,6.0,6.0,VP,IDS 3
40775,6.0,6.0,VP,IDS 3
40776,6.0,6.0,VP,IDS 3
40777,6.0,6.0,VP,IDS 3
40778,0.0,6.0,FN,IDS 1
40779,2.0,6.0,FN,IDS 1
40780,0.0,6.0,FN,IDS 1
40781,0.0,6.0,FN,IDS 1
40782,0.0,6.0,FN,IDS 1
40783,2.0,6.0,FN,IDS 1
40785,2.0,6.0,FN,IDS 1
40786,0.0,6.0,FN,IDS 1
40787,6.0,6.0,VP,IDS 3
40788,2.0,6.0,FN,IDS 1
40789,6.0,6.0,VP,IDS 3
40979,2.0,6.0,FN,IDS 1
40980,2.0,6.0,FN,IDS 1
40981,2.0,6.0,FN,IDS 1
40982,6.0,6.0,VP,IDS 3
40983,6.0,6.0,VP,IDS 3
40984,2.0,6.0,FN,IDS 1
41478,6.0,6.0,VP,IDS 3
41479,0.0,6.0,FN,IDS 1
41480,0.0,6.0,FN,IDS 1
41481,2.0,6.0,FN,IDS 1
41482,2.0,6.0,FN,IDS 1
41483,6.0,6.0,VP,IDS 3
41484,0.0,6.0,FN,IDS 1
41485,0.0,6.0,FN,IDS 1
41486,0.0,6.0,FN,IDS 1
41487,0.0,6.0,FN,IDS 1
41488,2.0,6.0,FN,IDS 1
41489,0.0,6.0,FN,IDS 1
41490,0.0,6.0,FN,IDS 1
41491,6.0,6.0,VP,IDS 3
41492,0.0,6.0,FN,IDS 1
41493,6.0,6.0,VP,IDS 3
41494,0.0,6.0,FN,IDS 1
41495,0.0,6.0,FN,IDS 1
41496,0.0,6.0,FN,IDS 1
41497,2.0,6.0,FN,IDS 1
41498,0.0,6.0,FN,IDS 1
41499,6.0,6.0,VP,IDS 3
41501,6.0,6.0,VP,IDS 3
41526,6.0,6.0,VP,IDS 3
41528,0.0,6.0,FN,IDS 1
41530,6.0,6.0,VP,IDS 3
41582,2.0,6.0,FN,IDS 1
41583,0.0,6.0,FN,IDS 1
41584,6.0,6.0,VP,IDS 3
41585,0.0,6.0,FN,IDS 1
41586,0.0,6.0,FN,IDS 1
41588,0.0,6.0,FN,IDS 1
41589,2.0,6.0,FN,IDS 1
41590,0.0,6.0,FN,IDS 1
41591,6.0,6.0,VP,IDS 3
41592,6.0,6.0,VP,IDS 3
41593,2.0,6.0,FN,IDS 1
41594,0.0,6.0,FN,IDS 1
41595,0.0,6.0,FN,IDS 1
41596,0.0,6.0,FN,IDS 1
41597,6.0,6.0,VP,IDS 3
41598,0.0,6.0,FN,IDS 1
41599,2.0,6.0,FN,IDS 1
41600,0.0,6.0,FN,IDS 1
41629,0.0,6.0,FN,IDS 1
41630,6.0,6.0,VP,IDS 3
41631,0.0,6.0,FN,IDS 1
41632,0.0,6.0,FN,IDS 1
41633,2.0,6.0,FN,IDS 1
41634,0.0,6.0,FN,IDS 1
41635,0.0,6.0,FN,IDS 1
41636,0.0,6.0,FN,IDS 1
41637,0.0,6.0,FN,IDS 1
41638,0.0,6.0,FN,IDS 1
41639,0.0,6.0,FN,IDS 1
41640,0.0,6.0,FN,IDS 1
41641,2.0,6.0,FN,IDS 1
41642,0.0,6.0,FN,IDS 1
41643,2.0,6.0,FN,IDS 1
41644,0.0,6.0,FN,IDS 1
41645,0.0,6.0,FN,IDS 1
41646,0.0,6.0,FN,IDS 1
41647,0.0,6.0,FN,IDS 1
41648,0.0,6.0,FN,IDS 1
41649,2.0,6.0,FN,IDS 1
41650,2.0,6.0,FN,IDS 1
41651,6.0,6.0,VP,IDS 3
41652,0.0,6.0,FN,IDS 1
41653,2.0,6.0,FN,IDS 1
41655,0.0,6.0,FN,IDS 1
41656,0.0,6.0,FN,IDS 1
41657,0.0,6.0,FN,IDS 1
41658,6.0,6.0,VP,IDS 3
41659,2.0,6.0,FN,IDS 1
41660,1.0,6.0,FN,IDS 1
41662,2.0,6.0,FN,IDS 1
41663,0.0,6.0,FN,IDS 1
41664,2.0,6.0,FN,IDS 1
41665,0.0,6.0,FN,IDS 1
41666,0.0,6.0,FN,IDS 1
42170,6.0,6.0,VP,IDS 3
42171,6.0,6.0,VP,IDS 3
42172,6.0,6.0,VP,IDS 3
42173,0.0,6.0,FN,IDS 1
42174,6.0,6.0,VP,IDS 3
42175,0.0,6.0,FN,IDS 1
42176,0.0,6.0,FN,IDS 1
42177,0.0,6.0,FN,IDS 1
42178,6.0,6.0,VP,IDS 3
42179,2.0,6.0,FN,IDS 1
42180,0.0,6.0,FN,IDS 1
42181,0.0,6.0,FN,IDS 1
42182,6.0,6.0,VP,IDS 3
42184,1.0,6.0,FN,IDS 1
42185,2.0,6.0,FN,IDS 1
42187,6.0,6.0,VP,IDS 3
42188,0.0,6.0,FN,IDS 1
42189,0.0,6.0,FN,IDS 1
42190,0.0,6.0,FN,IDS 1
42192,6.0,6.0,VP,IDS 3
42193,0.0,6.0,FN,IDS 1
42194,6.0,6.0,VP,IDS 3
42195,0.0,6.0,FN,IDS 1
42196,6.0,6.0,VP,IDS 3
42197,0.0,6.0,FN,IDS 1
42198,0.0,6.0,FN,IDS 1
42199,0.0,6.0,FN,IDS 1
42200,2.0,6.0,FN,IDS 1
42201,2.0,6.0,FN,IDS 1
42202,0.0,6.0,FN,IDS 1
42203,6.0,6.0,VP,IDS 3
42204,0.0,6.0,FN,IDS 1
42205,0.0,6.0,FN,IDS 1
42206,6.0,6.0,VP,IDS 3
42207,0.0,6.0,FN,IDS 1
42208,2.0,6.0,FN,IDS 1
42209,0.0,6.0,FN,IDS 1
42211,0.0,6.0,FN,IDS 1
42212,0.0,6.0,FN,IDS 1
42256,2.0,6.0,FN,IDS 1
42257,0.0,6.0,FN,IDS 1
42258,1.0,6.0,FN,IDS 1
42259,2.0,6.0,FN,IDS 1
42260,0.0,6.0,FN,IDS 1
42261,0.0,6.0,FN,IDS 1
42490,0.0,6.0,FN,IDS 1
42491,2.0,6.0,FN,IDS 1
42492,1.0,6.0,FN,IDS 1
42493,0.0,6.0,FN,IDS 1
42495,0.0,6.0,FN,IDS 1
42496,7.0,7.0,VP,IDS 3
42497,7.0,7.0,VP,IDS 3
42498,7.0,7.0,VP,IDS 3
42499,7.0,7.0,VP,IDS 3
42500,7.0,7.0,VP,IDS 3
42501,7.0,7.0,VP,IDS 3
42503,7.0,7.0,VP,IDS 3
42504,7.0,7.0,VP,IDS 3
42505,7.0,7.0,VP,IDS 3
42506,7.0,7.0,VP,IDS 3
42507,7.0,7.0,VP,IDS 3
42508,7.0,7.0,VP,IDS 3
42509,7.0,7.0,VP,IDS 3
42510,7.0,7.0,VP,IDS 3
42511,7.0,7.0,VP,IDS 3
42512,7.0,7.0,VP,IDS 3
42513,7.0,7.0,VP,IDS 3
42514,7.0,7.0,VP,IDS 3
42515,7.0,7.0,VP,IDS 3
42516,7.0,7.0,VP,IDS 3
42517,7.0,7.0,VP,IDS 3
42518,7.0,7.0,VP,IDS 3
42519,7.0,7.0,VP,IDS 3
42520,7.0,7.0,VP,IDS 3
42521,7.0,7.0,VP,IDS 3
42522,7.0,7.0,VP,IDS 3
42523,7.0,7.0,VP,IDS 3
42524,7.0,7.0,VP,IDS 3
42525,7.0,7.0,VP,IDS 3
42526,7.0,7.0,VP,IDS 3
42527,7.0,7.0,VP,IDS 3
42615,7.0,7.0,VP,IDS 3
42616,7.0,7.0,VP,IDS 3
42617,7.0,7.0,VP,IDS 3
42618,7.0,7.0,VP,IDS 3
42619,7.0,7.0,VP,IDS 3
42620,7.0,7.0,VP,IDS 3
42621,7.0,7.0,VP,IDS 3
42622,7.0,7.0,VP,IDS 3
42623,7.0,7.0,VP,IDS 3
42624,7.0,7.0,VP,IDS 3
42625,7.0,7.0,VP,IDS 3
42626,7.0,7.0,VP,IDS 3
42627,7.0,7.0,VP,IDS 3
42628,7.0,7.0,VP,IDS 3
42629,7.0,7.0,VP,IDS 3
42630,7.0,7.0,VP,IDS 3
42631,7.0,7.0,VP,IDS 3
42632,5.0,7.0,FN,IDS 1
42633,7.0,7.0,VP,IDS 3
42634,2.0,7.0,FN,IDS 1
42635,2.0,7.0,FN,IDS 1
42636,7.0,7.0,VP,IDS 3
42659,7.0,7.0,VP,IDS 3
42660,7.0,7.0,VP,IDS 3
42661,7.0,7.0,VP,IDS 3
42662,7.0,7.0,VP,IDS 3
42663,7.0,7.0,VP,IDS 3
42664,7.0,7.0,VP,IDS 3
42665,7.0,7.0,VP,IDS 3
42666,7.0,7.0,VP,IDS 3
42667,7.0,7.0,VP,IDS 3
42668,7.0,7.0,VP,IDS 3
42669,7.0,7.0,VP,IDS 3
42670,7.0,7.0,VP,IDS 3
42671,7.0,7.0,VP,IDS 3
42672,7.0,7.0,VP,IDS 3
42673,7.0,7.0,VP,IDS 3
42674,7.0,7.0,VP,IDS 3
42675,7.0,7.0,VP,IDS 3
42676,7.0,7.0,VP,IDS 3
42677,7.0,7.0,VP,IDS 3
42678,7.0,7.0,VP,IDS 3
42679,7.0,7.0,VP,IDS 3
42680,7.0,7.0,VP,IDS 3
42792,7.0,7.0,VP,IDS 3
42793,7.0,7.0,VP,IDS 3
42794,7.0,7.0,VP,IDS 3
42795,7.0,7.0,VP,IDS 3
42796,7.0,7.0,VP,IDS 3
42797,7.0,7.0,VP,IDS 3
42798,7.0,7.0,VP,IDS 3
42799,7.0,7.0,VP,IDS 3
42800,7.0,7.0,VP,IDS 3
42801,7.0,7.0,VP,IDS 3
42802,7.0,7.0,VP,IDS 3
42803,7.0,7.0,VP,IDS 3
42804,7.0,7.0,VP,IDS 3
42965,7.0,7.0,VP,IDS 3
42966,7.0,7.0,VP,IDS 3
42967,7.0,7.0,VP,IDS 3
42968,7.0,7.0,VP,IDS 3
42969,7.0,7.0,VP,IDS 3
42970,7.0,7.0,VP,IDS 3
42971,2.0,7.0,FN,IDS 1
42972,7.0,7.0,VP,IDS 3
42974,7.0,7.0,VP,IDS 3
42975,7.0,7.0,VP,IDS 3
42976,7.0,7.0,VP,IDS 3
42977,7.0,7.0,VP,IDS 3
42978,2.0,7.0,FN,IDS 1
42979,7.0,7.0,VP,IDS 3
42980,7.0,7.0,VP,IDS 3
42981,7.0,7.0,VP,IDS 3
42982,7.0,7.0,VP,IDS 3
42983,7.0,7.0,VP,IDS 3
42984,7.0,7.0,VP,IDS 3
42985,7.0,7.0,VP,IDS 3
42986,7.0,7.0,VP,IDS 3
42987,7.0,7.0,VP,IDS 3
42988,7.0,7.0,VP,IDS 3
42989,7.0,7.0,VP,IDS 3
42990,7.0,7.0,VP,IDS 3
42991,7.0,7.0,VP,IDS 3
42992,7.0,7.0,VP,IDS 3
42993,7.0,7.0,VP,IDS 3
42994,2.0,7.0,FN,IDS 1
42995,7.0,7.0,VP,IDS 3
42996,2.0,7.0,FN,IDS 1
43090,7.0,7.0,VP,IDS 3
43160,7.0,7.0,VP,IDS 3
43161,7.0,7.0,VP,IDS 3
43162,2.0,7.0,FN,IDS 1
43163,7.0,7.0,VP,IDS 3
43164,7.0,7.0,VP,IDS 3
43165,2.0,7.0,FN,IDS 1
43166,7.0,7.0,VP,IDS 3
43167,7.0,7.0,VP,IDS 3
43168,2.0,7.0,FN,IDS 1
43169,2.0,7.0,FN,IDS 1
43170,7.0,7.0,VP,IDS 3
43171,7.0,7.0,VP,IDS 3
43172,7.0,7.0,VP,IDS 3
43173,2.0,7.0,FN,IDS 1
43174,7.0,7.0,VP,IDS 3
43175,7.0,7.0,VP,IDS 3
43176,7.0,7.0,VP,IDS 3
43177,7.0,7.0,VP,IDS 3
43178,7.0,7.0,VP,IDS 3
43179,7.0,7.0,VP,IDS 3
43640,7.0,7.0,VP,IDS 3
43641,2.0,7.0,FN,IDS 1
43642,7.0,7.0,VP,IDS 3
43685,7.0,7.0,VP,IDS 3
43686,7.0,7.0,VP,IDS 3
43687,7.0,7.0,VP,IDS 3
43688,7.0,7.0,VP,IDS 3
43689,7.0,7.0,VP,IDS 3
43690,7.0,7.0,VP,IDS 3
43691,7.0,7.0,VP,IDS 3
43692,7.0,7.0,VP,IDS 3
43693,7.0,7.0,VP,IDS 3
43694,7.0,7.0,VP,IDS 3
43695,7.0,7.0,VP,IDS 3
43696,7.0,7.0,VP,IDS 3
43697,7.0,7.0,VP,IDS 3
43698,7.0,7.0,VP,IDS 3
43699,7.0,7.0,VP,IDS 3
43700,7.0,7.0,VP,IDS 3
43701,2.0,7.0,FN,IDS 1
43702,7.0,7.0,VP,IDS 3
43703,7.0,7.0,VP,IDS 3
43704,7.0,7.0,VP,IDS 3
39759,5.0,5.0,VP,IDS 1
39761,5.0,5.0,VP,IDS 1
43705,7.0,7.0,VP,IDS 3
43706,7.0,7.0,VP,IDS 3
43708,2.0,7.0,FN,IDS 1
43709,7.0,7.0,VP,IDS 3
43710,7.0,7.0,VP,IDS 3
43711,7.0,7.0,VP,IDS 3
43712,7.0,7.0,VP,IDS 3
43713,7.0,7.0,VP,IDS 3
43714,2.0,7.0,FN,IDS 1
43715,7.0,7.0,VP,IDS 3
43716,7.0,7.0,VP,IDS 3
43717,7.0,7.0,VP,IDS 3
43718,7.0,7.0,VP,IDS 3
43719,7.0,7.0,VP,IDS 3
43720,5.0,7.0,FN,IDS 1
43721,7.0,7.0,VP,IDS 3
43722,7.0,7.0,VP,IDS 3
43723,2.0,7.0,FN,IDS 1
43863,7.0,7.0,VP,IDS 3
43865,7.0,7.0,VP,IDS 3
43866,7.0,7.0,VP,IDS 3
43867,7.0,7.0,VP,IDS 3
43868,7.0,7.0,VP,IDS 3
43869,7.0,7.0,VP,IDS 3
43870,7.0,7.0,VP,IDS 3
43871,7.0,7.0,VP,IDS 3
43872,7.0,7.0,VP,IDS 3
43873,2.0,7.0,FN,IDS 1
43874,7.0,7.0,VP,IDS 3
43875,7.0,7.0,VP,IDS 3
43876,7.0,7.0,VP,IDS 3
43877,2.0,7.0,FN,IDS 1
43878,2.0,7.0,FN,IDS 1
43879,7.0,7.0,VP,IDS 3
43880,7.0,7.0,VP,IDS 3
43881,7.0,7.0,VP,IDS 3
43903,7.0,7.0,VP,IDS 3
43905,7.0,7.0,VP,IDS 3
43906,7.0,7.0,VP,IDS 3
44286,7.0,7.0,VP,IDS 3
44287,7.0,7.0,VP,IDS 3
44288,7.0,7.0,VP,IDS 3
44289,7.0,7.0,VP,IDS 3
44290,7.0,7.0,VP,IDS 3
44291,2.0,7.0,FN,IDS 1
44292,7.0,7.0,VP,IDS 3
44293,7.0,7.0,VP,IDS 3
44294,7.0,7.0,VP,IDS 3
44295,2.0,7.0,FN,IDS 1
44296,7.0,7.0,VP,IDS 3
44297,7.0,7.0,VP,IDS 3
44298,7.0,7.0,VP,IDS 3
44299,7.0,7.0,VP,IDS 3
44300,7.0,7.0,VP,IDS 3
44301,7.0,7.0,VP,IDS 3
44302,7.0,7.0,VP,IDS 3
44303,7.0,7.0,VP,IDS 3
44348,7.0,7.0,VP,IDS 3
44349,7.0,7.0,VP,IDS 3
44350,7.0,7.0,VP,IDS 3
44351,2.0,7.0,FN,IDS 1
44352,7.0,7.0,VP,IDS 3
44353,7.0,7.0,VP,IDS 3
44441,2.0,7.0,FN,IDS 1
44442,7.0,7.0,VP,IDS 3
44443,7.0,7.0,VP,IDS 3
44444,7.0,7.0,VP,IDS 3
44445,7.0,7.0,VP,IDS 3
44446,2.0,7.0,FN,IDS 1
44447,2.0,7.0,FN,IDS 1
44448,7.0,7.0,VP,IDS 3
44450,7.0,7.0,VP,IDS 3
44451,7.0,7.0,VP,IDS 3
44452,7.0,7.0,VP,IDS 3
44453,7.0,7.0,VP,IDS 3
44454,7.0,7.0,VP,IDS 3
44455,7.0,7.0,VP,IDS 3
44456,7.0,7.0,VP,IDS 3
44516,7.0,7.0,VP,IDS 3
44517,7.0,7.0,VP,IDS 3
44518,7.0,7.0,VP,IDS 3
44519,7.0,7.0,VP,IDS 3
44520,7.0,7.0,VP,IDS 3
44521,7.0,7.0,VP,IDS 3
44522,7.0,7.0,VP,IDS 3
43611,7.0,7.0,VP,IDS 3
43612,2.0,7.0,FN,IDS 1
43613,7.0,7.0,VP,IDS 3
43614,7.0,7.0,VP,IDS 3
43615,7.0,7.0,VP,IDS 3
43616,7.0,7.0,VP,IDS 3
43617,7.0,7.0,VP,IDS 3
43618,7.0,7.0,VP,IDS 3
40201,0.0,6.0,FN,IDS 1
40202,0.0,6.0,FN,IDS 1
40203,0.0,6.0,FN,IDS 1
40205,0.0,6.0,FN,IDS 1
40207,0.0,6.0,FN,IDS 1
40209,0.0,6.0,FN,IDS 1
40210,0.0,6.0,FN,IDS 1
40211,0.0,6.0,FN,IDS 1
40212,0.0,6.0,FN,IDS 1
40213,0.0,6.0,FN,IDS 1
40215,0.0,6.0,FN,IDS 1
40216,6.0,6.0,VP,IDS 3
40217,0.0,6.0,FN,IDS 1
40218,0.0,6.0,FN,IDS 1
40219,0.0,6.0,FN,IDS 1
40220,0.0,6.0,FN,IDS 1
40221,2.0,6.0,FN,IDS 1
40222,0.0,6.0,FN,IDS 1
40223,2.0,6.0,FN,IDS 1
40224,0.0,6.0,FN,IDS 1
40225,0.0,6.0,FN,IDS 1
40226,6.0,6.0,VP,IDS 3
40227,0.0,6.0,FN,IDS 1
40228,0.0,6.0,FN,IDS 1
40230,0.0,6.0,FN,IDS 1
40231,0.0,6.0,FN,IDS 1
40232,0.0,6.0,FN,IDS 1
40233,2.0,6.0,FN,IDS 1
40420,6.0,6.0,VP,IDS 3
40421,2.0,6.0,FN,IDS 1
40422,0.0,6.0,FN,IDS 1
40424,2.0,6.0,FN,IDS 1
40425,6.0,6.0,VP,IDS 3
40426,2.0,6.0,FN,IDS 1
40427,0.0,6.0,FN,IDS 1
40428,2.0,6.0,FN,IDS 1
40429,0.0,6.0,FN,IDS 1
40430,0.0,6.0,FN,IDS 1
40431,0.0,6.0,FN,IDS 1
40432,0.0,6.0,FN,IDS 1
41151,0.0,6.0,FN,IDS 1
41152,0.0,6.0,FN,IDS 1
41153,0.0,6.0,FN,IDS 1
41154,2.0,6.0,FN,IDS 1
41156,0.0,6.0,FN,IDS 1
41157,0.0,6.0,FN,IDS 1
41158,0.0,6.0,FN,IDS 1
41160,6.0,6.0,VP,IDS 3
41163,0.0,6.0,FN,IDS 1
41164,2.0,6.0,FN,IDS 1
41165,0.0,6.0,FN,IDS 1
41166,0.0,6.0,FN,IDS 1
41167,0.0,6.0,FN,IDS 1
41168,6.0,6.0,VP,IDS 3
41170,6.0,6.0,VP,IDS 3
41171,6.0,6.0,VP,IDS 3
41173,6.0,6.0,VP,IDS 3
41174,0.0,6.0,FN,IDS 1
41175,0.0,6.0,FN,IDS 1
41176,0.0,6.0,FN,IDS 1
41177,6.0,6.0,VP,IDS 3
41178,2.0,6.0,FN,IDS 1
41179,0.0,6.0,FN,IDS 1
41180,2.0,6.0,FN,IDS 1
41181,6.0,6.0,VP,IDS 3
41182,1.0,6.0,FN,IDS 1
41183,2.0,6.0,FN,IDS 1
41184,2.0,6.0,FN,IDS 1
41185,0.0,6.0,FN,IDS 1
41186,2.0,6.0,FN,IDS 1
41187,6.0,6.0,VP,IDS 3
41188,2.0,6.0,FN,IDS 1
41189,2.0,6.0,FN,IDS 1
41190,2.0,6.0,FN,IDS 1
41192,0.0,6.0,FN,IDS 1
41193,2.0,6.0,FN,IDS 1
41194,6.0,6.0,VP,IDS 3
41195,0.0,6.0,FN,IDS 1
41196,0.0,6.0,FN,IDS 1
41197,6.0,6.0,VP,IDS 3
41199,6.0,6.0,VP,IDS 3
41200,0.0,6.0,FN,IDS 1
41201,2.0,6.0,FN,IDS 1
41202,0.0,6.0,FN,IDS 1
41203,6.0,6.0,VP,IDS 3
41204,6.0,6.0,VP,IDS 3
41326,2.0,6.0,FN,IDS 1
41327,0.0,6.0,FN,IDS 1
41328,0.0,6.0,FN,IDS 1
41329,0.0,6.0,FN,IDS 1
41330,0.0,6.0,FN,IDS 1
41331,0.0,6.0,FN,IDS 1
41332,6.0,6.0,VP,IDS 3
41333,0.0,6.0,FN,IDS 1
41335,6.0,6.0,VP,IDS 3
41338,0.0,6.0,FN,IDS 1
41339,2.0,6.0,FN,IDS 1
41340,0.0,6.0,FN,IDS 1
41342,0.0,6.0,FN,IDS 1
41343,2.0,6.0,FN,IDS 1
41344,2.0,6.0,FN,IDS 1
41345,0.0,6.0,FN,IDS 1
41346,0.0,6.0,FN,IDS 1
41347,0.0,6.0,FN,IDS 1
41348,0.0,6.0,FN,IDS 1
41349,0.0,6.0,FN,IDS 1
41371,6.0,6.0,VP,IDS 3
41372,0.0,6.0,FN,IDS 1
41373,0.0,6.0,FN,IDS 1
41374,0.0,6.0,FN,IDS 1
41375,2.0,6.0,FN,IDS 1
41376,0.0,6.0,FN,IDS 1
41377,2.0,6.0,FN,IDS 1
41378,0.0,6.0,FN,IDS 1
41379,6.0,6.0,VP,IDS 3
41380,2.0,6.0,FN,IDS 1
41381,0.0,6.0,FN,IDS 1
41382,6.0,6.0,VP,IDS 3
41383,2.0,6.0,FN,IDS 1
41384,0.0,6.0,FN,IDS 1
41502,0.0,6.0,FN,IDS 1
41503,2.0,6.0,FN,IDS 1
41504,0.0,6.0,FN,IDS 1
41505,0.0,6.0,FN,IDS 1
41506,0.0,6.0,FN,IDS 1
41507,0.0,6.0,FN,IDS 1
41700,6.0,6.0,VP,IDS 3
41703,0.0,6.0,FN,IDS 1
41704,2.0,6.0,FN,IDS 1
41705,0.0,6.0,FN,IDS 1
41706,6.0,6.0,VP,IDS 3
41707,0.0,6.0,FN,IDS 1
41710,0.0,6.0,FN,IDS 1
41711,6.0,6.0,VP,IDS 3
41712,6.0,6.0,VP,IDS 3
41713,0.0,6.0,FN,IDS 1
41715,6.0,6.0,VP,IDS 3
41716,0.0,6.0,FN,IDS 1
41718,6.0,6.0,VP,IDS 3
41719,6.0,6.0,VP,IDS 3
41840,0.0,6.0,FN,IDS 1
41841,0.0,6.0,FN,IDS 1
41842,2.0,6.0,FN,IDS 1
41844,0.0,6.0,FN,IDS 1
41847,2.0,6.0,FN,IDS 1
41848,6.0,6.0,VP,IDS 3
41849,6.0,6.0,VP,IDS 3
42231,0.0,6.0,FN,IDS 1
42232,0.0,6.0,FN,IDS 1
42278,6.0,6.0,VP,IDS 3
42279,6.0,6.0,VP,IDS 3
42280,6.0,6.0,VP,IDS 3
42281,6.0,6.0,VP,IDS 3
42282,1.0,6.0,FN,IDS 1
42283,0.0,6.0,FN,IDS 1
42284,0.0,6.0,FN,IDS 1
42285,6.0,6.0,VP,IDS 3
42286,2.0,6.0,FN,IDS 1
42287,0.0,6.0,FN,IDS 1
42288,6.0,6.0,VP,IDS 3
42289,2.0,6.0,FN,IDS 1
42290,0.0,6.0,FN,IDS 1
42291,0.0,6.0,FN,IDS 1
42292,6.0,6.0,VP,IDS 3
42294,6.0,6.0,VP,IDS 3
42295,0.0,6.0,FN,IDS 1
42296,0.0,6.0,FN,IDS 1
42436,6.0,6.0,VP,IDS 3
42528,7.0,7.0,VP,IDS 3
43619,7.0,7.0,VP,IDS 3
43620,2.0,7.0,FN,IDS 1
43621,7.0,7.0,VP,IDS 3
43622,7.0,7.0,VP,IDS 3
43623,7.0,7.0,VP,IDS 3
43624,2.0,7.0,FN,IDS 1
43625,7.0,7.0,VP,IDS 3
43626,7.0,7.0,VP,IDS 3
43627,7.0,7.0,VP,IDS 3
43628,7.0,7.0,VP,IDS 3
43629,7.0,7.0,VP,IDS 3
43630,7.0,7.0,VP,IDS 3
43631,7.0,7.0,VP,IDS 3
43632,7.0,7.0,VP,IDS 3
43633,7.0,7.0,VP,IDS 3
43634,7.0,7.0,VP,IDS 3
43635,7.0,7.0,VP,IDS 3
43636,7.0,7.0,VP,IDS 3
43637,7.0,7.0,VP,IDS 3
43638,7.0,7.0,VP,IDS 3
43639,7.0,7.0,VP,IDS 3
39146,5.0,5.0,VP,IDS 1
39147,5.0,5.0,VP,IDS 1
39148,5.0,5.0,VP,IDS 1
39149,5.0,5.0,VP,IDS 1
39152,5.0,5.0,VP,IDS 1
39156,5.0,5.0,VP,IDS 1
39157,5.0,5.0,VP,IDS 1
39159,5.0,5.0,VP,IDS 1
39160,5.0,5.0,VP,IDS 1
39163,5.0,5.0,VP,IDS 1
39166,5.0,5.0,VP,IDS 1
39167,5.0,5.0,VP,IDS 3
39169,5.0,5.0,VP,IDS 1
39171,5.0,5.0,VP,IDS 1
39173,5.0,5.0,VP,IDS 1
39176,5.0,5.0,VP,IDS 1
39181,5.0,5.0,VP,IDS 1
39186,5.0,5.0,VP,IDS 1
39188,5.0,5.0,VP,IDS 3
39189,5.0,5.0,VP,IDS 1
39190,5.0,5.0,VP,IDS 1
39194,5.0,5.0,VP,IDS 1
39323,5.0,5.0,VP,IDS 3
39324,5.0,5.0,VP,IDS 1
39326,5.0,5.0,VP,IDS 1
39327,5.0,5.0,VP,IDS 1
39333,5.0,5.0,VP,IDS 1
39335,5.0,5.0,VP,IDS 1
39336,5.0,5.0,VP,IDS 1
39338,5.0,5.0,VP,IDS 1
39339,5.0,5.0,VP,IDS 1
39341,5.0,5.0,VP,IDS 1
39342,5.0,5.0,VP,IDS 1
39345,5.0,5.0,VP,IDS 1
39347,5.0,5.0,VP,IDS 1
39348,5.0,5.0,VP,IDS 1
39351,5.0,5.0,VP,IDS 1
39354,5.0,5.0,VP,IDS 1
39355,5.0,5.0,VP,IDS 3
39357,5.0,5.0,VP,IDS 1
39361,5.0,5.0,VP,IDS 1
39363,5.0,5.0,VP,IDS 1
43813,7.0,7.0,VP,IDS 3
43814,7.0,7.0,VP,IDS 3
43815,7.0,7.0,VP,IDS 3
43816,7.0,7.0,VP,IDS 3
43817,7.0,7.0,VP,IDS 3
43818,7.0,7.0,VP,IDS 3
43819,7.0,7.0,VP,IDS 3
43820,7.0,7.0,VP,IDS 3
43821,7.0,7.0,VP,IDS 3
43852,7.0,7.0,VP,IDS 3
43853,7.0,7.0,VP,IDS 3
43854,7.0,7.0,VP,IDS 3
43855,7.0,7.0,VP,IDS 3
43856,7.0,7.0,VP,IDS 3
43857,7.0,7.0,VP,IDS 3
43858,7.0,7.0,VP,IDS 3
43859,7.0,7.0,VP,IDS 3
43860,7.0,7.0,VP,IDS 3
43861,7.0,7.0,VP,IDS 3
43862,7.0,7.0,VP,IDS 3
43907,7.0,7.0,VP,IDS 3
43908,7.0,7.0,VP,IDS 3
43909,7.0,7.0,VP,IDS 3
43910,7.0,7.0,VP,IDS 3
43911,7.0,7.0,VP,IDS 3
43912,7.0,7.0,VP,IDS 3
43913,7.0,7.0,VP,IDS 3
43914,7.0,7.0,VP,IDS 3
43915,7.0,7.0,VP,IDS 3
43916,7.0,7.0,VP,IDS 3
43917,7.0,7.0,VP,IDS 3
43918,7.0,7.0,VP,IDS 3
43920,7.0,7.0,VP,IDS 3
43921,2.0,7.0,FN,IDS 1
43922,2.0,7.0,FN,IDS 1
43923,7.0,7.0,VP,IDS 3
43924,7.0,7.0,VP,IDS 3
43925,7.0,7.0,VP,IDS 3
43926,7.0,7.0,VP,IDS 3
44018,7.0,7.0,VP,IDS 3
44019,7.0,7.0,VP,IDS 3
44020,7.0,7.0,VP,IDS 3
44021,2.0,7.0,FN,IDS 1
44022,2.0,7.0,FN,IDS 1
44023,7.0,7.0,VP,IDS 3
44024,7.0,7.0,VP,IDS 3
44025,7.0,7.0,VP,IDS 3
44026,2.0,7.0,FN,IDS 1
44027,7.0,7.0,VP,IDS 3
44028,7.0,7.0,VP,IDS 3
44029,7.0,7.0,VP,IDS 3
44030,7.0,7.0,VP,IDS 3
44031,7.0,7.0,VP,IDS 3
44032,7.0,7.0,VP,IDS 3
44033,7.0,7.0,VP,IDS 3
44034,7.0,7.0,VP,IDS 3
44035,7.0,7.0,VP,IDS 3
44036,7.0,7.0,VP,IDS 3
44037,2.0,7.0,FN,IDS 1
44038,7.0,7.0,VP,IDS 3
44039,7.0,7.0,VP,IDS 3
44064,7.0,7.0,VP,IDS 3
44065,7.0,7.0,VP,IDS 3
44066,7.0,7.0,VP,IDS 3
44067,7.0,7.0,VP,IDS 3
44068,7.0,7.0,VP,IDS 3
44069,7.0,7.0,VP,IDS 3
44070,7.0,7.0,VP,IDS 3
44071,7.0,7.0,VP,IDS 3
44072,7.0,7.0,VP,IDS 3
44073,2.0,7.0,FN,IDS 1
44074,7.0,7.0,VP,IDS 3
44075,7.0,7.0,VP,IDS 3
44076,7.0,7.0,VP,IDS 3
44077,7.0,7.0,VP,IDS 3
44078,7.0,7.0,VP,IDS 3
44079,7.0,7.0,VP,IDS 3
44080,7.0,7.0,VP,IDS 3
44081,7.0,7.0,VP,IDS 3
44082,7.0,7.0,VP,IDS 3
44083,7.0,7.0,VP,IDS 3
44084,7.0,7.0,VP,IDS 3
44108,7.0,7.0,VP,IDS 3
44109,7.0,7.0,VP,IDS 3
44110,7.0,7.0,VP,IDS 3
44111,7.0,7.0,VP,IDS 3
44112,7.0,7.0,VP,IDS 3
44113,2.0,7.0,FN,IDS 1
44114,7.0,7.0,VP,IDS 3
44115,7.0,7.0,VP,IDS 3
44116,7.0,7.0,VP,IDS 3
44117,7.0,7.0,VP,IDS 3
44118,2.0,7.0,FN,IDS 1
44119,7.0,7.0,VP,IDS 3
44120,7.0,7.0,VP,IDS 3
44121,7.0,7.0,VP,IDS 3
44122,7.0,7.0,VP,IDS 3
44123,7.0,7.0,VP,IDS 3
44354,7.0,7.0,VP,IDS 3
44355,7.0,7.0,VP,IDS 3
44356,7.0,7.0,VP,IDS 3
44357,7.0,7.0,VP,IDS 3
44358,7.0,7.0,VP,IDS 3
44359,7.0,7.0,VP,IDS 3
44360,7.0,7.0,VP,IDS 3
44361,7.0,7.0,VP,IDS 3
44362,7.0,7.0,VP,IDS 3
44363,2.0,7.0,FN,IDS 1
44364,7.0,7.0,VP,IDS 3
44365,7.0,7.0,VP,IDS 3
44366,7.0,7.0,VP,IDS 3
44367,7.0,7.0,VP,IDS 3
44368,7.0,7.0,VP,IDS 3
44414,7.0,7.0,VP,IDS 3
44415,7.0,7.0,VP,IDS 3
44416,7.0,7.0,VP,IDS 3
44417,7.0,7.0,VP,IDS 3
44418,7.0,7.0,VP,IDS 3
44419,7.0,7.0,VP,IDS 3
44420,7.0,7.0,VP,IDS 3
44421,7.0,7.0,VP,IDS 3
44422,7.0,7.0,VP,IDS 3
44423,7.0,7.0,VP,IDS 3
44424,7.0,7.0,VP,IDS 3
44425,7.0,7.0,VP,IDS 3
44426,7.0,7.0,VP,IDS 3
44427,7.0,7.0,VP,IDS 3
44428,2.0,7.0,FN,IDS 1
44429,7.0,7.0,VP,IDS 3
44430,7.0,7.0,VP,IDS 3
44431,7.0,7.0,VP,IDS 3
44432,7.0,7.0,VP,IDS 3
44433,7.0,7.0,VP,IDS 3
44434,7.0,7.0,VP,IDS 3
44435,7.0,7.0,VP,IDS 3
44436,7.0,7.0,VP,IDS 3
44437,7.0,7.0,VP,IDS 3
44438,7.0,7.0,VP,IDS 3
44439,7.0,7.0,VP,IDS 3
44440,2.0,7.0,FN,IDS 1
44523,7.0,7.0,VP,IDS 3
44524,7.0,7.0,VP,IDS 3
44525,7.0,7.0,VP,IDS 3
44526,7.0,7.0,VP,IDS 3
44527,7.0,7.0,VP,IDS 3
44528,7.0,7.0,VP,IDS 3
44529,7.0,7.0,VP,IDS 3
44530,7.0,7.0,VP,IDS 3
44531,7.0,7.0,VP,IDS 3
44532,2.0,7.0,FN,IDS 1
44533,7.0,7.0,VP,IDS 3
44534,7.0,7.0,VP,IDS 3
44535,7.0,7.0,VP,IDS 3
44536,2.0,7.0,FN,IDS 1
39766,5.0,5.0,VP,IDS 1
39768,5.0,5.0,VP,IDS 1
39771,5.0,5.0,VP,IDS 1
39773,5.0,5.0,VP,IDS 1
39778,5.0,5.0,VP,IDS 1
39780,5.0,5.0,VP,IDS 1
39784,5.0,5.0,VP,IDS 1
40003,0.0,6.0,FN,IDS 1
40005,0.0,6.0,FN,IDS 1
40006,0.0,6.0,FN,IDS 1
40007,0.0,6.0,FN,IDS 1
40008,0.0,6.0,FN,IDS 1
40009,0.0,6.0,FN,IDS 1
40010,2.0,6.0,FN,IDS 1
40011,0.0,6.0,FN,IDS 1
40012,0.0,6.0,FN,IDS 1
40013,0.0,6.0,FN,IDS 1
40014,2.0,6.0,FN,IDS 1
40015,0.0,6.0,FN,IDS 1
40016,0.0,6.0,FN,IDS 1
40017,6.0,6.0,VP,IDS 3
40018,2.0,6.0,FN,IDS 1
40019,0.0,6.0,FN,IDS 1
40020,2.0,6.0,FN,IDS 1
40021,0.0,6.0,FN,IDS 1
40022,2.0,6.0,FN,IDS 1
40023,0.0,6.0,FN,IDS 1
40048,0.0,6.0,FN,IDS 1
40049,2.0,6.0,FN,IDS 1
40050,6.0,6.0,VP,IDS 3
40051,0.0,6.0,FN,IDS 1
40052,0.0,6.0,FN,IDS 1
40053,0.0,6.0,FN,IDS 1
40054,6.0,6.0,VP,IDS 3
40055,0.0,6.0,FN,IDS 1
40056,0.0,6.0,FN,IDS 1
40057,0.0,6.0,FN,IDS 1
40058,2.0,6.0,FN,IDS 1
40059,0.0,6.0,FN,IDS 1
40060,0.0,6.0,FN,IDS 1
40061,2.0,6.0,FN,IDS 1
40062,2.0,6.0,FN,IDS 1
40063,0.0,6.0,FN,IDS 1
40064,2.0,6.0,FN,IDS 1
40065,0.0,6.0,FN,IDS 1
40066,0.0,6.0,FN,IDS 1
40067,0.0,6.0,FN,IDS 1
40068,6.0,6.0,VP,IDS 3
40069,0.0,6.0,FN,IDS 1
40070,0.0,6.0,FN,IDS 1
40071,0.0,6.0,FN,IDS 1
40072,0.0,6.0,FN,IDS 1
40073,2.0,6.0,FN,IDS 1
40074,0.0,6.0,FN,IDS 1
40075,0.0,6.0,FN,IDS 1
40076,6.0,6.0,VP,IDS 3
40077,0.0,6.0,FN,IDS 1
40078,0.0,6.0,FN,IDS 1
40079,0.0,6.0,FN,IDS 1
40080,6.0,6.0,VP,IDS 3
40081,0.0,6.0,FN,IDS 1
40082,0.0,6.0,FN,IDS 1
40083,2.0,6.0,FN,IDS 1
40084,0.0,6.0,FN,IDS 1
40085,0.0,6.0,FN,IDS 1
40086,0.0,6.0,FN,IDS 1
40087,2.0,6.0,FN,IDS 1
40088,6.0,6.0,VP,IDS 3
40089,2.0,6.0,FN,IDS 1
40090,0.0,6.0,FN,IDS 1
40091,0.0,6.0,FN,IDS 1
40187,6.0,6.0,VP,IDS 3
40189,0.0,6.0,FN,IDS 1
40190,2.0,6.0,FN,IDS 1
40191,0.0,6.0,FN,IDS 1
40192,0.0,6.0,FN,IDS 1
40193,0.0,6.0,FN,IDS 1
40194,0.0,6.0,FN,IDS 1
40196,6.0,6.0,VP,IDS 3
40197,0.0,6.0,FN,IDS 1
40198,2.0,6.0,FN,IDS 1
40199,0.0,6.0,FN,IDS 1
40200,0.0,6.0,FN,IDS 1
40523,0.0,6.0,FN,IDS 1
40524,0.0,6.0,FN,IDS 1
40526,0.0,6.0,FN,IDS 1
40527,0.0,6.0,FN,IDS 1
40528,0.0,6.0,FN,IDS 1
40529,0.0,6.0,FN,IDS 1
40530,0.0,6.0,FN,IDS 1
40531,0.0,6.0,FN,IDS 1
40532,6.0,6.0,VP,IDS 3
40533,6.0,6.0,VP,IDS 3
40536,0.0,6.0,FN,IDS 1
40537,0.0,6.0,FN,IDS 1
40538,0.0,6.0,FN,IDS 1
40539,0.0,6.0,FN,IDS 1
40540,0.0,6.0,FN,IDS 1
40541,0.0,6.0,FN,IDS 1
40543,0.0,6.0,FN,IDS 1
40837,6.0,6.0,VP,IDS 3
40838,2.0,6.0,FN,IDS 1
40839,2.0,6.0,FN,IDS 1
40840,2.0,6.0,FN,IDS 1
40841,0.0,6.0,FN,IDS 1
40843,6.0,6.0,VP,IDS 3
40844,0.0,6.0,FN,IDS 1
40845,0.0,6.0,FN,IDS 1
40846,6.0,6.0,VP,IDS 3
41096,0.0,6.0,FN,IDS 1
41097,2.0,6.0,FN,IDS 1
41100,0.0,6.0,FN,IDS 1
41101,0.0,6.0,FN,IDS 1
41102,6.0,6.0,VP,IDS 3
41103,0.0,6.0,FN,IDS 1
41105,6.0,6.0,VP,IDS 3
41106,2.0,6.0,FN,IDS 1
41109,0.0,6.0,FN,IDS 1
41111,0.0,6.0,FN,IDS 1
41112,0.0,6.0,FN,IDS 1
41113,0.0,6.0,FN,IDS 1
41114,0.0,6.0,FN,IDS 1
41115,0.0,6.0,FN,IDS 1
41116,0.0,6.0,FN,IDS 1
41117,0.0,6.0,FN,IDS 1
41118,0.0,6.0,FN,IDS 1
41119,0.0,6.0,FN,IDS 1
41120,0.0,6.0,FN,IDS 1
41142,6.0,6.0,VP,IDS 3
41143,6.0,6.0,VP,IDS 3
41144,2.0,6.0,FN,IDS 1
41146,0.0,6.0,FN,IDS 1
41147,2.0,6.0,FN,IDS 1
41148,0.0,6.0,FN,IDS 1
41149,6.0,6.0,VP,IDS 3
41150,0.0,6.0,FN,IDS 1
41205,0.0,6.0,FN,IDS 1
41206,0.0,6.0,FN,IDS 1
41207,0.0,6.0,FN,IDS 1
41208,0.0,6.0,FN,IDS 1
41209,0.0,6.0,FN,IDS 1
41210,2.0,6.0,FN,IDS 1
41211,0.0,6.0,FN,IDS 1
41212,0.0,6.0,FN,IDS 1
41213,6.0,6.0,VP,IDS 3
41214,0.0,6.0,FN,IDS 1
41215,0.0,6.0,FN,IDS 1
41216,6.0,6.0,VP,IDS 3
41217,6.0,6.0,VP,IDS 3
41218,0.0,6.0,FN,IDS 1
41221,0.0,6.0,FN,IDS 1
41222,0.0,6.0,FN,IDS 1
41223,6.0,6.0,VP,IDS 3
41224,2.0,6.0,FN,IDS 1
41225,0.0,6.0,FN,IDS 1
41226,0.0,6.0,FN,IDS 1
41227,6.0,6.0,VP,IDS 3
41228,0.0,6.0,FN,IDS 1
41229,0.0,6.0,FN,IDS 1
41230,0.0,6.0,FN,IDS 1
41231,2.0,6.0,FN,IDS 1
41232,0.0,6.0,FN,IDS 1
41233,0.0,6.0,FN,IDS 1
41234,0.0,6.0,FN,IDS 1
41235,0.0,6.0,FN,IDS 1
41236,0.0,6.0,FN,IDS 1
41237,2.0,6.0,FN,IDS 1
41238,0.0,6.0,FN,IDS 1
41240,2.0,6.0,FN,IDS 1
41241,0.0,6.0,FN,IDS 1
41242,0.0,6.0,FN,IDS 1
41243,6.0,6.0,VP,IDS 3
41244,6.0,6.0,VP,IDS 3
41245,2.0,6.0,FN,IDS 1
41246,2.0,6.0,FN,IDS 1
41247,0.0,6.0,FN,IDS 1
41248,0.0,6.0,FN,IDS 1
41249,6.0,6.0,VP,IDS 3
41250,2.0,6.0,FN,IDS 1
41251,0.0,6.0,FN,IDS 1
41252,0.0,6.0,FN,IDS 1
41253,2.0,6.0,FN,IDS 1
41254,6.0,6.0,VP,IDS 3
41255,0.0,6.0,FN,IDS 1
41256,0.0,6.0,FN,IDS 1
41257,0.0,6.0,FN,IDS 1
41258,0.0,6.0,FN,IDS 1
41310,2.0,6.0,FN,IDS 1
41311,0.0,6.0,FN,IDS 1
41312,6.0,6.0,VP,IDS 3
41314,6.0,6.0,VP,IDS 3
41315,2.0,6.0,FN,IDS 1
41316,6.0,6.0,VP,IDS 3
41317,0.0,6.0,FN,IDS 1
41318,2.0,6.0,FN,IDS 1
41319,0.0,6.0,FN,IDS 1
41320,0.0,6.0,FN,IDS 1
41322,0.0,6.0,FN,IDS 1
41323,0.0,6.0,FN,IDS 1
41325,0.0,6.0,FN,IDS 1
41619,0.0,6.0,FN,IDS 1
41620,0.0,6.0,FN,IDS 1
41621,6.0,6.0,VP,IDS 3
41622,0.0,6.0,FN,IDS 1
41627,2.0,6.0,FN,IDS 1
41628,0.0,6.0,FN,IDS 1
41673,6.0,6.0,VP,IDS 3
41674,6.0,6.0,VP,IDS 3
41675,2.0,6.0,FN,IDS 1
41676,0.0,6.0,FN,IDS 1
41678,1.0,6.0,FN,IDS 1
41679,6.0,6.0,VP,IDS 3
41680,0.0,6.0,FN,IDS 1
41681,0.0,6.0,FN,IDS 1
41682,0.0,6.0,FN,IDS 1
41683,0.0,6.0,FN,IDS 1
41684,6.0,6.0,VP,IDS 3
41685,6.0,6.0,VP,IDS 3
41686,0.0,6.0,FN,IDS 1
41687,6.0,6.0,VP,IDS 3
41688,6.0,6.0,VP,IDS 3
41689,2.0,6.0,FN,IDS 1
41690,6.0,6.0,VP,IDS 3
41691,6.0,6.0,VP,IDS 3
41692,1.0,6.0,FN,IDS 1
41693,6.0,6.0,VP,IDS 3
41694,6.0,6.0,VP,IDS 3
41695,2.0,6.0,FN,IDS 1
41696,0.0,6.0,FN,IDS 1
41697,6.0,6.0,VP,IDS 3
41698,6.0,6.0,VP,IDS 3
41699,6.0,6.0,VP,IDS 3
41878,2.0,6.0,FN,IDS 1
41879,0.0,6.0,FN,IDS 1
41880,2.0,6.0,FN,IDS 1
41881,6.0,6.0,VP,IDS 3
41882,0.0,6.0,FN,IDS 1
41883,0.0,6.0,FN,IDS 1
41885,6.0,6.0,VP,IDS 3
41886,0.0,6.0,FN,IDS 1
41887,1.0,6.0,FN,IDS 1
41888,0.0,6.0,FN,IDS 1
41911,0.0,6.0,FN,IDS 1
41912,6.0,6.0,VP,IDS 3
41913,6.0,6.0,VP,IDS 3
41914,0.0,6.0,FN,IDS 1
41915,2.0,6.0,FN,IDS 1
41916,2.0,6.0,FN,IDS 1
41917,2.0,6.0,FN,IDS 1
41918,0.0,6.0,FN,IDS 1
41919,0.0,6.0,FN,IDS 1
41920,2.0,6.0,FN,IDS 1
41921,0.0,6.0,FN,IDS 1
41924,0.0,6.0,FN,IDS 1
41925,0.0,6.0,FN,IDS 1
41926,0.0,6.0,FN,IDS 1
41927,0.0,6.0,FN,IDS 1
41928,0.0,6.0,FN,IDS 1
41929,0.0,6.0,FN,IDS 1
42090,6.0,6.0,VP,IDS 3
42092,0.0,6.0,FN,IDS 1
42093,0.0,6.0,FN,IDS 1
42094,0.0,6.0,FN,IDS 1
42213,6.0,6.0,VP,IDS 3
42214,0.0,6.0,FN,IDS 1
42215,0.0,6.0,FN,IDS 1
42216,0.0,6.0,FN,IDS 1
42217,6.0,6.0,VP,IDS 3
42218,0.0,6.0,FN,IDS 1
42219,6.0,6.0,VP,IDS 3
42220,0.0,6.0,FN,IDS 1
42221,6.0,6.0,VP,IDS 3
42222,6.0,6.0,VP,IDS 3
42223,2.0,6.0,FN,IDS 1
42224,0.0,6.0,FN,IDS 1
42225,6.0,6.0,VP,IDS 3
42226,0.0,6.0,FN,IDS 1
42227,2.0,6.0,FN,IDS 1
42228,0.0,6.0,FN,IDS 1
40433,0.0,6.0,FN,IDS 1
40434,2.0,6.0,FN,IDS 1
40435,0.0,6.0,FN,IDS 1
40436,0.0,6.0,FN,IDS 1
40437,2.0,6.0,FN,IDS 1
40438,0.0,6.0,FN,IDS 1
40440,2.0,6.0,FN,IDS 1
40441,0.0,6.0,FN,IDS 1
40442,0.0,6.0,FN,IDS 1
40443,0.0,6.0,FN,IDS 1
40444,0.0,6.0,FN,IDS 1
40447,0.0,6.0,FN,IDS 1
40448,0.0,6.0,FN,IDS 1
40449,6.0,6.0,VP,IDS 3
40450,0.0,6.0,FN,IDS 1
40451,6.0,6.0,VP,IDS 3
40452,0.0,6.0,FN,IDS 1
40453,0.0,6.0,FN,IDS 1
40454,0.0,6.0,FN,IDS 1
40455,6.0,6.0,VP,IDS 3
40456,0.0,6.0,FN,IDS 1
40457,2.0,6.0,FN,IDS 1
40459,6.0,6.0,VP,IDS 3
40460,0.0,6.0,FN,IDS 1
40461,0.0,6.0,FN,IDS 1
40462,0.0,6.0,FN,IDS 1
40464,6.0,6.0,VP,IDS 3
40465,0.0,6.0,FN,IDS 1
40466,0.0,6.0,FN,IDS 1
40467,0.0,6.0,FN,IDS 1
40520,6.0,6.0,VP,IDS 3
40521,0.0,6.0,FN,IDS 1
40522,6.0,6.0,VP,IDS 3
40847,0.0,6.0,FN,IDS 1
40848,6.0,6.0,VP,IDS 3
40849,6.0,6.0,VP,IDS 3
40850,2.0,6.0,FN,IDS 1
40851,2.0,6.0,FN,IDS 1
40852,6.0,6.0,VP,IDS 3
40853,0.0,6.0,FN,IDS 1
40854,2.0,6.0,FN,IDS 1
40855,0.0,6.0,FN,IDS 1
40856,6.0,6.0,VP,IDS 3
40857,0.0,6.0,FN,IDS 1
40858,0.0,6.0,FN,IDS 1
40859,2.0,6.0,FN,IDS 1
40860,0.0,6.0,FN,IDS 1
40861,0.0,6.0,FN,IDS 1
40930,0.0,6.0,FN,IDS 1
40931,2.0,6.0,FN,IDS 1
40934,0.0,6.0,FN,IDS 1
40935,0.0,6.0,FN,IDS 1
40936,0.0,6.0,FN,IDS 1
40937,2.0,6.0,FN,IDS 1
40938,0.0,6.0,FN,IDS 1
40939,0.0,6.0,FN,IDS 1
40940,0.0,6.0,FN,IDS 1
40941,0.0,6.0,FN,IDS 1
40942,0.0,6.0,FN,IDS 1
40943,2.0,6.0,FN,IDS 1
40944,2.0,6.0,FN,IDS 1
40945,6.0,6.0,VP,IDS 3
40946,0.0,6.0,FN,IDS 1
40947,0.0,6.0,FN,IDS 1
40948,0.0,6.0,FN,IDS 1
40949,2.0,6.0,FN,IDS 1
40950,6.0,6.0,VP,IDS 3
40951,2.0,6.0,FN,IDS 1
40952,0.0,6.0,FN,IDS 1
40953,0.0,6.0,FN,IDS 1
40954,0.0,6.0,FN,IDS 1
41095,0.0,6.0,FN,IDS 1
41350,0.0,6.0,FN,IDS 1
41351,0.0,6.0,FN,IDS 1
41352,0.0,6.0,FN,IDS 1
41353,0.0,6.0,FN,IDS 1
41354,2.0,6.0,FN,IDS 1
41355,2.0,6.0,FN,IDS 1
41356,6.0,6.0,VP,IDS 3
41358,0.0,6.0,FN,IDS 1
41359,1.0,6.0,FN,IDS 1
41360,2.0,6.0,FN,IDS 1
41361,2.0,6.0,FN,IDS 1
41362,0.0,6.0,FN,IDS 1
41363,0.0,6.0,FN,IDS 1
41364,0.0,6.0,FN,IDS 1
41365,0.0,6.0,FN,IDS 1
41366,0.0,6.0,FN,IDS 1
41367,0.0,6.0,FN,IDS 1
41368,0.0,6.0,FN,IDS 1
41369,6.0,6.0,VP,IDS 3
41370,0.0,6.0,FN,IDS 1
41508,0.0,6.0,FN,IDS 1
41509,2.0,6.0,FN,IDS 1
41510,0.0,6.0,FN,IDS 1
41511,2.0,6.0,FN,IDS 1
41512,2.0,6.0,FN,IDS 1
41513,6.0,6.0,VP,IDS 3
41514,0.0,6.0,FN,IDS 1
41515,0.0,6.0,FN,IDS 1
41516,0.0,6.0,FN,IDS 1
41517,2.0,6.0,FN,IDS 1
41519,0.0,6.0,FN,IDS 1
41520,6.0,6.0,VP,IDS 3
41521,0.0,6.0,FN,IDS 1
41522,0.0,6.0,FN,IDS 1
41523,0.0,6.0,FN,IDS 1
41524,0.0,6.0,FN,IDS 1
41525,0.0,6.0,FN,IDS 1
41601,6.0,6.0,VP,IDS 3
41602,2.0,6.0,FN,IDS 1
41603,6.0,6.0,VP,IDS 3
41604,0.0,6.0,FN,IDS 1
41605,0.0,6.0,FN,IDS 1
41606,6.0,6.0,VP,IDS 3
41607,2.0,6.0,FN,IDS 1
41610,0.0,6.0,FN,IDS 1
41611,0.0,6.0,FN,IDS 1
41612,0.0,6.0,FN,IDS 1
41613,6.0,6.0,VP,IDS 3
41615,6.0,6.0,VP,IDS 3
41616,6.0,6.0,VP,IDS 3
41617,6.0,6.0,VP,IDS 3
41618,6.0,6.0,VP,IDS 3
42229,6.0,6.0,VP,IDS 3
42230,2.0,6.0,FN,IDS 1
42388,0.0,6.0,FN,IDS 1
42389,0.0,6.0,FN,IDS 1
42414,0.0,6.0,FN,IDS 1
42415,2.0,6.0,FN,IDS 1
42416,2.0,6.0,FN,IDS 1
42417,6.0,6.0,VP,IDS 3
42418,2.0,6.0,FN,IDS 1
42419,2.0,6.0,FN,IDS 1
42420,6.0,6.0,VP,IDS 3
42421,6.0,6.0,VP,IDS 3
42422,2.0,6.0,FN,IDS 1
42425,2.0,6.0,FN,IDS 1
42426,6.0,6.0,VP,IDS 3
42427,0.0,6.0,FN,IDS 1
42428,2.0,6.0,FN,IDS 1
42429,2.0,6.0,FN,IDS 1
42430,0.0,6.0,FN,IDS 1
42431,0.0,6.0,FN,IDS 1
42433,0.0,6.0,FN,IDS 1
42434,6.0,6.0,VP,IDS 3
42435,0.0,6.0,FN,IDS 1
42697,7.0,7.0,VP,IDS 3
42698,7.0,7.0,VP,IDS 3
42699,7.0,7.0,VP,IDS 3
42700,2.0,7.0,FN,IDS 1
42701,7.0,7.0,VP,IDS 3
42702,7.0,7.0,VP,IDS 3
42879,7.0,7.0,VP,IDS 3
42880,7.0,7.0,VP,IDS 3
42881,7.0,7.0,VP,IDS 3
42882,7.0,7.0,VP,IDS 3
42883,7.0,7.0,VP,IDS 3
42884,7.0,7.0,VP,IDS 3
42885,7.0,7.0,VP,IDS 3
42886,7.0,7.0,VP,IDS 3
42887,7.0,7.0,VP,IDS 3
42888,7.0,7.0,VP,IDS 3
42889,2.0,7.0,FN,IDS 1
42890,7.0,7.0,VP,IDS 3
42891,7.0,7.0,VP,IDS 3
42892,7.0,7.0,VP,IDS 3
42893,7.0,7.0,VP,IDS 3
42894,7.0,7.0,VP,IDS 3
42895,7.0,7.0,VP,IDS 3
42896,7.0,7.0,VP,IDS 3
42897,7.0,7.0,VP,IDS 3
43377,7.0,7.0,VP,IDS 3
43378,7.0,7.0,VP,IDS 3
43379,7.0,7.0,VP,IDS 3
43380,7.0,7.0,VP,IDS 3
43381,7.0,7.0,VP,IDS 3
43382,7.0,7.0,VP,IDS 3
43383,7.0,7.0,VP,IDS 3
43384,7.0,7.0,VP,IDS 3
43385,7.0,7.0,VP,IDS 3
43386,7.0,7.0,VP,IDS 3
43387,7.0,7.0,VP,IDS 3
43388,7.0,7.0,VP,IDS 3
43389,7.0,7.0,VP,IDS 3
43390,7.0,7.0,VP,IDS 3
43391,7.0,7.0,VP,IDS 3
43392,7.0,7.0,VP,IDS 3
43393,7.0,7.0,VP,IDS 3
43394,7.0,7.0,VP,IDS 3
43395,7.0,7.0,VP,IDS 3
43396,7.0,7.0,VP,IDS 3
43397,7.0,7.0,VP,IDS 3
41850,0.0,6.0,FN,IDS 1
41851,6.0,6.0,VP,IDS 3
41852,6.0,6.0,VP,IDS 3
41853,2.0,6.0,FN,IDS 1
41855,0.0,6.0,FN,IDS 1
41856,0.0,6.0,FN,IDS 1
41857,0.0,6.0,FN,IDS 1
41858,0.0,6.0,FN,IDS 1
41859,0.0,6.0,FN,IDS 1
41861,2.0,6.0,FN,IDS 1
41862,0.0,6.0,FN,IDS 1
41863,0.0,6.0,FN,IDS 1
41864,0.0,6.0,FN,IDS 1
41865,6.0,6.0,VP,IDS 3
41866,0.0,6.0,FN,IDS 1
41867,0.0,6.0,FN,IDS 1
41868,0.0,6.0,FN,IDS 1
41869,0.0,6.0,FN,IDS 1
41870,0.0,6.0,FN,IDS 1
41871,2.0,6.0,FN,IDS 1
41872,0.0,6.0,FN,IDS 1
41873,0.0,6.0,FN,IDS 1
41875,2.0,6.0,FN,IDS 1
41876,0.0,6.0,FN,IDS 1
41930,0.0,6.0,FN,IDS 1
41931,2.0,6.0,FN,IDS 1
41932,0.0,6.0,FN,IDS 1
41980,0.0,6.0,FN,IDS 1
41981,0.0,6.0,FN,IDS 1
41982,6.0,6.0,VP,IDS 3
41983,0.0,6.0,FN,IDS 1
41984,6.0,6.0,VP,IDS 3
41985,0.0,6.0,FN,IDS 1
41986,2.0,6.0,FN,IDS 1
41987,2.0,6.0,FN,IDS 1
41989,0.0,6.0,FN,IDS 1
41990,2.0,6.0,FN,IDS 1
41991,0.0,6.0,FN,IDS 1
41992,2.0,6.0,FN,IDS 1
41993,2.0,6.0,FN,IDS 1
41994,0.0,6.0,FN,IDS 1
41996,2.0,6.0,FN,IDS 1
41998,0.0,6.0,FN,IDS 1
41999,0.0,6.0,FN,IDS 1
42000,0.0,6.0,FN,IDS 1
42001,6.0,6.0,VP,IDS 3
42002,2.0,6.0,FN,IDS 1
42003,2.0,6.0,FN,IDS 1
42004,6.0,6.0,VP,IDS 3
42005,0.0,6.0,FN,IDS 1
42007,0.0,6.0,FN,IDS 1
42008,2.0,6.0,FN,IDS 1
42009,0.0,6.0,FN,IDS 1
42010,6.0,6.0,VP,IDS 3
42013,2.0,6.0,FN,IDS 1
42014,6.0,6.0,VP,IDS 3
42015,0.0,6.0,FN,IDS 1
42016,6.0,6.0,VP,IDS 3
42017,2.0,6.0,FN,IDS 1
42018,0.0,6.0,FN,IDS 1
42019,6.0,6.0,VP,IDS 3
42020,2.0,6.0,FN,IDS 1
42021,6.0,6.0,VP,IDS 3
42022,0.0,6.0,FN,IDS 1
42023,0.0,6.0,FN,IDS 1
42024,0.0,6.0,FN,IDS 1
42025,0.0,6.0,FN,IDS 1
42026,0.0,6.0,FN,IDS 1
42073,0.0,6.0,FN,IDS 1
42074,0.0,6.0,FN,IDS 1
42075,2.0,6.0,FN,IDS 1
42076,6.0,6.0,VP,IDS 3
42077,0.0,6.0,FN,IDS 1
42078,0.0,6.0,FN,IDS 1
42079,0.0,6.0,FN,IDS 1
42080,6.0,6.0,VP,IDS 3
42082,6.0,6.0,VP,IDS 3
42083,6.0,6.0,VP,IDS 3
42084,0.0,6.0,FN,IDS 1
42085,2.0,6.0,FN,IDS 1
42086,0.0,6.0,FN,IDS 1
42087,0.0,6.0,FN,IDS 1
42088,2.0,6.0,FN,IDS 1
42089,0.0,6.0,FN,IDS 1
42297,6.0,6.0,VP,IDS 3
42298,2.0,6.0,FN,IDS 1
42368,0.0,6.0,FN,IDS 1
42369,6.0,6.0,VP,IDS 3
42370,0.0,6.0,FN,IDS 1
42371,0.0,6.0,FN,IDS 1
42372,0.0,6.0,FN,IDS 1
42373,2.0,6.0,FN,IDS 1
42374,0.0,6.0,FN,IDS 1
42375,0.0,6.0,FN,IDS 1
42376,0.0,6.0,FN,IDS 1
42377,0.0,6.0,FN,IDS 1
42379,0.0,6.0,FN,IDS 1
42380,0.0,6.0,FN,IDS 1
42381,0.0,6.0,FN,IDS 1
42382,0.0,6.0,FN,IDS 1
42383,6.0,6.0,VP,IDS 3
42385,0.0,6.0,FN,IDS 1
42386,2.0,6.0,FN,IDS 1
42387,0.0,6.0,FN,IDS 1
42637,2.0,7.0,FN,IDS 1
42638,7.0,7.0,VP,IDS 3
42639,7.0,7.0,VP,IDS 3
42640,7.0,7.0,VP,IDS 3
42641,7.0,7.0,VP,IDS 3
42642,7.0,7.0,VP,IDS 3
42643,7.0,7.0,VP,IDS 3
42644,7.0,7.0,VP,IDS 3
42645,7.0,7.0,VP,IDS 3
42646,7.0,7.0,VP,IDS 3
42647,7.0,7.0,VP,IDS 3
42648,7.0,7.0,VP,IDS 3
42649,7.0,7.0,VP,IDS 3
42650,7.0,7.0,VP,IDS 3
42651,7.0,7.0,VP,IDS 3
42652,7.0,7.0,VP,IDS 3
42653,7.0,7.0,VP,IDS 3
42654,7.0,7.0,VP,IDS 3
42655,7.0,7.0,VP,IDS 3
42656,7.0,7.0,VP,IDS 3
42657,2.0,7.0,FN,IDS 1
42658,7.0,7.0,VP,IDS 3
42681,7.0,7.0,VP,IDS 3
42682,7.0,7.0,VP,IDS 3
42683,7.0,7.0,VP,IDS 3
42684,7.0,7.0,VP,IDS 3
42685,7.0,7.0,VP,IDS 3
42686,7.0,7.0,VP,IDS 3
42687,7.0,7.0,VP,IDS 3
42688,7.0,7.0,VP,IDS 3
42689,7.0,7.0,VP,IDS 3
42690,7.0,7.0,VP,IDS 3
42691,7.0,7.0,VP,IDS 3
42692,2.0,7.0,FN,IDS 1
42693,2.0,7.0,FN,IDS 1
42694,7.0,7.0,VP,IDS 3
42695,7.0,7.0,VP,IDS 3
42696,7.0,7.0,VP,IDS 3
43097,2.0,7.0,FN,IDS 1
43098,7.0,7.0,VP,IDS 3
43099,7.0,7.0,VP,IDS 3
43100,7.0,7.0,VP,IDS 3
43101,7.0,7.0,VP,IDS 3
43102,7.0,7.0,VP,IDS 3
43103,7.0,7.0,VP,IDS 3
43104,7.0,7.0,VP,IDS 3
43105,7.0,7.0,VP,IDS 3
43106,7.0,7.0,VP,IDS 3
43107,7.0,7.0,VP,IDS 3
43108,7.0,7.0,VP,IDS 3
43109,7.0,7.0,VP,IDS 3
43110,7.0,7.0,VP,IDS 3
43111,7.0,7.0,VP,IDS 3
43284,7.0,7.0,VP,IDS 3
43285,7.0,7.0,VP,IDS 3
43286,2.0,7.0,FN,IDS 1
43287,7.0,7.0,VP,IDS 3
43288,7.0,7.0,VP,IDS 3
43289,7.0,7.0,VP,IDS 3
43290,7.0,7.0,VP,IDS 3
43291,2.0,7.0,FN,IDS 1
43292,7.0,7.0,VP,IDS 3
43293,7.0,7.0,VP,IDS 3
43294,7.0,7.0,VP,IDS 3
43295,7.0,7.0,VP,IDS 3
43296,7.0,7.0,VP,IDS 3
43297,2.0,7.0,FN,IDS 1
43298,7.0,7.0,VP,IDS 3
43299,2.0,7.0,FN,IDS 1
43300,2.0,7.0,FN,IDS 1
43301,7.0,7.0,VP,IDS 3
43302,7.0,7.0,VP,IDS 3
43303,2.0,7.0,FN,IDS 1
43304,7.0,7.0,VP,IDS 3
43349,7.0,7.0,VP,IDS 3
43350,7.0,7.0,VP,IDS 3
43351,7.0,7.0,VP,IDS 3
43352,7.0,7.0,VP,IDS 3
43353,7.0,7.0,VP,IDS 3
43354,7.0,7.0,VP,IDS 3
43355,7.0,7.0,VP,IDS 3
43356,7.0,7.0,VP,IDS 3
43357,7.0,7.0,VP,IDS 3
43358,7.0,7.0,VP,IDS 3
43359,7.0,7.0,VP,IDS 3
43360,2.0,7.0,FN,IDS 1
43361,7.0,7.0,VP,IDS 3
43362,7.0,7.0,VP,IDS 3
43363,2.0,7.0,FN,IDS 1
43364,7.0,7.0,VP,IDS 3
43365,7.0,7.0,VP,IDS 3
43366,7.0,7.0,VP,IDS 3
43367,7.0,7.0,VP,IDS 3
43368,7.0,7.0,VP,IDS 3
43369,7.0,7.0,VP,IDS 3
43370,7.0,7.0,VP,IDS 3
43371,2.0,7.0,FN,IDS 1
43372,7.0,7.0,VP,IDS 3
43373,7.0,7.0,VP,IDS 3
43374,7.0,7.0,VP,IDS 3
43375,7.0,7.0,VP,IDS 3
43376,7.0,7.0,VP,IDS 3
43489,7.0,7.0,VP,IDS 3
43490,7.0,7.0,VP,IDS 3
43491,7.0,7.0,VP,IDS 3
43492,7.0,7.0,VP,IDS 3
43493,7.0,7.0,VP,IDS 3
43494,2.0,7.0,FN,IDS 1
43495,7.0,7.0,VP,IDS 3
43496,7.0,7.0,VP,IDS 3
43497,7.0,7.0,VP,IDS 3
43498,7.0,7.0,VP,IDS 3
43499,7.0,7.0,VP,IDS 3
43500,7.0,7.0,VP,IDS 3
43501,7.0,7.0,VP,IDS 3
43502,7.0,7.0,VP,IDS 3
43503,7.0,7.0,VP,IDS 3
43504,7.0,7.0,VP,IDS 3
43529,7.0,7.0,VP,IDS 3
43530,7.0,7.0,VP,IDS 3
43531,7.0,7.0,VP,IDS 3
43532,7.0,7.0,VP,IDS 3
43533,7.0,7.0,VP,IDS 3
43665,7.0,7.0,VP,IDS 3
43666,2.0,7.0,FN,IDS 1
43667,7.0,7.0,VP,IDS 3
43668,7.0,7.0,VP,IDS 3
43669,7.0,7.0,VP,IDS 3
43670,7.0,7.0,VP,IDS 3
43671,7.0,7.0,VP,IDS 3
43672,7.0,7.0,VP,IDS 3
43673,7.0,7.0,VP,IDS 3
43674,7.0,7.0,VP,IDS 3
43675,7.0,7.0,VP,IDS 3
43676,7.0,7.0,VP,IDS 3
43677,7.0,7.0,VP,IDS 3
43678,7.0,7.0,VP,IDS 3
43679,7.0,7.0,VP,IDS 3
43680,7.0,7.0,VP,IDS 3
43681,7.0,7.0,VP,IDS 3
43682,7.0,7.0,VP,IDS 3
43683,7.0,7.0,VP,IDS 3
43684,7.0,7.0,VP,IDS 3
43778,7.0,7.0,VP,IDS 3
43929,7.0,7.0,VP,IDS 3
43930,7.0,7.0,VP,IDS 3
43931,7.0,7.0,VP,IDS 3
43932,7.0,7.0,VP,IDS 3
43933,7.0,7.0,VP,IDS 3
43934,7.0,7.0,VP,IDS 3
43935,7.0,7.0,VP,IDS 3
43936,2.0,7.0,FN,IDS 1
43937,7.0,7.0,VP,IDS 3
43938,7.0,7.0,VP,IDS 3
43939,2.0,7.0,FN,IDS 1
43940,7.0,7.0,VP,IDS 3
43941,7.0,7.0,VP,IDS 3
43942,7.0,7.0,VP,IDS 3
43943,7.0,7.0,VP,IDS 3
43944,7.0,7.0,VP,IDS 3
43945,7.0,7.0,VP,IDS 3
43946,7.0,7.0,VP,IDS 3
43947,7.0,7.0,VP,IDS 3
43948,7.0,7.0,VP,IDS 3
43949,7.0,7.0,VP,IDS 3
36388,0.0,4.0,FN,IDS 1
36505,0.0,4.0,FN,IDS 1
36506,0.0,4.0,FN,IDS 1
36507,0.0,4.0,FN,IDS 1
36508,0.0,4.0,FN,IDS 1
36509,0.0,4.0,FN,IDS 1
36510,0.0,4.0,FN,IDS 1
36511,0.0,4.0,FN,IDS 1
36512,0.0,4.0,FN,IDS 1
36513,0.0,4.0,FN,IDS 1
36514,0.0,4.0,FN,IDS 1
36515,0.0,4.0,FN,IDS 1
36516,0.0,4.0,FN,IDS 1
36517,0.0,4.0,FN,IDS 1
36519,0.0,4.0,FN,IDS 1
36520,0.0,4.0,FN,IDS 1
36521,0.0,4.0,FN,IDS 1
36522,0.0,4.0,FN,IDS 1
36523,0.0,4.0,FN,IDS 1
36524,0.0,4.0,FN,IDS 1
36525,0.0,4.0,FN,IDS 1
36526,0.0,4.0,FN,IDS 1
36527,0.0,4.0,FN,IDS 1
36528,0.0,4.0,FN,IDS 1
36529,0.0,4.0,FN,IDS 1
36530,0.0,4.0,FN,IDS 1
36531,0.0,4.0,FN,IDS 1
36533,0.0,4.0,FN,IDS 1
36534,0.0,4.0,FN,IDS 1
36535,0.0,4.0,FN,IDS 1
36536,0.0,4.0,FN,IDS 1
36537,0.0,4.0,FN,IDS 1
36539,0.0,4.0,FN,IDS 1
36540,0.0,4.0,FN,IDS 1
36541,0.0,4.0,FN,IDS 1
36542,0.0,4.0,FN,IDS 1
36543,0.0,4.0,FN,IDS 1
36544,0.0,4.0,FN,IDS 1
36545,0.0,4.0,FN,IDS 1
36546,0.0,4.0,FN,IDS 1
36547,0.0,4.0,FN,IDS 1
36549,0.0,4.0,FN,IDS 1
36550,0.0,4.0,FN,IDS 1
36552,0.0,4.0,FN,IDS 1
36553,0.0,4.0,FN,IDS 1
36555,0.0,4.0,FN,IDS 1
36557,0.0,4.0,FN,IDS 1
36562,0.0,4.0,FN,IDS 1
36563,0.0,4.0,FN,IDS 1
36599,0.0,4.0,FN,IDS 1
36600,0.0,4.0,FN,IDS 1
36601,0.0,4.0,FN,IDS 1
36602,0.0,4.0,FN,IDS 1
36605,0.0,4.0,FN,IDS 1
36606,0.0,4.0,FN,IDS 1
36608,0.0,4.0,FN,IDS 1
36609,0.0,4.0,FN,IDS 1
36613,0.0,4.0,FN,IDS 1
36615,0.0,4.0,FN,IDS 1
36616,0.0,4.0,FN,IDS 1
36617,0.0,4.0,FN,IDS 1
36618,0.0,4.0,FN,IDS 1
36621,0.0,4.0,FN,IDS 1
36623,0.0,4.0,FN,IDS 1
36624,0.0,4.0,FN,IDS 1
36625,0.0,4.0,FN,IDS 1
36627,0.0,4.0,FN,IDS 1
36629,0.0,4.0,FN,IDS 1
36630,0.0,4.0,FN,IDS 1
36632,0.0,4.0,FN,IDS 1
36660,0.0,4.0,FN,IDS 1
36662,0.0,4.0,FN,IDS 1
36663,0.0,4.0,FN,IDS 1
36664,0.0,4.0,FN,IDS 1
36665,0.0,4.0,FN,IDS 1
36668,0.0,4.0,FN,IDS 1
36669,0.0,4.0,FN,IDS 1
36670,0.0,4.0,FN,IDS 1
36671,0.0,4.0,FN,IDS 1
36672,0.0,4.0,FN,IDS 1
36673,0.0,4.0,FN,IDS 1
36675,0.0,4.0,FN,IDS 1
36676,0.0,4.0,FN,IDS 1
36677,0.0,4.0,FN,IDS 1
36678,0.0,4.0,FN,IDS 1
36679,0.0,4.0,FN,IDS 1
36681,0.0,4.0,FN,IDS 1
36683,0.0,4.0,FN,IDS 1
36687,0.0,4.0,FN,IDS 1
36688,0.0,4.0,FN,IDS 1
36691,0.0,4.0,FN,IDS 1
36782,0.0,4.0,FN,IDS 1
36783,0.0,4.0,FN,IDS 1
36784,0.0,4.0,FN,IDS 1
36785,0.0,4.0,FN,IDS 1
36786,0.0,4.0,FN,IDS 1
36787,0.0,4.0,FN,IDS 1
36789,0.0,4.0,FN,IDS 1
36790,0.0,4.0,FN,IDS 1
36791,0.0,4.0,FN,IDS 1
36901,0.0,4.0,FN,IDS 1
36902,0.0,4.0,FN,IDS 1
36903,0.0,4.0,FN,IDS 1
36905,0.0,4.0,FN,IDS 1
36906,0.0,4.0,FN,IDS 1
36907,0.0,4.0,FN,IDS 1
36908,0.0,4.0,FN,IDS 1
36909,0.0,4.0,FN,IDS 1
36910,0.0,4.0,FN,IDS 1
36911,0.0,4.0,FN,IDS 1
36912,0.0,4.0,FN,IDS 1
36914,0.0,4.0,FN,IDS 1
36915,0.0,4.0,FN,IDS 1
36916,0.0,4.0,FN,IDS 1
36917,0.0,4.0,FN,IDS 1
36918,0.0,4.0,FN,IDS 1
36919,0.0,4.0,FN,IDS 1
36920,0.0,4.0,FN,IDS 1
36925,0.0,4.0,FN,IDS 1
36927,0.0,4.0,FN,IDS 1
36928,0.0,4.0,FN,IDS 1
37116,0.0,4.0,FN,IDS 1
37117,1.0,4.0,FN,IDS 1
37118,0.0,4.0,FN,IDS 1
37120,0.0,4.0,FN,IDS 1
37124,0.0,4.0,FN,IDS 1
37127,1.0,4.0,FN,IDS 1
37129,0.0,4.0,FN,IDS 1
37130,0.0,4.0,FN,IDS 1
37131,1.0,4.0,FN,IDS 1
37132,0.0,4.0,FN,IDS 1
37133,0.0,4.0,FN,IDS 1
37134,0.0,4.0,FN,IDS 1
37135,1.0,4.0,FN,IDS 1
37136,0.0,4.0,FN,IDS 1
37139,0.0,4.0,FN,IDS 1
37140,0.0,4.0,FN,IDS 1
37141,0.0,4.0,FN,IDS 1
37142,0.0,4.0,FN,IDS 1
37143,0.0,4.0,FN,IDS 1
37144,0.0,4.0,FN,IDS 1
37202,0.0,4.0,FN,IDS 1
37203,0.0,4.0,FN,IDS 1
37261,0.0,4.0,FN,IDS 1
37262,0.0,4.0,FN,IDS 1
37263,0.0,4.0,FN,IDS 1
37264,0.0,4.0,FN,IDS 1
37265,0.0,4.0,FN,IDS 1
37266,0.0,4.0,FN,IDS 1
37267,0.0,4.0,FN,IDS 1
37268,0.0,4.0,FN,IDS 1
37269,0.0,4.0,FN,IDS 1
37270,0.0,4.0,FN,IDS 1
37271,0.0,4.0,FN,IDS 1
37273,0.0,4.0,FN,IDS 1
37274,0.0,4.0,FN,IDS 1
37275,0.0,4.0,FN,IDS 1
37277,0.0,4.0,FN,IDS 1
37376,0.0,4.0,FN,IDS 1
37377,1.0,4.0,FN,IDS 1
37379,0.0,4.0,FN,IDS 1
37380,0.0,4.0,FN,IDS 1
37381,0.0,4.0,FN,IDS 1
37382,0.0,4.0,FN,IDS 1
37385,0.0,4.0,FN,IDS 1
37386,0.0,4.0,FN,IDS 1
37418,0.0,4.0,FN,IDS 1
37419,5.0,4.0,FN,IDS 1
37420,0.0,4.0,FN,IDS 1
37421,0.0,4.0,FN,IDS 1
37422,0.0,4.0,FN,IDS 1
37423,0.0,4.0,FN,IDS 1
37424,0.0,4.0,FN,IDS 1
37427,0.0,4.0,FN,IDS 1
37429,0.0,4.0,FN,IDS 1
37430,0.0,4.0,FN,IDS 1
37431,0.0,4.0,FN,IDS 1
37432,0.0,4.0,FN,IDS 1
37433,0.0,4.0,FN,IDS 1
37435,0.0,4.0,FN,IDS 1
37436,0.0,4.0,FN,IDS 1
37437,0.0,4.0,FN,IDS 1
37438,0.0,4.0,FN,IDS 1
37439,0.0,4.0,FN,IDS 1
37440,0.0,4.0,FN,IDS 1
37441,0.0,4.0,FN,IDS 1
37442,0.0,4.0,FN,IDS 1
37443,0.0,4.0,FN,IDS 1
37444,0.0,4.0,FN,IDS 1
37445,0.0,4.0,FN,IDS 1
37447,0.0,4.0,FN,IDS 1
37449,1.0,4.0,FN,IDS 1
37450,0.0,4.0,FN,IDS 1
37451,0.0,4.0,FN,IDS 1
37452,0.0,4.0,FN,IDS 1
37453,0.0,4.0,FN,IDS 1
37454,0.0,4.0,FN,IDS 1
37455,0.0,4.0,FN,IDS 1
37456,0.0,4.0,FN,IDS 1
37457,0.0,4.0,FN,IDS 1
37458,0.0,4.0,FN,IDS 1
37459,0.0,4.0,FN,IDS 1
37460,0.0,4.0,FN,IDS 1
37464,0.0,4.0,FN,IDS 1
37465,0.0,4.0,FN,IDS 1
37466,0.0,4.0,FN,IDS 1
38215,5.0,5.0,VP,IDS 1
38216,5.0,5.0,VP,IDS 1
38219,5.0,5.0,VP,IDS 1
38328,5.0,5.0,VP,IDS 1
38330,5.0,5.0,VP,IDS 1
38331,5.0,5.0,VP,IDS 1
38332,5.0,5.0,VP,IDS 1
38335,5.0,5.0,VP,IDS 1
38336,5.0,5.0,VP,IDS 1
38339,5.0,5.0,VP,IDS 3
38340,5.0,5.0,VP,IDS 1
38342,5.0,5.0,VP,IDS 1
38343,5.0,5.0,VP,IDS 1
38346,5.0,5.0,VP,IDS 1
38347,5.0,5.0,VP,IDS 1
38348,5.0,5.0,VP,IDS 1
38350,5.0,5.0,VP,IDS 1
38351,5.0,5.0,VP,IDS 1
38354,5.0,5.0,VP,IDS 1
38355,5.0,5.0,VP,IDS 1
38356,5.0,5.0,VP,IDS 1
38358,5.0,5.0,VP,IDS 1
38361,5.0,5.0,VP,IDS 1
38362,5.0,5.0,VP,IDS 1
38363,5.0,5.0,VP,IDS 1
38367,5.0,5.0,VP,IDS 1
38368,5.0,5.0,VP,IDS 1
38369,5.0,5.0,VP,IDS 1
38370,5.0,5.0,VP,IDS 1
40025,2.0,6.0,FN,IDS 1
40026,6.0,6.0,VP,IDS 3
40027,0.0,6.0,FN,IDS 1
40028,0.0,6.0,FN,IDS 1
40030,6.0,6.0,VP,IDS 3
40031,0.0,6.0,FN,IDS 1
40032,0.0,6.0,FN,IDS 1
40034,0.0,6.0,FN,IDS 1
40035,0.0,6.0,FN,IDS 1
40036,0.0,6.0,FN,IDS 1
40037,6.0,6.0,VP,IDS 3
40038,6.0,6.0,VP,IDS 3
40039,6.0,6.0,VP,IDS 3
40040,0.0,6.0,FN,IDS 1
40041,2.0,6.0,FN,IDS 1
40043,0.0,6.0,FN,IDS 1
40045,0.0,6.0,FN,IDS 1
40046,0.0,6.0,FN,IDS 1
40047,6.0,6.0,VP,IDS 3
40092,0.0,6.0,FN,IDS 1
40113,0.0,6.0,FN,IDS 1
40114,6.0,6.0,VP,IDS 3
40115,0.0,6.0,FN,IDS 1
40116,0.0,6.0,FN,IDS 1
40118,0.0,6.0,FN,IDS 1
40119,0.0,6.0,FN,IDS 1
40121,0.0,6.0,FN,IDS 1
40122,0.0,6.0,FN,IDS 1
40123,6.0,6.0,VP,IDS 3
40124,0.0,6.0,FN,IDS 1
40125,0.0,6.0,FN,IDS 1
40126,6.0,6.0,VP,IDS 3
40127,6.0,6.0,VP,IDS 3
40128,0.0,6.0,FN,IDS 1
40129,2.0,6.0,FN,IDS 1
40130,0.0,6.0,FN,IDS 1
40131,0.0,6.0,FN,IDS 1
40132,0.0,6.0,FN,IDS 1
40133,0.0,6.0,FN,IDS 1
40134,0.0,6.0,FN,IDS 1
42529,7.0,7.0,VP,IDS 3
42530,7.0,7.0,VP,IDS 3
42531,7.0,7.0,VP,IDS 3
42532,7.0,7.0,VP,IDS 3
42533,7.0,7.0,VP,IDS 3
42534,2.0,7.0,FN,IDS 1
42535,7.0,7.0,VP,IDS 3
42536,7.0,7.0,VP,IDS 3
42537,7.0,7.0,VP,IDS 3
42538,7.0,7.0,VP,IDS 3
42539,7.0,7.0,VP,IDS 3
42540,7.0,7.0,VP,IDS 3
42541,7.0,7.0,VP,IDS 3
42542,7.0,7.0,VP,IDS 3
42543,7.0,7.0,VP,IDS 3
42544,7.0,7.0,VP,IDS 3
42545,7.0,7.0,VP,IDS 3
42546,2.0,7.0,FN,IDS 1
42547,7.0,7.0,VP,IDS 3
42548,7.0,7.0,VP,IDS 3
42898,7.0,7.0,VP,IDS 3
42899,2.0,7.0,FN,IDS 1
42921,7.0,7.0,VP,IDS 3
42922,7.0,7.0,VP,IDS 3
42923,7.0,7.0,VP,IDS 3
42924,7.0,7.0,VP,IDS 3
42925,7.0,7.0,VP,IDS 3
42926,7.0,7.0,VP,IDS 3
42927,7.0,7.0,VP,IDS 3
42928,2.0,7.0,FN,IDS 1
42930,7.0,7.0,VP,IDS 3
42931,7.0,7.0,VP,IDS 3
42932,7.0,7.0,VP,IDS 3
42933,7.0,7.0,VP,IDS 3
42934,7.0,7.0,VP,IDS 3
42935,7.0,7.0,VP,IDS 3
42936,7.0,7.0,VP,IDS 3
42937,7.0,7.0,VP,IDS 3
42938,2.0,7.0,FN,IDS 1
42939,7.0,7.0,VP,IDS 3
42940,7.0,7.0,VP,IDS 3
42941,2.0,7.0,FN,IDS 1
42942,7.0,7.0,VP,IDS 3
42943,7.0,7.0,VP,IDS 3
43091,7.0,7.0,VP,IDS 3
43092,7.0,7.0,VP,IDS 3
43093,7.0,7.0,VP,IDS 3
43094,7.0,7.0,VP,IDS 3
43095,2.0,7.0,FN,IDS 1
43096,7.0,7.0,VP,IDS 3
43398,7.0,7.0,VP,IDS 3
43399,7.0,7.0,VP,IDS 3
43400,7.0,7.0,VP,IDS 3
43401,7.0,7.0,VP,IDS 3
43402,7.0,7.0,VP,IDS 3
43403,7.0,7.0,VP,IDS 3
43404,7.0,7.0,VP,IDS 3
43405,7.0,7.0,VP,IDS 3
43406,7.0,7.0,VP,IDS 3
43407,7.0,7.0,VP,IDS 3
43408,7.0,7.0,VP,IDS 3
43409,7.0,7.0,VP,IDS 3
43410,7.0,7.0,VP,IDS 3
43411,7.0,7.0,VP,IDS 3
43412,7.0,7.0,VP,IDS 3
43413,7.0,7.0,VP,IDS 3
43414,7.0,7.0,VP,IDS 3
43415,7.0,7.0,VP,IDS 3
43484,7.0,7.0,VP,IDS 3
43485,7.0,7.0,VP,IDS 3
43486,7.0,7.0,VP,IDS 3
43487,7.0,7.0,VP,IDS 3
43488,7.0,7.0,VP,IDS 3
43534,7.0,7.0,VP,IDS 3
43535,7.0,7.0,VP,IDS 3
43536,7.0,7.0,VP,IDS 3
43537,7.0,7.0,VP,IDS 3
43538,7.0,7.0,VP,IDS 3
43539,7.0,7.0,VP,IDS 3
43540,7.0,7.0,VP,IDS 3
43541,7.0,7.0,VP,IDS 3
43542,7.0,7.0,VP,IDS 3
43543,7.0,7.0,VP,IDS 3
43544,7.0,7.0,VP,IDS 3
43545,7.0,7.0,VP,IDS 3
43546,7.0,7.0,VP,IDS 3
43547,7.0,7.0,VP,IDS 3
43548,7.0,7.0,VP,IDS 3
43549,7.0,7.0,VP,IDS 3
43550,7.0,7.0,VP,IDS 3
43551,7.0,7.0,VP,IDS 3
43552,7.0,7.0,VP,IDS 3
43643,7.0,7.0,VP,IDS 3
43779,1.0,7.0,FN,IDS 1
43780,7.0,7.0,VP,IDS 3
43781,7.0,7.0,VP,IDS 3
43782,7.0,7.0,VP,IDS 3
43783,7.0,7.0,VP,IDS 3
43784,7.0,7.0,VP,IDS 3
43785,7.0,7.0,VP,IDS 3
43786,7.0,7.0,VP,IDS 3
43787,7.0,7.0,VP,IDS 3
43788,7.0,7.0,VP,IDS 3
43789,7.0,7.0,VP,IDS 3
43790,2.0,7.0,FN,IDS 1
43791,7.0,7.0,VP,IDS 3
43792,2.0,7.0,FN,IDS 1
43793,7.0,7.0,VP,IDS 3
43794,7.0,7.0,VP,IDS 3
43795,2.0,7.0,FN,IDS 1
43796,7.0,7.0,VP,IDS 3
43797,7.0,7.0,VP,IDS 3
43798,7.0,7.0,VP,IDS 3
43927,7.0,7.0,VP,IDS 3
43928,7.0,7.0,VP,IDS 3
43950,7.0,7.0,VP,IDS 3
43951,7.0,7.0,VP,IDS 3
43952,7.0,7.0,VP,IDS 3
43953,7.0,7.0,VP,IDS 3
43954,7.0,7.0,VP,IDS 3
43955,7.0,7.0,VP,IDS 3
43956,7.0,7.0,VP,IDS 3
43957,2.0,7.0,FN,IDS 1
43958,7.0,7.0,VP,IDS 3
43960,7.0,7.0,VP,IDS 3
43961,7.0,7.0,VP,IDS 3
43962,7.0,7.0,VP,IDS 3
43963,7.0,7.0,VP,IDS 3
43964,7.0,7.0,VP,IDS 3
43965,7.0,7.0,VP,IDS 3
43966,7.0,7.0,VP,IDS 3
43967,7.0,7.0,VP,IDS 3
43968,7.0,7.0,VP,IDS 3
43969,7.0,7.0,VP,IDS 3
43970,2.0,7.0,FN,IDS 1
43971,7.0,7.0,VP,IDS 3
43972,7.0,7.0,VP,IDS 3
43973,7.0,7.0,VP,IDS 3
43974,7.0,7.0,VP,IDS 3
43975,7.0,7.0,VP,IDS 3
43976,2.0,7.0,FN,IDS 1
43977,7.0,7.0,VP,IDS 3
43978,7.0,7.0,VP,IDS 3
43979,7.0,7.0,VP,IDS 3
43980,7.0,7.0,VP,IDS 3
43981,7.0,7.0,VP,IDS 3
43982,7.0,7.0,VP,IDS 3
43983,7.0,7.0,VP,IDS 3
43984,7.0,7.0,VP,IDS 3
43985,7.0,7.0,VP,IDS 3
43986,7.0,7.0,VP,IDS 3
43987,7.0,7.0,VP,IDS 3
43988,7.0,7.0,VP,IDS 3
43989,7.0,7.0,VP,IDS 3
43990,7.0,7.0,VP,IDS 3
43991,7.0,7.0,VP,IDS 3
36195,0.0,4.0,FN,IDS 1
36196,0.0,4.0,FN,IDS 1
36197,0.0,4.0,FN,IDS 1
36198,0.0,4.0,FN,IDS 1
36199,0.0,4.0,FN,IDS 1
36200,0.0,4.0,FN,IDS 1
36201,0.0,4.0,FN,IDS 1
36202,0.0,4.0,FN,IDS 1
36203,0.0,4.0,FN,IDS 1
36357,0.0,4.0,FN,IDS 1
36358,0.0,4.0,FN,IDS 1
36359,0.0,4.0,FN,IDS 1
36360,0.0,4.0,FN,IDS 1
36361,0.0,4.0,FN,IDS 1
36363,0.0,4.0,FN,IDS 1
36364,0.0,4.0,FN,IDS 1
36365,0.0,4.0,FN,IDS 1
36366,0.0,4.0,FN,IDS 1
36368,0.0,4.0,FN,IDS 1
36369,0.0,4.0,FN,IDS 1
36373,0.0,4.0,FN,IDS 1
36376,0.0,4.0,FN,IDS 1
36377,0.0,4.0,FN,IDS 1
36378,0.0,4.0,FN,IDS 1
36380,0.0,4.0,FN,IDS 1
36382,0.0,4.0,FN,IDS 1
36383,0.0,4.0,FN,IDS 1
36384,0.0,4.0,FN,IDS 1
36385,0.0,4.0,FN,IDS 1
36387,0.0,4.0,FN,IDS 1
36929,0.0,4.0,FN,IDS 1
36930,1.0,4.0,FN,IDS 1
36931,0.0,4.0,FN,IDS 1
36932,0.0,4.0,FN,IDS 1
36933,0.0,4.0,FN,IDS 1
36934,0.0,4.0,FN,IDS 1
36935,0.0,4.0,FN,IDS 1
36938,0.0,4.0,FN,IDS 1
36939,0.0,4.0,FN,IDS 1
36940,0.0,4.0,FN,IDS 1
36941,0.0,4.0,FN,IDS 1
36942,0.0,4.0,FN,IDS 1
36944,0.0,4.0,FN,IDS 1
36945,0.0,4.0,FN,IDS 1
36947,0.0,4.0,FN,IDS 1
36949,0.0,4.0,FN,IDS 1
36951,0.0,4.0,FN,IDS 1
36953,0.0,4.0,FN,IDS 1
36989,0.0,4.0,FN,IDS 1
36990,0.0,4.0,FN,IDS 1
36992,0.0,4.0,FN,IDS 1
36993,0.0,4.0,FN,IDS 1
36994,0.0,4.0,FN,IDS 1
36996,0.0,4.0,FN,IDS 1
36997,0.0,4.0,FN,IDS 1
36998,0.0,4.0,FN,IDS 1
37000,0.0,4.0,FN,IDS 1
37001,0.0,4.0,FN,IDS 1
37004,0.0,4.0,FN,IDS 1
37005,0.0,4.0,FN,IDS 1
37007,0.0,4.0,FN,IDS 1
37008,0.0,4.0,FN,IDS 1
37009,0.0,4.0,FN,IDS 1
37012,0.0,4.0,FN,IDS 1
37013,0.0,4.0,FN,IDS 1
37014,0.0,4.0,FN,IDS 1
37015,0.0,4.0,FN,IDS 1
37016,0.0,4.0,FN,IDS 1
37018,0.0,4.0,FN,IDS 1
37115,0.0,4.0,FN,IDS 1
37469,0.0,4.0,FN,IDS 1
37544,5.0,5.0,VP,IDS 1
37545,5.0,5.0,VP,IDS 1
37546,5.0,5.0,VP,IDS 3
37548,5.0,5.0,VP,IDS 3
37550,5.0,5.0,VP,IDS 1
37551,5.0,5.0,VP,IDS 1
37552,5.0,5.0,VP,IDS 3
37553,5.0,5.0,VP,IDS 1
37554,5.0,5.0,VP,IDS 1
37555,5.0,5.0,VP,IDS 1
37556,5.0,5.0,VP,IDS 1
37561,5.0,5.0,VP,IDS 1
37562,5.0,5.0,VP,IDS 1
37563,5.0,5.0,VP,IDS 1
37568,5.0,5.0,VP,IDS 1
37569,5.0,5.0,VP,IDS 1
37570,5.0,5.0,VP,IDS 1
37572,5.0,5.0,VP,IDS 1
37575,5.0,5.0,VP,IDS 1
37576,5.0,5.0,VP,IDS 1
37577,5.0,5.0,VP,IDS 1
38051,5.0,5.0,VP,IDS 1
38052,5.0,5.0,VP,IDS 1
38053,5.0,5.0,VP,IDS 1
38056,5.0,5.0,VP,IDS 1
38057,5.0,5.0,VP,IDS 1
38059,5.0,5.0,VP,IDS 1
38064,5.0,5.0,VP,IDS 1
38065,5.0,5.0,VP,IDS 1
38066,5.0,5.0,VP,IDS 1
38067,5.0,5.0,VP,IDS 1
38070,5.0,5.0,VP,IDS 1
38072,5.0,5.0,VP,IDS 1
38073,5.0,5.0,VP,IDS 1
38074,5.0,5.0,VP,IDS 1
38083,5.0,5.0,VP,IDS 3
38085,5.0,5.0,VP,IDS 1
38087,5.0,5.0,VP,IDS 1
38088,5.0,5.0,VP,IDS 1
38174,5.0,5.0,VP,IDS 1
38175,5.0,5.0,VP,IDS 1
38177,5.0,5.0,VP,IDS 1
38180,5.0,5.0,VP,IDS 1
38181,5.0,5.0,VP,IDS 1
38182,5.0,5.0,VP,IDS 1
38184,5.0,5.0,VP,IDS 1
38187,5.0,5.0,VP,IDS 1
38192,5.0,5.0,VP,IDS 1
38193,5.0,5.0,VP,IDS 1
38198,5.0,5.0,VP,IDS 1
38200,5.0,5.0,VP,IDS 1
38203,5.0,5.0,VP,IDS 1
38205,5.0,5.0,VP,IDS 1
38206,5.0,5.0,VP,IDS 1
38208,5.0,5.0,VP,IDS 1
38210,5.0,5.0,VP,IDS 1
38211,5.0,5.0,VP,IDS 1
38212,5.0,5.0,VP,IDS 1
38213,5.0,5.0,VP,IDS 3
38371,5.0,5.0,VP,IDS 1
38373,5.0,5.0,VP,IDS 1
38585,5.0,5.0,VP,IDS 3
38587,5.0,5.0,VP,IDS 1
38592,5.0,5.0,VP,IDS 1
38593,5.0,5.0,VP,IDS 1
38595,5.0,5.0,VP,IDS 1
38604,5.0,5.0,VP,IDS 1
38613,5.0,5.0,VP,IDS 1
38614,5.0,5.0,VP,IDS 1
38615,5.0,5.0,VP,IDS 1
38619,5.0,5.0,VP,IDS 1
38620,5.0,5.0,VP,IDS 3
38624,5.0,5.0,VP,IDS 1
38625,5.0,5.0,VP,IDS 1
38626,5.0,5.0,VP,IDS 1
38627,5.0,5.0,VP,IDS 3
38629,5.0,5.0,VP,IDS 1
38634,5.0,5.0,VP,IDS 1
38635,5.0,5.0,VP,IDS 1
38638,5.0,5.0,VP,IDS 1
38639,5.0,5.0,VP,IDS 1
39236,5.0,5.0,VP,IDS 3
39243,5.0,5.0,VP,IDS 3
39249,5.0,5.0,VP,IDS 3
39252,5.0,5.0,VP,IDS 1
39253,5.0,5.0,VP,IDS 3
39254,5.0,5.0,VP,IDS 3
39256,5.0,5.0,VP,IDS 1
39257,5.0,5.0,VP,IDS 1
39261,5.0,5.0,VP,IDS 1
39262,5.0,5.0,VP,IDS 1
39264,5.0,5.0,VP,IDS 3
39265,5.0,5.0,VP,IDS 1
39266,5.0,5.0,VP,IDS 3
39271,5.0,5.0,VP,IDS 1
39272,5.0,5.0,VP,IDS 1
39277,5.0,5.0,VP,IDS 1
39279,5.0,5.0,VP,IDS 3
39280,5.0,5.0,VP,IDS 1
39281,5.0,5.0,VP,IDS 1
39283,5.0,5.0,VP,IDS 3
39485,5.0,5.0,VP,IDS 3
39486,5.0,5.0,VP,IDS 1
39488,5.0,5.0,VP,IDS 3
39490,5.0,5.0,VP,IDS 1
39601,5.0,5.0,VP,IDS 3
39602,5.0,5.0,VP,IDS 1
39603,5.0,5.0,VP,IDS 1
39604,5.0,5.0,VP,IDS 1
39607,5.0,5.0,VP,IDS 1
39608,5.0,5.0,VP,IDS 1
39609,5.0,5.0,VP,IDS 1
39611,5.0,5.0,VP,IDS 1
39612,5.0,5.0,VP,IDS 1
39619,5.0,5.0,VP,IDS 1
39625,5.0,5.0,VP,IDS 1
39626,5.0,5.0,VP,IDS 1
39632,5.0,5.0,VP,IDS 3
39634,5.0,5.0,VP,IDS 1
39637,5.0,5.0,VP,IDS 1
39644,5.0,5.0,VP,IDS 1
39645,5.0,5.0,VP,IDS 1
39648,5.0,5.0,VP,IDS 1
39649,5.0,5.0,VP,IDS 1
39651,5.0,5.0,VP,IDS 1
39659,5.0,5.0,VP,IDS 1
39660,5.0,5.0,VP,IDS 1
39661,5.0,5.0,VP,IDS 3
39664,5.0,5.0,VP,IDS 1
39674,5.0,5.0,VP,IDS 3
39678,5.0,5.0,VP,IDS 1
39680,5.0,5.0,VP,IDS 3
39686,5.0,5.0,VP,IDS 1
39687,5.0,5.0,VP,IDS 3
39688,5.0,5.0,VP,IDS 1
39692,5.0,5.0,VP,IDS 1
39694,5.0,5.0,VP,IDS 1
39696,5.0,5.0,VP,IDS 1
39697,5.0,5.0,VP,IDS 1
39698,5.0,5.0,VP,IDS 1
40135,6.0,6.0,VP,IDS 3
40136,0.0,6.0,FN,IDS 1
40138,6.0,6.0,VP,IDS 3
40139,0.0,6.0,FN,IDS 1
40140,0.0,6.0,FN,IDS 1
40141,2.0,6.0,FN,IDS 1
40142,6.0,6.0,VP,IDS 3
40143,0.0,6.0,FN,IDS 1
40144,6.0,6.0,VP,IDS 3
40145,0.0,6.0,FN,IDS 1
40146,0.0,6.0,FN,IDS 1
40147,0.0,6.0,FN,IDS 1
40148,6.0,6.0,VP,IDS 3
40149,0.0,6.0,FN,IDS 1
40151,0.0,6.0,FN,IDS 1
40152,0.0,6.0,FN,IDS 1
40153,6.0,6.0,VP,IDS 3
40154,0.0,6.0,FN,IDS 1
40156,2.0,6.0,FN,IDS 1
40157,0.0,6.0,FN,IDS 1
40158,0.0,6.0,FN,IDS 1
40160,0.0,6.0,FN,IDS 1
40161,2.0,6.0,FN,IDS 1
40163,2.0,6.0,FN,IDS 1
40164,0.0,6.0,FN,IDS 1
40165,2.0,6.0,FN,IDS 1
40167,0.0,6.0,FN,IDS 1
40168,0.0,6.0,FN,IDS 1
40169,2.0,6.0,FN,IDS 1
40170,0.0,6.0,FN,IDS 1
40171,0.0,6.0,FN,IDS 1
40172,0.0,6.0,FN,IDS 1
40173,2.0,6.0,FN,IDS 1
40174,0.0,6.0,FN,IDS 1
40175,2.0,6.0,FN,IDS 1
40176,6.0,6.0,VP,IDS 3
40177,6.0,6.0,VP,IDS 3
40179,0.0,6.0,FN,IDS 1
40180,2.0,6.0,FN,IDS 1
40181,2.0,6.0,FN,IDS 1
40182,2.0,6.0,FN,IDS 1
40184,0.0,6.0,FN,IDS 1
40185,6.0,6.0,VP,IDS 3
40186,0.0,6.0,FN,IDS 1
40258,0.0,6.0,FN,IDS 1
40259,6.0,6.0,VP,IDS 3
40260,0.0,6.0,FN,IDS 1
40261,0.0,6.0,FN,IDS 1
40262,6.0,6.0,VP,IDS 3
40263,6.0,6.0,VP,IDS 3
40264,6.0,6.0,VP,IDS 3
40265,2.0,6.0,FN,IDS 1
40266,0.0,6.0,FN,IDS 1
40267,6.0,6.0,VP,IDS 3
40268,6.0,6.0,VP,IDS 3
40269,2.0,6.0,FN,IDS 1
40270,0.0,6.0,FN,IDS 1
40272,0.0,6.0,FN,IDS 1
40273,0.0,6.0,FN,IDS 1
40274,6.0,6.0,VP,IDS 3
40276,6.0,6.0,VP,IDS 3
40277,6.0,6.0,VP,IDS 3
40278,2.0,6.0,FN,IDS 1
40279,2.0,6.0,FN,IDS 1
40394,2.0,6.0,FN,IDS 1
40395,6.0,6.0,VP,IDS 3
40396,0.0,6.0,FN,IDS 1
40496,6.0,6.0,VP,IDS 3
40497,0.0,6.0,FN,IDS 1
40499,6.0,6.0,VP,IDS 3
40500,0.0,6.0,FN,IDS 1
40501,0.0,6.0,FN,IDS 1
40502,2.0,6.0,FN,IDS 1
40503,2.0,6.0,FN,IDS 1
40504,0.0,6.0,FN,IDS 1
40505,0.0,6.0,FN,IDS 1
40506,0.0,6.0,FN,IDS 1
40507,0.0,6.0,FN,IDS 1
40508,2.0,6.0,FN,IDS 1
40509,2.0,6.0,FN,IDS 1
40510,0.0,6.0,FN,IDS 1
40511,0.0,6.0,FN,IDS 1
40513,2.0,6.0,FN,IDS 1
40515,6.0,6.0,VP,IDS 3
40516,2.0,6.0,FN,IDS 1
43644,7.0,7.0,VP,IDS 3
43645,2.0,7.0,FN,IDS 1
43646,7.0,7.0,VP,IDS 3
43647,7.0,7.0,VP,IDS 3
43648,7.0,7.0,VP,IDS 3
43649,7.0,7.0,VP,IDS 3
43650,7.0,7.0,VP,IDS 3
43651,7.0,7.0,VP,IDS 3
43652,2.0,7.0,FN,IDS 1
43653,7.0,7.0,VP,IDS 3
43654,7.0,7.0,VP,IDS 3
43655,7.0,7.0,VP,IDS 3
43656,7.0,7.0,VP,IDS 3
43657,7.0,7.0,VP,IDS 3
43658,7.0,7.0,VP,IDS 3
43659,7.0,7.0,VP,IDS 3
43660,7.0,7.0,VP,IDS 3
43661,7.0,7.0,VP,IDS 3
43662,7.0,7.0,VP,IDS 3
43663,7.0,7.0,VP,IDS 3
43664,7.0,7.0,VP,IDS 3
36792,0.0,4.0,FN,IDS 1
36795,0.0,4.0,FN,IDS 1
36796,0.0,4.0,FN,IDS 1
36797,0.0,4.0,FN,IDS 1
36798,0.0,4.0,FN,IDS 1
36800,0.0,4.0,FN,IDS 1
36802,0.0,4.0,FN,IDS 1
36803,0.0,4.0,FN,IDS 1
36804,0.0,4.0,FN,IDS 1
36806,0.0,4.0,FN,IDS 1
36807,0.0,4.0,FN,IDS 1
36808,0.0,4.0,FN,IDS 1
36809,0.0,4.0,FN,IDS 1
36810,0.0,4.0,FN,IDS 1
36811,0.0,4.0,FN,IDS 1
36894,0.0,4.0,FN,IDS 1
36895,0.0,4.0,FN,IDS 1
36896,0.0,4.0,FN,IDS 1
36897,0.0,4.0,FN,IDS 1
36899,0.0,4.0,FN,IDS 1
36900,0.0,4.0,FN,IDS 1
37205,0.0,4.0,FN,IDS 1
37206,0.0,4.0,FN,IDS 1
37207,0.0,4.0,FN,IDS 1
37208,0.0,4.0,FN,IDS 1
37209,0.0,4.0,FN,IDS 1
37210,0.0,4.0,FN,IDS 1
37211,0.0,4.0,FN,IDS 1
37213,0.0,4.0,FN,IDS 1
37215,0.0,4.0,FN,IDS 1
37217,0.0,4.0,FN,IDS 1
37218,0.0,4.0,FN,IDS 1
37219,0.0,4.0,FN,IDS 1
37220,0.0,4.0,FN,IDS 1
37221,0.0,4.0,FN,IDS 1
37222,0.0,4.0,FN,IDS 1
37223,0.0,4.0,FN,IDS 1
37224,0.0,4.0,FN,IDS 1
37225,0.0,4.0,FN,IDS 1
37226,0.0,4.0,FN,IDS 1
37254,0.0,4.0,FN,IDS 1
37256,0.0,4.0,FN,IDS 1
37257,0.0,4.0,FN,IDS 1
37258,0.0,4.0,FN,IDS 1
37259,0.0,4.0,FN,IDS 1
37260,0.0,4.0,FN,IDS 1
37389,0.0,4.0,FN,IDS 1
37390,0.0,4.0,FN,IDS 1
37391,0.0,4.0,FN,IDS 1
37392,0.0,4.0,FN,IDS 1
37393,0.0,4.0,FN,IDS 1
37394,0.0,4.0,FN,IDS 1
37395,0.0,4.0,FN,IDS 1
37396,0.0,4.0,FN,IDS 1
37397,0.0,4.0,FN,IDS 1
37399,0.0,4.0,FN,IDS 1
37401,0.0,4.0,FN,IDS 1
37403,0.0,4.0,FN,IDS 1
37404,0.0,4.0,FN,IDS 1
37405,0.0,4.0,FN,IDS 1
37408,0.0,4.0,FN,IDS 1
37409,0.0,4.0,FN,IDS 1
37410,0.0,4.0,FN,IDS 1
37412,0.0,4.0,FN,IDS 1
37413,0.0,4.0,FN,IDS 1
44567,7.0,7.0,VP,IDS 3
44568,7.0,7.0,VP,IDS 3
44569,7.0,7.0,VP,IDS 3
44570,7.0,7.0,VP,IDS 3
44571,7.0,7.0,VP,IDS 3
44572,7.0,7.0,VP,IDS 3
44573,5.0,7.0,FN,IDS 1
44574,2.0,7.0,FN,IDS 1
44575,7.0,7.0,VP,IDS 3
44576,7.0,7.0,VP,IDS 3
44577,7.0,7.0,VP,IDS 3
44579,7.0,7.0,VP,IDS 3
44580,7.0,7.0,VP,IDS 3
44581,7.0,7.0,VP,IDS 3
44582,7.0,7.0,VP,IDS 3
44583,7.0,7.0,VP,IDS 3
44584,2.0,7.0,FN,IDS 1
44585,7.0,7.0,VP,IDS 3
44586,7.0,7.0,VP,IDS 3
44587,7.0,7.0,VP,IDS 3
44588,7.0,7.0,VP,IDS 3
44589,7.0,7.0,VP,IDS 3
44590,7.0,7.0,VP,IDS 3
44591,7.0,7.0,VP,IDS 3
44592,7.0,7.0,VP,IDS 3
44593,7.0,7.0,VP,IDS 3
44594,7.0,7.0,VP,IDS 3
44595,7.0,7.0,VP,IDS 3
44596,7.0,7.0,VP,IDS 3
44597,7.0,7.0,VP,IDS 3
44598,2.0,7.0,FN,IDS 1
44599,2.0,7.0,FN,IDS 1
44600,7.0,7.0,VP,IDS 3
44601,7.0,7.0,VP,IDS 3
44602,7.0,7.0,VP,IDS 3
44603,2.0,7.0,FN,IDS 1
44604,7.0,7.0,VP,IDS 3
44605,7.0,7.0,VP,IDS 3
44606,2.0,7.0,FN,IDS 1
44607,7.0,7.0,VP,IDS 3
44608,7.0,7.0,VP,IDS 3
44655,7.0,7.0,VP,IDS 3
44656,7.0,7.0,VP,IDS 3
44657,7.0,7.0,VP,IDS 3
44658,7.0,7.0,VP,IDS 3
44659,7.0,7.0,VP,IDS 3
44660,7.0,7.0,VP,IDS 3
44661,7.0,7.0,VP,IDS 3
44662,7.0,7.0,VP,IDS 3
44663,7.0,7.0,VP,IDS 3
44664,7.0,7.0,VP,IDS 3
44665,7.0,7.0,VP,IDS 3
44666,7.0,7.0,VP,IDS 3
44667,7.0,7.0,VP,IDS 3
44668,7.0,7.0,VP,IDS 3
44669,7.0,7.0,VP,IDS 3
44670,7.0,7.0,VP,IDS 3
44671,7.0,7.0,VP,IDS 3
44672,7.0,7.0,VP,IDS 3
44673,7.0,7.0,VP,IDS 3
44674,2.0,7.0,FN,IDS 1
44675,7.0,7.0,VP,IDS 3
44676,7.0,7.0,VP,IDS 3
44677,7.0,7.0,VP,IDS 3
40818,0.0,6.0,FN,IDS 1
40819,6.0,6.0,VP,IDS 3
40820,0.0,6.0,FN,IDS 1
40821,0.0,6.0,FN,IDS 1
40822,0.0,6.0,FN,IDS 1
40823,6.0,6.0,VP,IDS 3
40824,0.0,6.0,FN,IDS 1
40825,2.0,6.0,FN,IDS 1
40826,2.0,6.0,FN,IDS 1
40827,0.0,6.0,FN,IDS 1
40828,0.0,6.0,FN,IDS 1
40830,0.0,6.0,FN,IDS 1
40831,0.0,6.0,FN,IDS 1
40832,0.0,6.0,FN,IDS 1
40833,0.0,6.0,FN,IDS 1
40834,0.0,6.0,FN,IDS 1
40835,6.0,6.0,VP,IDS 3
40836,0.0,6.0,FN,IDS 1
40862,6.0,6.0,VP,IDS 3
40863,0.0,6.0,FN,IDS 1
40864,0.0,6.0,FN,IDS 1
40865,0.0,6.0,FN,IDS 1
40866,0.0,6.0,FN,IDS 1
40867,6.0,6.0,VP,IDS 3
40869,0.0,6.0,FN,IDS 1
40870,0.0,6.0,FN,IDS 1
40871,6.0,6.0,VP,IDS 3
40872,2.0,6.0,FN,IDS 1
40874,6.0,6.0,VP,IDS 3
40875,0.0,6.0,FN,IDS 1
40876,0.0,6.0,FN,IDS 1
40877,0.0,6.0,FN,IDS 1
40878,0.0,6.0,FN,IDS 1
40879,0.0,6.0,FN,IDS 1
40880,0.0,6.0,FN,IDS 1
40881,0.0,6.0,FN,IDS 1
40883,6.0,6.0,VP,IDS 3
40884,0.0,6.0,FN,IDS 1
40885,0.0,6.0,FN,IDS 1
40886,0.0,6.0,FN,IDS 1
40887,2.0,6.0,FN,IDS 1
40888,6.0,6.0,VP,IDS 3
40889,6.0,6.0,VP,IDS 3
40890,0.0,6.0,FN,IDS 1
40891,6.0,6.0,VP,IDS 3
40893,2.0,6.0,FN,IDS 1
40895,0.0,6.0,FN,IDS 1
40896,0.0,6.0,FN,IDS 1
40897,2.0,6.0,FN,IDS 1
40898,0.0,6.0,FN,IDS 1
40899,2.0,6.0,FN,IDS 1
40900,6.0,6.0,VP,IDS 3
40901,0.0,6.0,FN,IDS 1
40902,0.0,6.0,FN,IDS 1
40904,0.0,6.0,FN,IDS 1
40905,0.0,6.0,FN,IDS 1
40906,6.0,6.0,VP,IDS 3
40907,2.0,6.0,FN,IDS 1
40908,0.0,6.0,FN,IDS 1
40910,0.0,6.0,FN,IDS 1
40911,6.0,6.0,VP,IDS 3
40912,0.0,6.0,FN,IDS 1
40913,6.0,6.0,VP,IDS 3
40915,6.0,6.0,VP,IDS 3
40916,0.0,6.0,FN,IDS 1
40917,0.0,6.0,FN,IDS 1
40918,2.0,6.0,FN,IDS 1
40919,0.0,6.0,FN,IDS 1
40920,6.0,6.0,VP,IDS 3
40971,2.0,6.0,FN,IDS 1
40972,6.0,6.0,VP,IDS 3
40973,6.0,6.0,VP,IDS 3
40974,0.0,6.0,FN,IDS 1
40975,0.0,6.0,FN,IDS 1
40977,0.0,6.0,FN,IDS 1
40978,6.0,6.0,VP,IDS 3
41047,6.0,6.0,VP,IDS 3
41048,2.0,6.0,FN,IDS 1
41051,2.0,6.0,FN,IDS 1
41052,2.0,6.0,FN,IDS 1
41053,0.0,6.0,FN,IDS 1
41054,0.0,6.0,FN,IDS 1
41057,0.0,6.0,FN,IDS 1
41058,0.0,6.0,FN,IDS 1
41059,0.0,6.0,FN,IDS 1
41060,2.0,6.0,FN,IDS 1
41061,2.0,6.0,FN,IDS 1
41062,0.0,6.0,FN,IDS 1
41064,0.0,6.0,FN,IDS 1
41065,2.0,6.0,FN,IDS 1
41066,6.0,6.0,VP,IDS 3
41087,6.0,6.0,VP,IDS 3
41088,6.0,6.0,VP,IDS 3
41089,0.0,6.0,FN,IDS 1
41090,0.0,6.0,FN,IDS 1
41091,6.0,6.0,VP,IDS 3
41092,6.0,6.0,VP,IDS 3
41093,6.0,6.0,VP,IDS 3
41121,6.0,6.0,VP,IDS 3
41122,0.0,6.0,FN,IDS 1
41123,0.0,6.0,FN,IDS 1
41124,6.0,6.0,VP,IDS 3
41125,2.0,6.0,FN,IDS 1
41126,0.0,6.0,FN,IDS 1
41127,0.0,6.0,FN,IDS 1
41128,6.0,6.0,VP,IDS 3
41129,0.0,6.0,FN,IDS 1
41130,0.0,6.0,FN,IDS 1
41131,0.0,6.0,FN,IDS 1
41132,0.0,6.0,FN,IDS 1
41133,0.0,6.0,FN,IDS 1
41274,0.0,6.0,FN,IDS 1
41275,0.0,6.0,FN,IDS 1
41277,0.0,6.0,FN,IDS 1
41280,0.0,6.0,FN,IDS 1
41281,0.0,6.0,FN,IDS 1
41282,0.0,6.0,FN,IDS 1
41283,0.0,6.0,FN,IDS 1
41284,2.0,6.0,FN,IDS 1
41285,0.0,6.0,FN,IDS 1
41385,6.0,6.0,VP,IDS 3
41386,6.0,6.0,VP,IDS 3
41387,6.0,6.0,VP,IDS 3
41388,0.0,6.0,FN,IDS 1
41389,0.0,6.0,FN,IDS 1
41391,6.0,6.0,VP,IDS 3
41392,0.0,6.0,FN,IDS 1
41393,2.0,6.0,FN,IDS 1
41394,0.0,6.0,FN,IDS 1
41395,0.0,6.0,FN,IDS 1
41396,0.0,6.0,FN,IDS 1
41397,0.0,6.0,FN,IDS 1
41398,6.0,6.0,VP,IDS 3
41399,0.0,6.0,FN,IDS 1
41401,0.0,6.0,FN,IDS 1
41402,6.0,6.0,VP,IDS 3
41403,0.0,6.0,FN,IDS 1
41404,0.0,6.0,FN,IDS 1
41405,0.0,6.0,FN,IDS 1
41409,0.0,6.0,FN,IDS 1
41411,2.0,6.0,FN,IDS 1
41412,0.0,6.0,FN,IDS 1
41413,0.0,6.0,FN,IDS 1
41414,6.0,6.0,VP,IDS 3
41416,0.0,6.0,FN,IDS 1
41417,0.0,6.0,FN,IDS 1
41418,2.0,6.0,FN,IDS 1
37416,0.0,4.0,FN,IDS 1
38093,5.0,5.0,VP,IDS 3
38096,5.0,5.0,VP,IDS 3
38097,5.0,5.0,VP,IDS 1
38138,5.0,5.0,VP,IDS 1
38139,5.0,5.0,VP,IDS 1
38140,5.0,5.0,VP,IDS 1
38142,5.0,5.0,VP,IDS 1
38145,5.0,5.0,VP,IDS 1
38146,5.0,5.0,VP,IDS 1
38149,5.0,5.0,VP,IDS 1
38150,5.0,5.0,VP,IDS 1
38153,5.0,5.0,VP,IDS 1
38154,5.0,5.0,VP,IDS 1
38156,5.0,5.0,VP,IDS 1
38158,5.0,5.0,VP,IDS 1
38162,5.0,5.0,VP,IDS 1
38164,5.0,5.0,VP,IDS 1
38168,5.0,5.0,VP,IDS 3
38171,5.0,5.0,VP,IDS 1
38173,5.0,5.0,VP,IDS 3
39491,5.0,5.0,VP,IDS 1
39492,5.0,5.0,VP,IDS 1
39493,5.0,5.0,VP,IDS 1
39494,5.0,5.0,VP,IDS 1
39496,5.0,5.0,VP,IDS 1
39497,5.0,5.0,VP,IDS 3
39498,5.0,5.0,VP,IDS 1
39500,5.0,5.0,VP,IDS 1
39505,5.0,5.0,VP,IDS 1
39506,5.0,5.0,VP,IDS 1
39507,5.0,5.0,VP,IDS 3
39508,5.0,5.0,VP,IDS 1
39515,5.0,5.0,VP,IDS 1
39516,5.0,5.0,VP,IDS 1
39518,5.0,5.0,VP,IDS 1
39521,5.0,5.0,VP,IDS 1
39560,5.0,5.0,VP,IDS 1
39566,5.0,5.0,VP,IDS 1
39570,5.0,5.0,VP,IDS 1
39574,5.0,5.0,VP,IDS 3
39575,5.0,5.0,VP,IDS 1
39576,5.0,5.0,VP,IDS 1
39578,5.0,5.0,VP,IDS 1
39583,5.0,5.0,VP,IDS 1
39588,5.0,5.0,VP,IDS 1
39592,5.0,5.0,VP,IDS 1
39599,5.0,5.0,VP,IDS 3
39700,5.0,5.0,VP,IDS 3
39702,5.0,5.0,VP,IDS 3
39704,5.0,5.0,VP,IDS 1
39705,5.0,5.0,VP,IDS 3
39711,5.0,5.0,VP,IDS 1
39714,5.0,5.0,VP,IDS 1
39715,5.0,5.0,VP,IDS 1
39718,5.0,5.0,VP,IDS 1
39722,5.0,5.0,VP,IDS 1
39724,5.0,5.0,VP,IDS 1
39728,5.0,5.0,VP,IDS 1
39730,5.0,5.0,VP,IDS 1
39731,5.0,5.0,VP,IDS 1
39735,5.0,5.0,VP,IDS 1
39787,5.0,5.0,VP,IDS 1
39789,5.0,5.0,VP,IDS 1
39791,5.0,5.0,VP,IDS 1
39792,5.0,5.0,VP,IDS 1
39794,5.0,5.0,VP,IDS 1
39795,5.0,5.0,VP,IDS 1
39796,5.0,5.0,VP,IDS 1
39798,5.0,5.0,VP,IDS 1
39799,5.0,5.0,VP,IDS 1
39802,5.0,5.0,VP,IDS 3
39804,5.0,5.0,VP,IDS 1
39806,5.0,5.0,VP,IDS 1
39810,5.0,5.0,VP,IDS 3
39812,5.0,5.0,VP,IDS 3
39815,5.0,5.0,VP,IDS 1
39817,5.0,5.0,VP,IDS 1
39818,5.0,5.0,VP,IDS 3
39819,5.0,5.0,VP,IDS 1
39822,5.0,5.0,VP,IDS 1
39827,5.0,5.0,VP,IDS 3
39828,5.0,5.0,VP,IDS 1
39831,5.0,5.0,VP,IDS 1
39833,5.0,5.0,VP,IDS 1
39837,5.0,5.0,VP,IDS 1
39840,5.0,5.0,VP,IDS 1
39845,5.0,5.0,VP,IDS 1
39847,5.0,5.0,VP,IDS 1
39848,5.0,5.0,VP,IDS 1
39853,5.0,5.0,VP,IDS 3
39854,5.0,5.0,VP,IDS 1
39855,5.0,5.0,VP,IDS 3
39856,5.0,5.0,VP,IDS 1
39857,5.0,5.0,VP,IDS 1
39858,5.0,5.0,VP,IDS 1
39862,5.0,5.0,VP,IDS 1
39864,5.0,5.0,VP,IDS 1
39865,5.0,5.0,VP,IDS 1
39867,5.0,5.0,VP,IDS 1
39868,5.0,5.0,VP,IDS 1
39869,5.0,5.0,VP,IDS 1
39871,5.0,5.0,VP,IDS 1
39872,5.0,5.0,VP,IDS 1
39873,5.0,5.0,VP,IDS 1
39876,5.0,5.0,VP,IDS 3
39884,5.0,5.0,VP,IDS 1
39887,5.0,5.0,VP,IDS 1
39890,5.0,5.0,VP,IDS 1
39891,5.0,5.0,VP,IDS 1
39893,5.0,5.0,VP,IDS 3
39894,5.0,5.0,VP,IDS 3
39898,5.0,5.0,VP,IDS 3
39902,5.0,5.0,VP,IDS 3
39903,5.0,5.0,VP,IDS 1
39904,5.0,5.0,VP,IDS 1
39905,5.0,5.0,VP,IDS 1
39908,5.0,5.0,VP,IDS 1
39910,5.0,5.0,VP,IDS 1
39911,5.0,5.0,VP,IDS 1
39917,5.0,5.0,VP,IDS 1
39919,5.0,5.0,VP,IDS 1
40024,2.0,6.0,FN,IDS 1
40093,0.0,6.0,FN,IDS 1
40094,0.0,6.0,FN,IDS 1
40095,0.0,6.0,FN,IDS 1
40096,0.0,6.0,FN,IDS 1
40097,0.0,6.0,FN,IDS 1
40098,6.0,6.0,VP,IDS 3
40099,6.0,6.0,VP,IDS 3
40100,2.0,6.0,FN,IDS 1
40101,0.0,6.0,FN,IDS 1
40102,0.0,6.0,FN,IDS 1
40103,0.0,6.0,FN,IDS 1
40104,0.0,6.0,FN,IDS 1
40105,0.0,6.0,FN,IDS 1
40106,0.0,6.0,FN,IDS 1
40107,0.0,6.0,FN,IDS 1
40108,0.0,6.0,FN,IDS 1
40109,0.0,6.0,FN,IDS 1
40110,0.0,6.0,FN,IDS 1
40111,0.0,6.0,FN,IDS 1
40112,2.0,6.0,FN,IDS 1
40517,0.0,6.0,FN,IDS 1
40518,0.0,6.0,FN,IDS 1
40519,2.0,6.0,FN,IDS 1
40545,6.0,6.0,VP,IDS 3
40546,6.0,6.0,VP,IDS 3
40547,0.0,6.0,FN,IDS 1
40548,0.0,6.0,FN,IDS 1
40549,1.0,6.0,FN,IDS 1
40552,0.0,6.0,FN,IDS 1
40553,0.0,6.0,FN,IDS 1
40554,6.0,6.0,VP,IDS 3
40555,0.0,6.0,FN,IDS 1
40556,0.0,6.0,FN,IDS 1
40557,6.0,6.0,VP,IDS 3
40559,0.0,6.0,FN,IDS 1
40560,0.0,6.0,FN,IDS 1
40561,0.0,6.0,FN,IDS 1
40562,0.0,6.0,FN,IDS 1
40563,2.0,6.0,FN,IDS 1
40564,6.0,6.0,VP,IDS 3
40565,6.0,6.0,VP,IDS 3
40566,0.0,6.0,FN,IDS 1
40567,0.0,6.0,FN,IDS 1
40568,0.0,6.0,FN,IDS 1
40569,2.0,6.0,FN,IDS 1
40570,6.0,6.0,VP,IDS 3
40572,0.0,6.0,FN,IDS 1
40573,6.0,6.0,VP,IDS 3
40600,0.0,6.0,FN,IDS 1
40601,2.0,6.0,FN,IDS 1
40602,0.0,6.0,FN,IDS 1
40603,0.0,6.0,FN,IDS 1
40604,2.0,6.0,FN,IDS 1
40605,2.0,6.0,FN,IDS 1
40606,0.0,6.0,FN,IDS 1
40607,0.0,6.0,FN,IDS 1
40609,6.0,6.0,VP,IDS 3
40610,0.0,6.0,FN,IDS 1
40612,6.0,6.0,VP,IDS 3
40613,0.0,6.0,FN,IDS 1
40614,0.0,6.0,FN,IDS 1
40615,0.0,6.0,FN,IDS 1
40616,6.0,6.0,VP,IDS 3
40617,6.0,6.0,VP,IDS 3
40618,0.0,6.0,FN,IDS 1
40619,0.0,6.0,FN,IDS 1
40620,6.0,6.0,VP,IDS 3
40621,2.0,6.0,FN,IDS 1
44566,7.0,7.0,VP,IDS 3
44609,2.0,7.0,FN,IDS 1
44610,7.0,7.0,VP,IDS 3
44611,7.0,7.0,VP,IDS 3
44612,7.0,7.0,VP,IDS 3
44613,7.0,7.0,VP,IDS 3
44614,7.0,7.0,VP,IDS 3
44615,7.0,7.0,VP,IDS 3
44616,7.0,7.0,VP,IDS 3
44617,7.0,7.0,VP,IDS 3
44618,7.0,7.0,VP,IDS 3
44619,7.0,7.0,VP,IDS 3
44620,7.0,7.0,VP,IDS 3
44621,7.0,7.0,VP,IDS 3
44622,7.0,7.0,VP,IDS 3
44623,7.0,7.0,VP,IDS 3
44624,7.0,7.0,VP,IDS 3
44625,2.0,7.0,FN,IDS 1
44626,2.0,7.0,FN,IDS 1
44627,7.0,7.0,VP,IDS 3
44628,7.0,7.0,VP,IDS 3
44629,7.0,7.0,VP,IDS 3
40796,2.0,6.0,FN,IDS 1
40797,0.0,6.0,FN,IDS 1
40798,6.0,6.0,VP,IDS 3
40799,0.0,6.0,FN,IDS 1
40800,0.0,6.0,FN,IDS 1
40802,6.0,6.0,VP,IDS 3
40803,0.0,6.0,FN,IDS 1
40804,0.0,6.0,FN,IDS 1
40805,0.0,6.0,FN,IDS 1
40807,0.0,6.0,FN,IDS 1
40808,0.0,6.0,FN,IDS 1
40809,6.0,6.0,VP,IDS 3
40810,0.0,6.0,FN,IDS 1
40811,0.0,6.0,FN,IDS 1
40812,0.0,6.0,FN,IDS 1
40813,0.0,6.0,FN,IDS 1
40814,0.0,6.0,FN,IDS 1
40815,0.0,6.0,FN,IDS 1
40816,0.0,6.0,FN,IDS 1
40817,0.0,6.0,FN,IDS 1
40921,2.0,6.0,FN,IDS 1
40922,0.0,6.0,FN,IDS 1
40923,0.0,6.0,FN,IDS 1
40924,0.0,6.0,FN,IDS 1
40925,2.0,6.0,FN,IDS 1
40926,2.0,6.0,FN,IDS 1
40927,6.0,6.0,VP,IDS 3
40928,2.0,6.0,FN,IDS 1
40929,6.0,6.0,VP,IDS 3
40955,2.0,6.0,FN,IDS 1
40956,0.0,6.0,FN,IDS 1
40957,0.0,6.0,FN,IDS 1
40958,0.0,6.0,FN,IDS 1
40959,0.0,6.0,FN,IDS 1
40961,0.0,6.0,FN,IDS 1
40962,0.0,6.0,FN,IDS 1
40963,1.0,6.0,FN,IDS 1
40964,0.0,6.0,FN,IDS 1
40965,0.0,6.0,FN,IDS 1
40966,0.0,6.0,FN,IDS 1
40967,2.0,6.0,FN,IDS 1
40968,0.0,6.0,FN,IDS 1
40969,0.0,6.0,FN,IDS 1
40970,0.0,6.0,FN,IDS 1
41067,0.0,6.0,FN,IDS 1
41068,6.0,6.0,VP,IDS 3
41069,0.0,6.0,FN,IDS 1
41070,0.0,6.0,FN,IDS 1
41071,0.0,6.0,FN,IDS 1
41072,2.0,6.0,FN,IDS 1
41073,6.0,6.0,VP,IDS 3
41074,6.0,6.0,VP,IDS 3
41075,2.0,6.0,FN,IDS 1
41076,0.0,6.0,FN,IDS 1
41077,0.0,6.0,FN,IDS 1
41078,0.0,6.0,FN,IDS 1
41079,0.0,6.0,FN,IDS 1
41080,0.0,6.0,FN,IDS 1
41081,6.0,6.0,VP,IDS 3
41082,0.0,6.0,FN,IDS 1
41083,0.0,6.0,FN,IDS 1
41084,6.0,6.0,VP,IDS 3
41085,0.0,6.0,FN,IDS 1
41086,0.0,6.0,FN,IDS 1
41440,0.0,6.0,FN,IDS 1
41441,0.0,6.0,FN,IDS 1
41442,6.0,6.0,VP,IDS 3
41443,1.0,6.0,FN,IDS 1
41444,1.0,6.0,FN,IDS 1
41445,6.0,6.0,VP,IDS 3
41446,0.0,6.0,FN,IDS 1
41447,6.0,6.0,VP,IDS 3
41448,0.0,6.0,FN,IDS 1
41449,0.0,6.0,FN,IDS 1
41450,2.0,6.0,FN,IDS 1
41451,6.0,6.0,VP,IDS 3
41453,6.0,6.0,VP,IDS 3
41454,6.0,6.0,VP,IDS 3
41455,6.0,6.0,VP,IDS 3
41456,0.0,6.0,FN,IDS 1
41457,6.0,6.0,VP,IDS 3
41550,0.0,6.0,FN,IDS 1
41551,2.0,6.0,FN,IDS 1
41552,0.0,6.0,FN,IDS 1
41775,6.0,6.0,VP,IDS 3
41776,0.0,6.0,FN,IDS 1
41777,1.0,6.0,FN,IDS 1
41778,2.0,6.0,FN,IDS 1
41779,0.0,6.0,FN,IDS 1
41780,6.0,6.0,VP,IDS 3
41781,0.0,6.0,FN,IDS 1
41782,6.0,6.0,VP,IDS 3
41783,6.0,6.0,VP,IDS 3
41784,0.0,6.0,FN,IDS 1
41785,6.0,6.0,VP,IDS 3
41786,0.0,6.0,FN,IDS 1
41787,6.0,6.0,VP,IDS 3
41789,0.0,6.0,FN,IDS 1
41790,2.0,6.0,FN,IDS 1
41791,6.0,6.0,VP,IDS 3
41792,0.0,6.0,FN,IDS 1
41793,2.0,6.0,FN,IDS 1
41794,0.0,6.0,FN,IDS 1
41795,0.0,6.0,FN,IDS 1
41796,2.0,6.0,FN,IDS 1
44227,7.0,7.0,VP,IDS 3
44228,7.0,7.0,VP,IDS 3
44229,2.0,7.0,FN,IDS 1
44230,7.0,7.0,VP,IDS 3
44327,7.0,7.0,VP,IDS 3
44328,7.0,7.0,VP,IDS 3
44329,7.0,7.0,VP,IDS 3
44330,7.0,7.0,VP,IDS 3
44331,7.0,7.0,VP,IDS 3
44332,7.0,7.0,VP,IDS 3
44333,7.0,7.0,VP,IDS 3
44334,7.0,7.0,VP,IDS 3
44335,7.0,7.0,VP,IDS 3
44336,7.0,7.0,VP,IDS 3
44337,7.0,7.0,VP,IDS 3
44338,2.0,7.0,FN,IDS 1
44339,7.0,7.0,VP,IDS 3
44340,7.0,7.0,VP,IDS 3
44341,7.0,7.0,VP,IDS 3
44342,7.0,7.0,VP,IDS 3
44343,7.0,7.0,VP,IDS 3
44344,7.0,7.0,VP,IDS 3
44345,7.0,7.0,VP,IDS 3
44346,2.0,7.0,FN,IDS 1
44347,7.0,7.0,VP,IDS 3
44369,2.0,7.0,FN,IDS 1
44370,2.0,7.0,FN,IDS 1
44371,7.0,7.0,VP,IDS 3
44372,7.0,7.0,VP,IDS 3
44373,7.0,7.0,VP,IDS 3
44374,7.0,7.0,VP,IDS 3
44375,7.0,7.0,VP,IDS 3
44376,7.0,7.0,VP,IDS 3
44377,7.0,7.0,VP,IDS 3
44378,7.0,7.0,VP,IDS 3
44379,7.0,7.0,VP,IDS 3
44380,7.0,7.0,VP,IDS 3
44381,7.0,7.0,VP,IDS 3
44382,7.0,7.0,VP,IDS 3
44383,7.0,7.0,VP,IDS 3
44384,7.0,7.0,VP,IDS 3
44385,7.0,7.0,VP,IDS 3
44386,7.0,7.0,VP,IDS 3
44387,7.0,7.0,VP,IDS 3
44388,7.0,7.0,VP,IDS 3
44389,7.0,7.0,VP,IDS 3
44390,7.0,7.0,VP,IDS 3
44391,7.0,7.0,VP,IDS 3
44392,7.0,7.0,VP,IDS 3
44393,7.0,7.0,VP,IDS 3
44394,7.0,7.0,VP,IDS 3
44395,2.0,7.0,FN,IDS 1
44396,7.0,7.0,VP,IDS 3
44397,7.0,7.0,VP,IDS 3
44398,7.0,7.0,VP,IDS 3
44399,2.0,7.0,FN,IDS 1
44400,7.0,7.0,VP,IDS 3
44537,7.0,7.0,VP,IDS 3
44538,7.0,7.0,VP,IDS 3
44539,7.0,7.0,VP,IDS 3
44540,7.0,7.0,VP,IDS 3
44541,7.0,7.0,VP,IDS 3
44542,7.0,7.0,VP,IDS 3
44543,7.0,7.0,VP,IDS 3
44544,7.0,7.0,VP,IDS 3
44545,7.0,7.0,VP,IDS 3
44546,7.0,7.0,VP,IDS 3
44548,7.0,7.0,VP,IDS 3
44549,2.0,7.0,FN,IDS 1
44550,7.0,7.0,VP,IDS 3
44551,7.0,7.0,VP,IDS 3
44552,7.0,7.0,VP,IDS 3
44553,7.0,7.0,VP,IDS 3
44554,7.0,7.0,VP,IDS 3
44555,7.0,7.0,VP,IDS 3
44556,7.0,7.0,VP,IDS 3
44557,7.0,7.0,VP,IDS 3
44558,7.0,7.0,VP,IDS 3
44559,7.0,7.0,VP,IDS 3
44715,2.0,7.0,FN,IDS 1
44716,7.0,7.0,VP,IDS 3
44717,7.0,7.0,VP,IDS 3
44718,7.0,7.0,VP,IDS 3
44719,7.0,7.0,VP,IDS 3
44720,7.0,7.0,VP,IDS 3
44827,7.0,7.0,VP,IDS 3
44828,7.0,7.0,VP,IDS 3
44829,7.0,7.0,VP,IDS 3
44830,7.0,7.0,VP,IDS 3
44831,7.0,7.0,VP,IDS 3
44832,7.0,7.0,VP,IDS 3
44833,7.0,7.0,VP,IDS 3
44834,7.0,7.0,VP,IDS 3
44835,7.0,7.0,VP,IDS 3
44836,7.0,7.0,VP,IDS 3
44837,2.0,7.0,FN,IDS 1
44838,7.0,7.0,VP,IDS 3
44839,7.0,7.0,VP,IDS 3
44840,7.0,7.0,VP,IDS 3
44841,7.0,7.0,VP,IDS 3
44842,7.0,7.0,VP,IDS 3
44843,7.0,7.0,VP,IDS 3
44844,7.0,7.0,VP,IDS 3
44845,7.0,7.0,VP,IDS 3
44846,7.0,7.0,VP,IDS 3
44847,2.0,7.0,FN,IDS 1
44848,7.0,7.0,VP,IDS 3
44849,7.0,7.0,VP,IDS 3
41961,6.0,6.0,VP,IDS 3
41962,0.0,6.0,FN,IDS 1
41963,0.0,6.0,FN,IDS 1
41964,6.0,6.0,VP,IDS 3
41965,6.0,6.0,VP,IDS 3
41966,2.0,6.0,FN,IDS 1
41968,6.0,6.0,VP,IDS 3
41969,0.0,6.0,FN,IDS 1
41970,0.0,6.0,FN,IDS 1
41971,2.0,6.0,FN,IDS 1
41972,2.0,6.0,FN,IDS 1
41973,0.0,6.0,FN,IDS 1
41974,0.0,6.0,FN,IDS 1
41975,2.0,6.0,FN,IDS 1
41976,1.0,6.0,FN,IDS 1
41977,6.0,6.0,VP,IDS 3
41978,0.0,6.0,FN,IDS 1
41979,2.0,6.0,FN,IDS 1
42028,6.0,6.0,VP,IDS 3
42031,6.0,6.0,VP,IDS 3
42032,0.0,6.0,FN,IDS 1
42054,0.0,6.0,FN,IDS 1
42056,0.0,6.0,FN,IDS 1
42057,6.0,6.0,VP,IDS 3
42058,0.0,6.0,FN,IDS 1
42059,0.0,6.0,FN,IDS 1
42060,0.0,6.0,FN,IDS 1
42061,0.0,6.0,FN,IDS 1
42062,0.0,6.0,FN,IDS 1
42064,0.0,6.0,FN,IDS 1
42065,0.0,6.0,FN,IDS 1
42066,0.0,6.0,FN,IDS 1
42067,2.0,6.0,FN,IDS 1
42068,6.0,6.0,VP,IDS 3
42069,0.0,6.0,FN,IDS 1
42070,6.0,6.0,VP,IDS 3
42071,0.0,6.0,FN,IDS 1
42072,6.0,6.0,VP,IDS 3
42095,0.0,6.0,FN,IDS 1
42096,0.0,6.0,FN,IDS 1
42097,6.0,6.0,VP,IDS 3
42098,0.0,6.0,FN,IDS 1
42099,0.0,6.0,FN,IDS 1
42100,2.0,6.0,FN,IDS 1
42101,6.0,6.0,VP,IDS 3
40280,0.0,6.0,FN,IDS 1
40281,2.0,6.0,FN,IDS 1
40282,0.0,6.0,FN,IDS 1
40283,0.0,6.0,FN,IDS 1
40305,0.0,6.0,FN,IDS 1
40306,0.0,6.0,FN,IDS 1
40307,0.0,6.0,FN,IDS 1
40308,0.0,6.0,FN,IDS 1
40309,0.0,6.0,FN,IDS 1
40310,2.0,6.0,FN,IDS 1
40311,6.0,6.0,VP,IDS 3
40312,0.0,6.0,FN,IDS 1
40313,0.0,6.0,FN,IDS 1
40314,2.0,6.0,FN,IDS 1
40315,0.0,6.0,FN,IDS 1
40316,6.0,6.0,VP,IDS 3
40318,6.0,6.0,VP,IDS 3
40319,0.0,6.0,FN,IDS 1
40320,0.0,6.0,FN,IDS 1
40321,2.0,6.0,FN,IDS 1
40322,0.0,6.0,FN,IDS 1
40323,6.0,6.0,VP,IDS 3
40324,2.0,6.0,FN,IDS 1
40325,0.0,6.0,FN,IDS 1
40326,0.0,6.0,FN,IDS 1
40327,0.0,6.0,FN,IDS 1
40328,6.0,6.0,VP,IDS 3
40330,0.0,6.0,FN,IDS 1
40331,0.0,6.0,FN,IDS 1
40332,2.0,6.0,FN,IDS 1
40334,6.0,6.0,VP,IDS 3
40335,0.0,6.0,FN,IDS 1
40336,0.0,6.0,FN,IDS 1
40337,0.0,6.0,FN,IDS 1
40338,0.0,6.0,FN,IDS 1
40339,6.0,6.0,VP,IDS 3
40340,0.0,6.0,FN,IDS 1
40341,0.0,6.0,FN,IDS 1
40342,6.0,6.0,VP,IDS 3
40343,0.0,6.0,FN,IDS 1
40344,0.0,6.0,FN,IDS 1
40345,0.0,6.0,FN,IDS 1
40346,0.0,6.0,FN,IDS 1
40347,6.0,6.0,VP,IDS 3
40348,0.0,6.0,FN,IDS 1
40349,0.0,6.0,FN,IDS 1
40376,6.0,6.0,VP,IDS 3
40377,0.0,6.0,FN,IDS 1
40378,6.0,6.0,VP,IDS 3
40379,2.0,6.0,FN,IDS 1
40380,2.0,6.0,FN,IDS 1
40381,2.0,6.0,FN,IDS 1
40382,0.0,6.0,FN,IDS 1
40383,0.0,6.0,FN,IDS 1
40384,0.0,6.0,FN,IDS 1
40385,0.0,6.0,FN,IDS 1
40386,6.0,6.0,VP,IDS 3
40387,0.0,6.0,FN,IDS 1
40388,0.0,6.0,FN,IDS 1
40389,0.0,6.0,FN,IDS 1
40390,2.0,6.0,FN,IDS 1
40391,6.0,6.0,VP,IDS 3
40393,0.0,6.0,FN,IDS 1
40574,2.0,6.0,FN,IDS 1
40575,2.0,6.0,FN,IDS 1
40576,0.0,6.0,FN,IDS 1
40577,0.0,6.0,FN,IDS 1
40578,0.0,6.0,FN,IDS 1
40579,6.0,6.0,VP,IDS 3
40580,0.0,6.0,FN,IDS 1
40581,6.0,6.0,VP,IDS 3
40583,0.0,6.0,FN,IDS 1
40585,0.0,6.0,FN,IDS 1
40586,6.0,6.0,VP,IDS 3
40587,6.0,6.0,VP,IDS 3
40588,6.0,6.0,VP,IDS 3
40590,6.0,6.0,VP,IDS 3
40591,6.0,6.0,VP,IDS 3
40592,6.0,6.0,VP,IDS 3
40593,2.0,6.0,FN,IDS 1
40594,0.0,6.0,FN,IDS 1
40595,0.0,6.0,FN,IDS 1
40596,0.0,6.0,FN,IDS 1
40597,0.0,6.0,FN,IDS 1
40598,0.0,6.0,FN,IDS 1
40599,0.0,6.0,FN,IDS 1
44678,7.0,7.0,VP,IDS 3
44679,7.0,7.0,VP,IDS 3
44681,7.0,7.0,VP,IDS 3
44682,7.0,7.0,VP,IDS 3
44683,7.0,7.0,VP,IDS 3
44684,7.0,7.0,VP,IDS 3
44685,7.0,7.0,VP,IDS 3
44686,7.0,7.0,VP,IDS 3
44688,7.0,7.0,VP,IDS 3
44689,7.0,7.0,VP,IDS 3
44690,7.0,7.0,VP,IDS 3
44691,7.0,7.0,VP,IDS 3
44692,7.0,7.0,VP,IDS 3
44693,7.0,7.0,VP,IDS 3
44694,2.0,7.0,FN,IDS 1
44695,7.0,7.0,VP,IDS 3
44696,2.0,7.0,FN,IDS 1
44697,7.0,7.0,VP,IDS 3
44698,7.0,7.0,VP,IDS 3
44784,7.0,7.0,VP,IDS 3
44785,7.0,7.0,VP,IDS 3
44786,7.0,7.0,VP,IDS 3
44787,7.0,7.0,VP,IDS 3
44788,7.0,7.0,VP,IDS 3
44789,7.0,7.0,VP,IDS 3
44790,7.0,7.0,VP,IDS 3
44791,7.0,7.0,VP,IDS 3
44792,7.0,7.0,VP,IDS 3
44793,7.0,7.0,VP,IDS 3
44794,7.0,7.0,VP,IDS 3
44795,2.0,7.0,FN,IDS 1
44796,7.0,7.0,VP,IDS 3
44797,7.0,7.0,VP,IDS 3
44798,7.0,7.0,VP,IDS 3
44799,7.0,7.0,VP,IDS 3
44800,7.0,7.0,VP,IDS 3
44801,7.0,7.0,VP,IDS 3
40622,0.0,6.0,FN,IDS 1
40623,0.0,6.0,FN,IDS 1
40624,2.0,6.0,FN,IDS 1
40625,6.0,6.0,VP,IDS 3
40626,0.0,6.0,FN,IDS 1
40627,0.0,6.0,FN,IDS 1
40628,6.0,6.0,VP,IDS 3
40629,0.0,6.0,FN,IDS 1
40630,0.0,6.0,FN,IDS 1
40631,2.0,6.0,FN,IDS 1
40632,0.0,6.0,FN,IDS 1
40633,2.0,6.0,FN,IDS 1
40634,2.0,6.0,FN,IDS 1
40635,2.0,6.0,FN,IDS 1
40636,0.0,6.0,FN,IDS 1
40637,2.0,6.0,FN,IDS 1
40638,2.0,6.0,FN,IDS 1
40640,0.0,6.0,FN,IDS 1
40643,6.0,6.0,VP,IDS 3
40669,0.0,6.0,FN,IDS 1
40670,0.0,6.0,FN,IDS 1
40671,0.0,6.0,FN,IDS 1
40673,0.0,6.0,FN,IDS 1
40674,0.0,6.0,FN,IDS 1
40675,0.0,6.0,FN,IDS 1
40676,0.0,6.0,FN,IDS 1
40677,2.0,6.0,FN,IDS 1
40678,0.0,6.0,FN,IDS 1
40679,0.0,6.0,FN,IDS 1
40680,6.0,6.0,VP,IDS 3
40681,0.0,6.0,FN,IDS 1
40682,0.0,6.0,FN,IDS 1
40683,0.0,6.0,FN,IDS 1
40684,0.0,6.0,FN,IDS 1
40686,0.0,6.0,FN,IDS 1
40687,0.0,6.0,FN,IDS 1
40688,0.0,6.0,FN,IDS 1
40689,0.0,6.0,FN,IDS 1
40690,6.0,6.0,VP,IDS 3
40691,2.0,6.0,FN,IDS 1
40692,6.0,6.0,VP,IDS 3
40694,0.0,6.0,FN,IDS 1
40695,0.0,6.0,FN,IDS 1
40696,6.0,6.0,VP,IDS 3
40697,6.0,6.0,VP,IDS 3
40698,6.0,6.0,VP,IDS 3
40699,6.0,6.0,VP,IDS 3
40700,0.0,6.0,FN,IDS 1
40701,6.0,6.0,VP,IDS 3
40702,0.0,6.0,FN,IDS 1
40703,0.0,6.0,FN,IDS 1
40704,2.0,6.0,FN,IDS 1
40705,0.0,6.0,FN,IDS 1
40706,0.0,6.0,FN,IDS 1
40709,6.0,6.0,VP,IDS 3
40710,0.0,6.0,FN,IDS 1
40711,6.0,6.0,VP,IDS 3
40712,2.0,6.0,FN,IDS 1
40714,0.0,6.0,FN,IDS 1
40716,0.0,6.0,FN,IDS 1
40717,0.0,6.0,FN,IDS 1
40790,0.0,6.0,FN,IDS 1
40791,0.0,6.0,FN,IDS 1
40792,6.0,6.0,VP,IDS 3
40793,2.0,6.0,FN,IDS 1
41134,2.0,6.0,FN,IDS 1
41135,0.0,6.0,FN,IDS 1
41136,2.0,6.0,FN,IDS 1
41137,0.0,6.0,FN,IDS 1
41138,2.0,6.0,FN,IDS 1
41139,6.0,6.0,VP,IDS 3
41140,2.0,6.0,FN,IDS 1
41141,2.0,6.0,FN,IDS 1
41259,2.0,6.0,FN,IDS 1
41261,0.0,6.0,FN,IDS 1
41262,6.0,6.0,VP,IDS 3
41263,0.0,6.0,FN,IDS 1
41264,6.0,6.0,VP,IDS 3
41265,2.0,6.0,FN,IDS 1
41266,0.0,6.0,FN,IDS 1
41267,0.0,6.0,FN,IDS 1
41268,6.0,6.0,VP,IDS 3
41269,6.0,6.0,VP,IDS 3
41270,0.0,6.0,FN,IDS 1
41271,0.0,6.0,FN,IDS 1
41553,0.0,6.0,FN,IDS 1
41554,0.0,6.0,FN,IDS 1
41555,6.0,6.0,VP,IDS 3
41556,0.0,6.0,FN,IDS 1
41557,0.0,6.0,FN,IDS 1
41558,6.0,6.0,VP,IDS 3
41559,6.0,6.0,VP,IDS 3
41560,0.0,6.0,FN,IDS 1
41561,0.0,6.0,FN,IDS 1
41562,2.0,6.0,FN,IDS 1
41563,2.0,6.0,FN,IDS 1
41565,0.0,6.0,FN,IDS 1
41566,0.0,6.0,FN,IDS 1
41567,0.0,6.0,FN,IDS 1
41568,2.0,6.0,FN,IDS 1
41569,0.0,6.0,FN,IDS 1
41571,0.0,6.0,FN,IDS 1
41572,0.0,6.0,FN,IDS 1
41772,6.0,6.0,VP,IDS 3
41774,2.0,6.0,FN,IDS 1
41798,6.0,6.0,VP,IDS 3
44802,7.0,7.0,VP,IDS 3
44803,7.0,7.0,VP,IDS 3
44804,2.0,7.0,FN,IDS 1
44805,7.0,7.0,VP,IDS 3
44806,7.0,7.0,VP,IDS 3
44807,7.0,7.0,VP,IDS 3
44808,7.0,7.0,VP,IDS 3
44809,7.0,7.0,VP,IDS 3
44810,2.0,7.0,FN,IDS 1
44811,7.0,7.0,VP,IDS 3
44812,2.0,7.0,FN,IDS 1
44813,7.0,7.0,VP,IDS 3
44814,7.0,7.0,VP,IDS 3
44815,2.0,7.0,FN,IDS 1
44816,7.0,7.0,VP,IDS 3
44817,2.0,7.0,FN,IDS 1
44818,2.0,7.0,FN,IDS 1
44819,7.0,7.0,VP,IDS 3
44820,7.0,7.0,VP,IDS 3
44821,7.0,7.0,VP,IDS 3
44822,7.0,7.0,VP,IDS 3
44823,7.0,7.0,VP,IDS 3
44825,7.0,7.0,VP,IDS 3
44826,7.0,7.0,VP,IDS 3
44869,7.0,7.0,VP,IDS 3
44870,7.0,7.0,VP,IDS 3
44871,7.0,7.0,VP,IDS 3
44872,7.0,7.0,VP,IDS 3
44873,7.0,7.0,VP,IDS 3
44874,7.0,7.0,VP,IDS 3
44875,7.0,7.0,VP,IDS 3
44876,7.0,7.0,VP,IDS 3
44877,7.0,7.0,VP,IDS 3
44878,7.0,7.0,VP,IDS 3
44879,7.0,7.0,VP,IDS 3
44880,7.0,7.0,VP,IDS 3
44881,2.0,7.0,FN,IDS 1
44882,7.0,7.0,VP,IDS 3
44883,7.0,7.0,VP,IDS 3
44884,7.0,7.0,VP,IDS 3
44885,7.0,7.0,VP,IDS 3
44886,7.0,7.0,VP,IDS 3
44887,7.0,7.0,VP,IDS 3
44888,7.0,7.0,VP,IDS 3
44889,7.0,7.0,VP,IDS 3
44890,7.0,7.0,VP,IDS 3
44891,7.0,7.0,VP,IDS 3
44892,7.0,7.0,VP,IDS 3
44893,7.0,7.0,VP,IDS 3
44894,7.0,7.0,VP,IDS 3
44895,7.0,7.0,VP,IDS 3
44896,7.0,7.0,VP,IDS 3
44897,7.0,7.0,VP,IDS 3
44898,2.0,7.0,FN,IDS 1
44899,7.0,7.0,VP,IDS 3
44900,7.0,7.0,VP,IDS 3
44901,7.0,7.0,VP,IDS 3
44902,2.0,7.0,FN,IDS 1
44903,7.0,7.0,VP,IDS 3
44904,7.0,7.0,VP,IDS 3
44905,7.0,7.0,VP,IDS 3
44906,7.0,7.0,VP,IDS 3
44907,7.0,7.0,VP,IDS 3
44908,2.0,7.0,FN,IDS 1
44909,7.0,7.0,VP,IDS 3
44910,7.0,7.0,VP,IDS 3
44134,7.0,7.0,VP,IDS 3
44135,7.0,7.0,VP,IDS 3
44136,7.0,7.0,VP,IDS 3
44137,7.0,7.0,VP,IDS 3
44138,7.0,7.0,VP,IDS 3
44139,7.0,7.0,VP,IDS 3
44140,7.0,7.0,VP,IDS 3
44141,7.0,7.0,VP,IDS 3
44142,7.0,7.0,VP,IDS 3
44143,7.0,7.0,VP,IDS 3
44144,7.0,7.0,VP,IDS 3
44145,7.0,7.0,VP,IDS 3
44146,7.0,7.0,VP,IDS 3
44147,7.0,7.0,VP,IDS 3
44148,7.0,7.0,VP,IDS 3
44149,7.0,7.0,VP,IDS 3
44150,7.0,7.0,VP,IDS 3
44151,7.0,7.0,VP,IDS 3
44152,7.0,7.0,VP,IDS 3
44153,7.0,7.0,VP,IDS 3
44154,7.0,7.0,VP,IDS 3
44155,7.0,7.0,VP,IDS 3
44206,7.0,7.0,VP,IDS 3
44207,7.0,7.0,VP,IDS 3
44208,7.0,7.0,VP,IDS 3
44209,7.0,7.0,VP,IDS 3
44210,7.0,7.0,VP,IDS 3
44211,7.0,7.0,VP,IDS 3
44212,7.0,7.0,VP,IDS 3
44213,7.0,7.0,VP,IDS 3
44214,7.0,7.0,VP,IDS 3
44215,7.0,7.0,VP,IDS 3
44216,7.0,7.0,VP,IDS 3
44217,7.0,7.0,VP,IDS 3
44218,7.0,7.0,VP,IDS 3
44219,7.0,7.0,VP,IDS 3
44220,2.0,7.0,FN,IDS 1
42340,2.0,6.0,FN,IDS 1
42341,0.0,6.0,FN,IDS 1
42342,6.0,6.0,VP,IDS 3
42390,2.0,6.0,FN,IDS 1
42392,0.0,6.0,FN,IDS 1
42393,0.0,6.0,FN,IDS 1
42394,2.0,6.0,FN,IDS 1
42395,2.0,6.0,FN,IDS 1
42396,0.0,6.0,FN,IDS 1
42397,0.0,6.0,FN,IDS 1
42398,0.0,6.0,FN,IDS 1
42399,0.0,6.0,FN,IDS 1
42400,0.0,6.0,FN,IDS 1
42401,2.0,6.0,FN,IDS 1
42402,2.0,6.0,FN,IDS 1
42403,0.0,6.0,FN,IDS 1
42404,0.0,6.0,FN,IDS 1
42407,0.0,6.0,FN,IDS 1
42409,0.0,6.0,FN,IDS 1
42410,0.0,6.0,FN,IDS 1
42411,0.0,6.0,FN,IDS 1
42412,0.0,6.0,FN,IDS 1
42413,6.0,6.0,VP,IDS 3
42437,6.0,6.0,VP,IDS 3
42438,2.0,6.0,FN,IDS 1
42439,0.0,6.0,FN,IDS 1
42441,0.0,6.0,FN,IDS 1
42442,0.0,6.0,FN,IDS 1
42443,0.0,6.0,FN,IDS 1
42446,0.0,6.0,FN,IDS 1
42447,0.0,6.0,FN,IDS 1
42448,0.0,6.0,FN,IDS 1
42450,0.0,6.0,FN,IDS 1
42451,6.0,6.0,VP,IDS 3
42452,6.0,6.0,VP,IDS 3
42453,0.0,6.0,FN,IDS 1
42454,6.0,6.0,VP,IDS 3
42455,6.0,6.0,VP,IDS 3
42456,6.0,6.0,VP,IDS 3
42457,6.0,6.0,VP,IDS 3
42458,0.0,6.0,FN,IDS 1
42459,0.0,6.0,FN,IDS 1
42460,2.0,6.0,FN,IDS 1
42461,0.0,6.0,FN,IDS 1
42462,2.0,6.0,FN,IDS 1
42464,0.0,6.0,FN,IDS 1
42465,2.0,6.0,FN,IDS 1
42466,6.0,6.0,VP,IDS 3
42468,0.0,6.0,FN,IDS 1
42469,6.0,6.0,VP,IDS 3
42470,0.0,6.0,FN,IDS 1
42471,0.0,6.0,FN,IDS 1
42558,7.0,7.0,VP,IDS 3
42559,7.0,7.0,VP,IDS 3
42560,7.0,7.0,VP,IDS 3
42561,7.0,7.0,VP,IDS 3
42562,7.0,7.0,VP,IDS 3
42563,7.0,7.0,VP,IDS 3
42564,7.0,7.0,VP,IDS 3
42565,7.0,7.0,VP,IDS 3
42566,7.0,7.0,VP,IDS 3
42567,7.0,7.0,VP,IDS 3
42568,7.0,7.0,VP,IDS 3
42569,7.0,7.0,VP,IDS 3
42570,7.0,7.0,VP,IDS 3
42571,7.0,7.0,VP,IDS 3
42572,7.0,7.0,VP,IDS 3
42573,7.0,7.0,VP,IDS 3
42574,7.0,7.0,VP,IDS 3
42575,7.0,7.0,VP,IDS 3
42576,7.0,7.0,VP,IDS 3
42577,7.0,7.0,VP,IDS 3
42578,7.0,7.0,VP,IDS 3
42579,7.0,7.0,VP,IDS 3
42580,7.0,7.0,VP,IDS 3
42581,7.0,7.0,VP,IDS 3
42762,7.0,7.0,VP,IDS 3
42763,7.0,7.0,VP,IDS 3
42764,7.0,7.0,VP,IDS 3
42765,7.0,7.0,VP,IDS 3
42766,7.0,7.0,VP,IDS 3
42767,7.0,7.0,VP,IDS 3
42768,7.0,7.0,VP,IDS 3
42769,7.0,7.0,VP,IDS 3
42770,2.0,7.0,FN,IDS 1
42771,7.0,7.0,VP,IDS 3
42772,7.0,7.0,VP,IDS 3
42773,7.0,7.0,VP,IDS 3
42774,7.0,7.0,VP,IDS 3
42775,7.0,7.0,VP,IDS 3
42776,7.0,7.0,VP,IDS 3
42777,7.0,7.0,VP,IDS 3
42778,7.0,7.0,VP,IDS 3
42779,7.0,7.0,VP,IDS 3
42780,7.0,7.0,VP,IDS 3
42781,7.0,7.0,VP,IDS 3
42782,7.0,7.0,VP,IDS 3
42783,7.0,7.0,VP,IDS 3
42784,7.0,7.0,VP,IDS 3
42785,7.0,7.0,VP,IDS 3
42786,7.0,7.0,VP,IDS 3
44221,2.0,7.0,FN,IDS 1
44222,7.0,7.0,VP,IDS 3
44223,7.0,7.0,VP,IDS 3
44224,7.0,7.0,VP,IDS 3
44225,7.0,7.0,VP,IDS 3
44226,7.0,7.0,VP,IDS 3
44491,7.0,7.0,VP,IDS 3
44492,7.0,7.0,VP,IDS 3
44493,7.0,7.0,VP,IDS 3
44494,2.0,7.0,FN,IDS 1
44495,7.0,7.0,VP,IDS 3
44496,7.0,7.0,VP,IDS 3
44498,7.0,7.0,VP,IDS 3
44499,7.0,7.0,VP,IDS 3
44500,7.0,7.0,VP,IDS 3
44501,7.0,7.0,VP,IDS 3
44502,7.0,7.0,VP,IDS 3
44503,7.0,7.0,VP,IDS 3
44504,7.0,7.0,VP,IDS 3
44505,7.0,7.0,VP,IDS 3
44506,7.0,7.0,VP,IDS 3
44507,7.0,7.0,VP,IDS 3
44508,7.0,7.0,VP,IDS 3
44509,7.0,7.0,VP,IDS 3
44510,7.0,7.0,VP,IDS 3
44511,7.0,7.0,VP,IDS 3
44512,7.0,7.0,VP,IDS 3
44513,7.0,7.0,VP,IDS 3
44514,7.0,7.0,VP,IDS 3
44515,7.0,7.0,VP,IDS 3
44850,7.0,7.0,VP,IDS 3
44851,7.0,7.0,VP,IDS 3
44852,2.0,7.0,FN,IDS 1
44853,7.0,7.0,VP,IDS 3
44854,7.0,7.0,VP,IDS 3
44855,7.0,7.0,VP,IDS 3
44856,7.0,7.0,VP,IDS 3
44857,7.0,7.0,VP,IDS 3
44858,7.0,7.0,VP,IDS 3
44859,7.0,7.0,VP,IDS 3
44860,7.0,7.0,VP,IDS 3
44861,7.0,7.0,VP,IDS 3
44862,2.0,7.0,FN,IDS 1
44863,7.0,7.0,VP,IDS 3
44864,7.0,7.0,VP,IDS 3
44865,2.0,7.0,FN,IDS 1
44866,7.0,7.0,VP,IDS 3
44867,7.0,7.0,VP,IDS 3
44868,7.0,7.0,VP,IDS 3
44985,7.0,7.0,VP,IDS 3
44986,2.0,7.0,FN,IDS 1
44987,7.0,7.0,VP,IDS 3
42102,2.0,6.0,FN,IDS 1
42103,0.0,6.0,FN,IDS 1
42104,2.0,6.0,FN,IDS 1
42107,1.0,6.0,FN,IDS 1
42108,6.0,6.0,VP,IDS 3
42109,0.0,6.0,FN,IDS 1
42110,0.0,6.0,FN,IDS 1
42111,6.0,6.0,VP,IDS 3
42112,2.0,6.0,FN,IDS 1
42113,2.0,6.0,FN,IDS 1
42114,6.0,6.0,VP,IDS 3
42115,2.0,6.0,FN,IDS 1
42116,0.0,6.0,FN,IDS 1
42117,0.0,6.0,FN,IDS 1
42141,0.0,6.0,FN,IDS 1
42142,2.0,6.0,FN,IDS 1
42143,2.0,6.0,FN,IDS 1
42144,0.0,6.0,FN,IDS 1
42145,0.0,6.0,FN,IDS 1
42147,0.0,6.0,FN,IDS 1
42148,0.0,6.0,FN,IDS 1
42149,0.0,6.0,FN,IDS 1
42150,6.0,6.0,VP,IDS 3
42151,0.0,6.0,FN,IDS 1
42152,0.0,6.0,FN,IDS 1
42153,0.0,6.0,FN,IDS 1
42154,0.0,6.0,FN,IDS 1
42155,0.0,6.0,FN,IDS 1
42157,2.0,6.0,FN,IDS 1
42158,0.0,6.0,FN,IDS 1
42159,0.0,6.0,FN,IDS 1
42160,0.0,6.0,FN,IDS 1
42161,6.0,6.0,VP,IDS 3
42162,0.0,6.0,FN,IDS 1
42163,0.0,6.0,FN,IDS 1
42233,6.0,6.0,VP,IDS 3
42234,2.0,6.0,FN,IDS 1
42235,6.0,6.0,VP,IDS 3
42236,2.0,6.0,FN,IDS 1
42237,0.0,6.0,FN,IDS 1
42472,0.0,6.0,FN,IDS 1
42473,2.0,6.0,FN,IDS 1
42475,0.0,6.0,FN,IDS 1
42476,0.0,6.0,FN,IDS 1
42478,0.0,6.0,FN,IDS 1
42479,0.0,6.0,FN,IDS 1
42480,0.0,6.0,FN,IDS 1
42481,2.0,6.0,FN,IDS 1
42482,0.0,6.0,FN,IDS 1
42483,0.0,6.0,FN,IDS 1
42484,6.0,6.0,VP,IDS 3
42549,7.0,7.0,VP,IDS 3
42550,7.0,7.0,VP,IDS 3
42551,7.0,7.0,VP,IDS 3
42552,7.0,7.0,VP,IDS 3
42553,7.0,7.0,VP,IDS 3
42554,2.0,7.0,FN,IDS 1
42555,7.0,7.0,VP,IDS 3
42556,7.0,7.0,VP,IDS 3
42557,7.0,7.0,VP,IDS 3
42582,7.0,7.0,VP,IDS 3
42583,7.0,7.0,VP,IDS 3
42584,7.0,7.0,VP,IDS 3
42585,7.0,7.0,VP,IDS 3
42586,7.0,7.0,VP,IDS 3
42587,7.0,7.0,VP,IDS 3
42588,7.0,7.0,VP,IDS 3
42589,7.0,7.0,VP,IDS 3
42590,7.0,7.0,VP,IDS 3
42591,7.0,7.0,VP,IDS 3
42592,2.0,7.0,FN,IDS 1
42594,7.0,7.0,VP,IDS 3
42595,7.0,7.0,VP,IDS 3
42596,7.0,7.0,VP,IDS 3
42598,7.0,7.0,VP,IDS 3
42599,7.0,7.0,VP,IDS 3
42600,7.0,7.0,VP,IDS 3
42602,2.0,7.0,FN,IDS 1
42603,7.0,7.0,VP,IDS 3
42604,7.0,7.0,VP,IDS 3
42605,7.0,7.0,VP,IDS 3
42606,7.0,7.0,VP,IDS 3
42607,7.0,7.0,VP,IDS 3
42608,2.0,7.0,FN,IDS 1
42609,7.0,7.0,VP,IDS 3
42610,7.0,7.0,VP,IDS 3
42611,7.0,7.0,VP,IDS 3
42612,7.0,7.0,VP,IDS 3
42736,2.0,7.0,FN,IDS 1
42737,7.0,7.0,VP,IDS 3
42738,7.0,7.0,VP,IDS 3
42739,2.0,7.0,FN,IDS 1
42740,2.0,7.0,FN,IDS 1
42741,2.0,7.0,FN,IDS 1
42742,7.0,7.0,VP,IDS 3
42743,7.0,7.0,VP,IDS 3
42744,2.0,7.0,FN,IDS 1
42745,7.0,7.0,VP,IDS 3
42746,7.0,7.0,VP,IDS 3
42747,7.0,7.0,VP,IDS 3
42748,7.0,7.0,VP,IDS 3
42749,7.0,7.0,VP,IDS 3
42750,7.0,7.0,VP,IDS 3
42751,2.0,7.0,FN,IDS 1
42752,7.0,7.0,VP,IDS 3
42753,2.0,7.0,FN,IDS 1
42754,7.0,7.0,VP,IDS 3
42755,7.0,7.0,VP,IDS 3
42756,7.0,7.0,VP,IDS 3
42757,7.0,7.0,VP,IDS 3
42758,7.0,7.0,VP,IDS 3
42759,7.0,7.0,VP,IDS 3
42760,7.0,7.0,VP,IDS 3
42761,7.0,7.0,VP,IDS 3
42912,7.0,7.0,VP,IDS 3
42913,7.0,7.0,VP,IDS 3
42914,7.0,7.0,VP,IDS 3
42915,7.0,7.0,VP,IDS 3
42916,7.0,7.0,VP,IDS 3
42917,7.0,7.0,VP,IDS 3
42918,7.0,7.0,VP,IDS 3
42919,7.0,7.0,VP,IDS 3
42920,7.0,7.0,VP,IDS 3
43022,7.0,7.0,VP,IDS 3
43023,7.0,7.0,VP,IDS 3
43024,7.0,7.0,VP,IDS 3
43025,7.0,7.0,VP,IDS 3
43026,7.0,7.0,VP,IDS 3
43027,7.0,7.0,VP,IDS 3
43028,7.0,7.0,VP,IDS 3
43029,7.0,7.0,VP,IDS 3
43030,7.0,7.0,VP,IDS 3
43031,7.0,7.0,VP,IDS 3
43032,7.0,7.0,VP,IDS 3
43033,7.0,7.0,VP,IDS 3
43034,7.0,7.0,VP,IDS 3
43035,7.0,7.0,VP,IDS 3
43124,7.0,7.0,VP,IDS 3
43125,7.0,7.0,VP,IDS 3
43126,7.0,7.0,VP,IDS 3
43127,7.0,7.0,VP,IDS 3
43128,7.0,7.0,VP,IDS 3
43129,7.0,7.0,VP,IDS 3
43130,7.0,7.0,VP,IDS 3
43131,7.0,7.0,VP,IDS 3
43132,7.0,7.0,VP,IDS 3
43133,7.0,7.0,VP,IDS 3
43134,7.0,7.0,VP,IDS 3
43135,7.0,7.0,VP,IDS 3
43136,7.0,7.0,VP,IDS 3
43137,7.0,7.0,VP,IDS 3
43138,7.0,7.0,VP,IDS 3
43139,7.0,7.0,VP,IDS 3
43141,7.0,7.0,VP,IDS 3
43142,7.0,7.0,VP,IDS 3
43143,7.0,7.0,VP,IDS 3
43144,7.0,7.0,VP,IDS 3
43145,7.0,7.0,VP,IDS 3
44063,7.0,7.0,VP,IDS 3
44085,7.0,7.0,VP,IDS 3
44086,7.0,7.0,VP,IDS 3
44087,7.0,7.0,VP,IDS 3
44088,7.0,7.0,VP,IDS 3
44089,7.0,7.0,VP,IDS 3
44090,7.0,7.0,VP,IDS 3
44091,7.0,7.0,VP,IDS 3
44092,7.0,7.0,VP,IDS 3
44093,7.0,7.0,VP,IDS 3
44094,7.0,7.0,VP,IDS 3
44096,2.0,7.0,FN,IDS 1
44098,7.0,7.0,VP,IDS 3
44099,7.0,7.0,VP,IDS 3
44100,7.0,7.0,VP,IDS 3
44101,7.0,7.0,VP,IDS 3
44102,7.0,7.0,VP,IDS 3
44103,7.0,7.0,VP,IDS 3
44104,7.0,7.0,VP,IDS 3
44105,7.0,7.0,VP,IDS 3
44106,7.0,7.0,VP,IDS 3
44107,7.0,7.0,VP,IDS 3
44156,7.0,7.0,VP,IDS 3
44157,7.0,7.0,VP,IDS 3
44158,7.0,7.0,VP,IDS 3
44255,7.0,7.0,VP,IDS 3
44256,7.0,7.0,VP,IDS 3
44257,2.0,7.0,FN,IDS 1
44258,7.0,7.0,VP,IDS 3
44259,7.0,7.0,VP,IDS 3
44260,7.0,7.0,VP,IDS 3
44261,7.0,7.0,VP,IDS 3
44262,7.0,7.0,VP,IDS 3
44263,7.0,7.0,VP,IDS 3
44264,7.0,7.0,VP,IDS 3
44265,7.0,7.0,VP,IDS 3
44266,7.0,7.0,VP,IDS 3
44267,7.0,7.0,VP,IDS 3
44268,7.0,7.0,VP,IDS 3
44269,7.0,7.0,VP,IDS 3
44270,7.0,7.0,VP,IDS 3
44271,7.0,7.0,VP,IDS 3
44272,7.0,7.0,VP,IDS 3
44273,7.0,7.0,VP,IDS 3
44274,7.0,7.0,VP,IDS 3
44275,2.0,7.0,FN,IDS 1
44276,7.0,7.0,VP,IDS 3
44277,7.0,7.0,VP,IDS 3
44278,7.0,7.0,VP,IDS 3
44279,2.0,7.0,FN,IDS 1
44304,7.0,7.0,VP,IDS 3
44305,7.0,7.0,VP,IDS 3
44306,7.0,7.0,VP,IDS 3
44307,7.0,7.0,VP,IDS 3
44308,7.0,7.0,VP,IDS 3
44309,7.0,7.0,VP,IDS 3
44310,7.0,7.0,VP,IDS 3
44311,7.0,7.0,VP,IDS 3
44312,7.0,7.0,VP,IDS 3
44313,7.0,7.0,VP,IDS 3
44314,2.0,7.0,FN,IDS 1
44315,7.0,7.0,VP,IDS 3
44316,7.0,7.0,VP,IDS 3
44317,7.0,7.0,VP,IDS 3
44318,7.0,7.0,VP,IDS 3
44320,7.0,7.0,VP,IDS 3
44321,7.0,7.0,VP,IDS 3
44322,2.0,7.0,FN,IDS 1
44323,2.0,7.0,FN,IDS 1
44324,7.0,7.0,VP,IDS 3
44325,7.0,7.0,VP,IDS 3
44326,7.0,7.0,VP,IDS 3
44457,7.0,7.0,VP,IDS 3
44458,7.0,7.0,VP,IDS 3
44459,7.0,7.0,VP,IDS 3
44460,2.0,7.0,FN,IDS 1
44461,7.0,7.0,VP,IDS 3
44462,7.0,7.0,VP,IDS 3
44463,7.0,7.0,VP,IDS 3
44464,7.0,7.0,VP,IDS 3
44465,7.0,7.0,VP,IDS 3
44466,7.0,7.0,VP,IDS 3
44467,7.0,7.0,VP,IDS 3
44468,7.0,7.0,VP,IDS 3
44469,7.0,7.0,VP,IDS 3
44470,7.0,7.0,VP,IDS 3
44471,7.0,7.0,VP,IDS 3
44472,7.0,7.0,VP,IDS 3
44473,7.0,7.0,VP,IDS 3
44474,7.0,7.0,VP,IDS 3
44475,7.0,7.0,VP,IDS 3
44476,7.0,7.0,VP,IDS 3
44748,7.0,7.0,VP,IDS 3
44749,2.0,7.0,FN,IDS 1
44750,7.0,7.0,VP,IDS 3
44751,7.0,7.0,VP,IDS 3
44752,7.0,7.0,VP,IDS 3
44753,7.0,7.0,VP,IDS 3
44754,7.0,7.0,VP,IDS 3
44755,7.0,7.0,VP,IDS 3
44756,7.0,7.0,VP,IDS 3
44757,7.0,7.0,VP,IDS 3
44758,7.0,7.0,VP,IDS 3
44759,7.0,7.0,VP,IDS 3
44760,7.0,7.0,VP,IDS 3
44761,7.0,7.0,VP,IDS 3
44762,7.0,7.0,VP,IDS 3
44763,7.0,7.0,VP,IDS 3
44764,7.0,7.0,VP,IDS 3
44765,7.0,7.0,VP,IDS 3
44766,7.0,7.0,VP,IDS 3
44767,7.0,7.0,VP,IDS 3
44768,7.0,7.0,VP,IDS 3
44769,7.0,7.0,VP,IDS 3
44770,7.0,7.0,VP,IDS 3
44771,7.0,7.0,VP,IDS 3
44772,7.0,7.0,VP,IDS 3
44773,7.0,7.0,VP,IDS 3
44774,7.0,7.0,VP,IDS 3
44775,7.0,7.0,VP,IDS 3
44776,7.0,7.0,VP,IDS 3
44777,7.0,7.0,VP,IDS 3
44778,2.0,7.0,FN,IDS 1
44779,7.0,7.0,VP,IDS 3
44780,7.0,7.0,VP,IDS 3
44781,7.0,7.0,VP,IDS 3
44782,7.0,7.0,VP,IDS 3
44783,7.0,7.0,VP,IDS 3
44911,7.0,7.0,VP,IDS 3
44982,7.0,7.0,VP,IDS 3
44983,7.0,7.0,VP,IDS 3
44984,7.0,7.0,VP,IDS 3
41420,0.0,6.0,FN,IDS 1
41421,0.0,6.0,FN,IDS 1
41422,2.0,6.0,FN,IDS 1
41423,6.0,6.0,VP,IDS 3
41424,0.0,6.0,FN,IDS 1
41425,6.0,6.0,VP,IDS 3
41426,6.0,6.0,VP,IDS 3
41427,0.0,6.0,FN,IDS 1
41428,0.0,6.0,FN,IDS 1
41429,6.0,6.0,VP,IDS 3
41431,0.0,6.0,FN,IDS 1
41432,0.0,6.0,FN,IDS 1
41433,2.0,6.0,FN,IDS 1
41434,0.0,6.0,FN,IDS 1
41435,0.0,6.0,FN,IDS 1
41436,0.0,6.0,FN,IDS 1
41437,0.0,6.0,FN,IDS 1
41438,0.0,6.0,FN,IDS 1
41439,6.0,6.0,VP,IDS 3
43992,7.0,7.0,VP,IDS 3
43993,7.0,7.0,VP,IDS 3
43994,2.0,7.0,FN,IDS 1
43995,2.0,7.0,FN,IDS 1
43996,7.0,7.0,VP,IDS 3
43997,7.0,7.0,VP,IDS 3
43998,7.0,7.0,VP,IDS 3
43999,7.0,7.0,VP,IDS 3
44000,7.0,7.0,VP,IDS 3
44001,7.0,7.0,VP,IDS 3
44002,7.0,7.0,VP,IDS 3
44003,7.0,7.0,VP,IDS 3
44005,2.0,7.0,FN,IDS 1
44006,7.0,7.0,VP,IDS 3
44007,7.0,7.0,VP,IDS 3
44008,7.0,7.0,VP,IDS 3
44009,7.0,7.0,VP,IDS 3
44010,7.0,7.0,VP,IDS 3
44011,7.0,7.0,VP,IDS 3
44012,7.0,7.0,VP,IDS 3
44013,7.0,7.0,VP,IDS 3
44014,7.0,7.0,VP,IDS 3
44015,7.0,7.0,VP,IDS 3
44016,2.0,7.0,FN,IDS 1
44017,7.0,7.0,VP,IDS 3
44401,7.0,7.0,VP,IDS 3
44403,7.0,7.0,VP,IDS 3
44404,2.0,7.0,FN,IDS 1
44405,7.0,7.0,VP,IDS 3
44406,2.0,7.0,FN,IDS 1
44407,7.0,7.0,VP,IDS 3
44408,7.0,7.0,VP,IDS 3
44409,7.0,7.0,VP,IDS 3
44410,2.0,7.0,FN,IDS 1
44411,7.0,7.0,VP,IDS 3
44412,2.0,7.0,FN,IDS 1
44479,7.0,7.0,VP,IDS 3
44480,7.0,7.0,VP,IDS 3
44481,7.0,7.0,VP,IDS 3
44483,7.0,7.0,VP,IDS 3
44484,7.0,7.0,VP,IDS 3
44485,7.0,7.0,VP,IDS 3
44486,7.0,7.0,VP,IDS 3
44487,7.0,7.0,VP,IDS 3
44488,7.0,7.0,VP,IDS 3
44489,2.0,7.0,FN,IDS 1
44490,7.0,7.0,VP,IDS 3
44560,7.0,7.0,VP,IDS 3
44561,7.0,7.0,VP,IDS 3
44562,7.0,7.0,VP,IDS 3
44563,7.0,7.0,VP,IDS 3
44564,7.0,7.0,VP,IDS 3
44699,7.0,7.0,VP,IDS 3
44700,2.0,7.0,FN,IDS 1
44701,7.0,7.0,VP,IDS 3
44702,7.0,7.0,VP,IDS 3
44703,7.0,7.0,VP,IDS 3
44704,7.0,7.0,VP,IDS 3
44705,7.0,7.0,VP,IDS 3
44706,7.0,7.0,VP,IDS 3
44707,7.0,7.0,VP,IDS 3
44708,2.0,7.0,FN,IDS 1
44709,7.0,7.0,VP,IDS 3
44710,7.0,7.0,VP,IDS 3
44711,7.0,7.0,VP,IDS 3
44712,7.0,7.0,VP,IDS 3
44713,7.0,7.0,VP,IDS 3
44714,2.0,7.0,FN,IDS 1
44988,7.0,7.0,VP,IDS 3
44989,7.0,7.0,VP,IDS 3
44990,7.0,7.0,VP,IDS 3
44991,2.0,7.0,FN,IDS 1
44992,7.0,7.0,VP,IDS 3
44993,7.0,7.0,VP,IDS 3
44994,7.0,7.0,VP,IDS 3
44995,7.0,7.0,VP,IDS 3
41799,0.0,6.0,FN,IDS 1
41800,0.0,6.0,FN,IDS 1
41802,0.0,6.0,FN,IDS 1
41803,0.0,6.0,FN,IDS 1
41804,2.0,6.0,FN,IDS 1
41805,6.0,6.0,VP,IDS 3
41806,6.0,6.0,VP,IDS 3
41807,0.0,6.0,FN,IDS 1
41808,6.0,6.0,VP,IDS 3
41809,2.0,6.0,FN,IDS 1
41810,0.0,6.0,FN,IDS 1
41811,0.0,6.0,FN,IDS 1
41812,6.0,6.0,VP,IDS 3
41813,0.0,6.0,FN,IDS 1
41814,2.0,6.0,FN,IDS 1
41815,2.0,6.0,FN,IDS 1
41816,0.0,6.0,FN,IDS 1
41817,2.0,6.0,FN,IDS 1
41818,0.0,6.0,FN,IDS 1
41819,0.0,6.0,FN,IDS 1
41820,6.0,6.0,VP,IDS 3
41821,0.0,6.0,FN,IDS 1
41823,0.0,6.0,FN,IDS 1
41824,0.0,6.0,FN,IDS 1
41825,2.0,6.0,FN,IDS 1
41826,6.0,6.0,VP,IDS 3
41828,0.0,6.0,FN,IDS 1
41829,0.0,6.0,FN,IDS 1
41830,2.0,6.0,FN,IDS 1
41831,2.0,6.0,FN,IDS 1
41832,6.0,6.0,VP,IDS 3
41833,2.0,6.0,FN,IDS 1
41834,0.0,6.0,FN,IDS 1
41835,0.0,6.0,FN,IDS 1
41836,0.0,6.0,FN,IDS 1
41837,6.0,6.0,VP,IDS 3
41838,0.0,6.0,FN,IDS 1
41839,2.0,6.0,FN,IDS 1
41958,0.0,6.0,FN,IDS 1
41959,0.0,6.0,FN,IDS 1
41960,0.0,6.0,FN,IDS 1
42033,6.0,6.0,VP,IDS 3
42034,6.0,6.0,VP,IDS 3
42035,6.0,6.0,VP,IDS 3
42036,6.0,6.0,VP,IDS 3
42037,0.0,6.0,FN,IDS 1
42038,2.0,6.0,FN,IDS 1
42039,0.0,6.0,FN,IDS 1
42040,0.0,6.0,FN,IDS 1
42041,0.0,6.0,FN,IDS 1
42042,0.0,6.0,FN,IDS 1
42043,6.0,6.0,VP,IDS 3
42044,0.0,6.0,FN,IDS 1
42045,0.0,6.0,FN,IDS 1
42046,2.0,6.0,FN,IDS 1
42047,0.0,6.0,FN,IDS 1
42048,1.0,6.0,FN,IDS 1
42049,2.0,6.0,FN,IDS 1
42050,6.0,6.0,VP,IDS 3
42051,2.0,6.0,FN,IDS 1
42052,0.0,6.0,FN,IDS 1
42053,2.0,6.0,FN,IDS 1
42238,6.0,6.0,VP,IDS 3
42869,7.0,7.0,VP,IDS 3
42870,7.0,7.0,VP,IDS 3
42871,7.0,7.0,VP,IDS 3
42872,7.0,7.0,VP,IDS 3
42873,7.0,7.0,VP,IDS 3
42874,7.0,7.0,VP,IDS 3
42875,7.0,7.0,VP,IDS 3
42876,7.0,7.0,VP,IDS 3
42877,7.0,7.0,VP,IDS 3
42878,7.0,7.0,VP,IDS 3
42900,7.0,7.0,VP,IDS 3
42901,7.0,7.0,VP,IDS 3
42902,7.0,7.0,VP,IDS 3
42903,2.0,7.0,FN,IDS 1
42904,2.0,7.0,FN,IDS 1
42905,7.0,7.0,VP,IDS 3
42906,7.0,7.0,VP,IDS 3
42907,7.0,7.0,VP,IDS 3
42908,7.0,7.0,VP,IDS 3
42909,2.0,7.0,FN,IDS 1
42910,7.0,7.0,VP,IDS 3
42911,7.0,7.0,VP,IDS 3
43229,7.0,7.0,VP,IDS 3
43230,7.0,7.0,VP,IDS 3
43231,7.0,7.0,VP,IDS 3
43232,7.0,7.0,VP,IDS 3
43233,7.0,7.0,VP,IDS 3
43234,7.0,7.0,VP,IDS 3
43235,7.0,7.0,VP,IDS 3
43236,7.0,7.0,VP,IDS 3
43238,7.0,7.0,VP,IDS 3
43239,7.0,7.0,VP,IDS 3
43240,7.0,7.0,VP,IDS 3
43241,7.0,7.0,VP,IDS 3
43242,7.0,7.0,VP,IDS 3
43243,7.0,7.0,VP,IDS 3
43244,7.0,7.0,VP,IDS 3
43245,7.0,7.0,VP,IDS 3
43246,7.0,7.0,VP,IDS 3
43247,7.0,7.0,VP,IDS 3
43248,7.0,7.0,VP,IDS 3
43249,7.0,7.0,VP,IDS 3
43250,7.0,7.0,VP,IDS 3
43272,7.0,7.0,VP,IDS 3
43273,7.0,7.0,VP,IDS 3
43274,7.0,7.0,VP,IDS 3
43275,7.0,7.0,VP,IDS 3
43276,7.0,7.0,VP,IDS 3
43277,7.0,7.0,VP,IDS 3
42241,6.0,6.0,VP,IDS 3
42242,0.0,6.0,FN,IDS 1
42243,2.0,6.0,FN,IDS 1
42244,6.0,6.0,VP,IDS 3
42245,0.0,6.0,FN,IDS 1
42246,2.0,6.0,FN,IDS 1
42247,6.0,6.0,VP,IDS 3
42248,0.0,6.0,FN,IDS 1
42249,6.0,6.0,VP,IDS 3
42250,0.0,6.0,FN,IDS 1
42251,0.0,6.0,FN,IDS 1
42252,0.0,6.0,FN,IDS 1
42253,0.0,6.0,FN,IDS 1
42254,0.0,6.0,FN,IDS 1
42255,0.0,6.0,FN,IDS 1
42322,0.0,6.0,FN,IDS 1
42323,0.0,6.0,FN,IDS 1
42324,6.0,6.0,VP,IDS 3
42325,0.0,6.0,FN,IDS 1
42326,0.0,6.0,FN,IDS 1
42327,0.0,6.0,FN,IDS 1
42328,0.0,6.0,FN,IDS 1
42329,6.0,6.0,VP,IDS 3
42331,0.0,6.0,FN,IDS 1
42332,2.0,6.0,FN,IDS 1
42333,6.0,6.0,VP,IDS 3
42334,0.0,6.0,FN,IDS 1
42335,2.0,6.0,FN,IDS 1
42336,1.0,6.0,FN,IDS 1
42337,0.0,6.0,FN,IDS 1
42338,6.0,6.0,VP,IDS 3
42339,6.0,6.0,VP,IDS 3
42613,7.0,7.0,VP,IDS 3
42614,7.0,7.0,VP,IDS 3
42704,7.0,7.0,VP,IDS 3
42705,7.0,7.0,VP,IDS 3
42706,2.0,7.0,FN,IDS 1
42707,7.0,7.0,VP,IDS 3
42708,7.0,7.0,VP,IDS 3
42709,7.0,7.0,VP,IDS 3
42710,7.0,7.0,VP,IDS 3
42711,2.0,7.0,FN,IDS 1
42712,7.0,7.0,VP,IDS 3
42713,7.0,7.0,VP,IDS 3
42714,7.0,7.0,VP,IDS 3
42715,7.0,7.0,VP,IDS 3
42716,2.0,7.0,FN,IDS 1
42717,7.0,7.0,VP,IDS 3
42718,7.0,7.0,VP,IDS 3
42719,7.0,7.0,VP,IDS 3
42720,7.0,7.0,VP,IDS 3
42721,7.0,7.0,VP,IDS 3
42722,7.0,7.0,VP,IDS 3
42723,7.0,7.0,VP,IDS 3
42724,7.0,7.0,VP,IDS 3
42725,7.0,7.0,VP,IDS 3
42726,7.0,7.0,VP,IDS 3
42727,7.0,7.0,VP,IDS 3
42728,7.0,7.0,VP,IDS 3
42729,7.0,7.0,VP,IDS 3
42730,7.0,7.0,VP,IDS 3
42731,7.0,7.0,VP,IDS 3
42732,7.0,7.0,VP,IDS 3
42733,7.0,7.0,VP,IDS 3
42734,7.0,7.0,VP,IDS 3
42735,7.0,7.0,VP,IDS 3
42787,7.0,7.0,VP,IDS 3
42788,7.0,7.0,VP,IDS 3
42789,7.0,7.0,VP,IDS 3
42790,7.0,7.0,VP,IDS 3
42791,7.0,7.0,VP,IDS 3
42815,7.0,7.0,VP,IDS 3
42816,7.0,7.0,VP,IDS 3
42817,7.0,7.0,VP,IDS 3
42818,7.0,7.0,VP,IDS 3
42819,7.0,7.0,VP,IDS 3
42820,7.0,7.0,VP,IDS 3
42821,7.0,7.0,VP,IDS 3
42822,7.0,7.0,VP,IDS 3
42823,7.0,7.0,VP,IDS 3
42824,7.0,7.0,VP,IDS 3
42825,7.0,7.0,VP,IDS 3
42826,7.0,7.0,VP,IDS 3
42827,7.0,7.0,VP,IDS 3
42828,7.0,7.0,VP,IDS 3
42829,7.0,7.0,VP,IDS 3
42830,7.0,7.0,VP,IDS 3
42831,7.0,7.0,VP,IDS 3
42832,7.0,7.0,VP,IDS 3
42833,7.0,7.0,VP,IDS 3
42834,7.0,7.0,VP,IDS 3
42835,7.0,7.0,VP,IDS 3
42858,7.0,7.0,VP,IDS 3
42859,7.0,7.0,VP,IDS 3
42860,7.0,7.0,VP,IDS 3
42861,7.0,7.0,VP,IDS 3
42862,7.0,7.0,VP,IDS 3
42863,7.0,7.0,VP,IDS 3
42864,7.0,7.0,VP,IDS 3
42865,7.0,7.0,VP,IDS 3
42866,7.0,7.0,VP,IDS 3
42867,7.0,7.0,VP,IDS 3
42868,7.0,7.0,VP,IDS 3
43036,7.0,7.0,VP,IDS 3
43037,7.0,7.0,VP,IDS 3
43038,7.0,7.0,VP,IDS 3
43039,7.0,7.0,VP,IDS 3
43040,7.0,7.0,VP,IDS 3
43041,7.0,7.0,VP,IDS 3
43042,7.0,7.0,VP,IDS 3
43043,7.0,7.0,VP,IDS 3
43044,2.0,7.0,FN,IDS 1
43045,7.0,7.0,VP,IDS 3
43046,7.0,7.0,VP,IDS 3
43047,7.0,7.0,VP,IDS 3
43049,7.0,7.0,VP,IDS 3
43050,7.0,7.0,VP,IDS 3
43051,7.0,7.0,VP,IDS 3
43052,7.0,7.0,VP,IDS 3
43053,7.0,7.0,VP,IDS 3
43054,7.0,7.0,VP,IDS 3
43055,7.0,7.0,VP,IDS 3
43057,7.0,7.0,VP,IDS 3
43058,7.0,7.0,VP,IDS 3
43059,7.0,7.0,VP,IDS 3
43060,7.0,7.0,VP,IDS 3
43061,7.0,7.0,VP,IDS 3
43062,7.0,7.0,VP,IDS 3
43063,7.0,7.0,VP,IDS 3
43064,7.0,7.0,VP,IDS 3
43065,7.0,7.0,VP,IDS 3
43066,7.0,7.0,VP,IDS 3
43067,7.0,7.0,VP,IDS 3
43112,7.0,7.0,VP,IDS 3
43113,2.0,7.0,FN,IDS 1
43114,7.0,7.0,VP,IDS 3
43115,7.0,7.0,VP,IDS 3
43116,7.0,7.0,VP,IDS 3
43117,7.0,7.0,VP,IDS 3
43118,7.0,7.0,VP,IDS 3
43119,7.0,7.0,VP,IDS 3
43120,7.0,7.0,VP,IDS 3
43121,7.0,7.0,VP,IDS 3
43122,7.0,7.0,VP,IDS 3
43123,7.0,7.0,VP,IDS 3
43146,7.0,7.0,VP,IDS 3
43147,7.0,7.0,VP,IDS 3
43148,7.0,7.0,VP,IDS 3
43149,7.0,7.0,VP,IDS 3
43150,7.0,7.0,VP,IDS 3
43151,7.0,7.0,VP,IDS 3
43152,2.0,7.0,FN,IDS 1
43153,7.0,7.0,VP,IDS 3
43154,7.0,7.0,VP,IDS 3
43155,7.0,7.0,VP,IDS 3
43156,7.0,7.0,VP,IDS 3
43157,7.0,7.0,VP,IDS 3
43158,7.0,7.0,VP,IDS 3
43159,7.0,7.0,VP,IDS 3
43185,7.0,7.0,VP,IDS 3
43186,7.0,7.0,VP,IDS 3
43187,7.0,7.0,VP,IDS 3
43188,7.0,7.0,VP,IDS 3
43189,7.0,7.0,VP,IDS 3
43190,7.0,7.0,VP,IDS 3
43191,7.0,7.0,VP,IDS 3
43192,7.0,7.0,VP,IDS 3
43193,7.0,7.0,VP,IDS 3
43194,7.0,7.0,VP,IDS 3
43195,7.0,7.0,VP,IDS 3
43196,7.0,7.0,VP,IDS 3
43197,7.0,7.0,VP,IDS 3
43198,7.0,7.0,VP,IDS 3
43199,7.0,7.0,VP,IDS 3
43200,7.0,7.0,VP,IDS 3
43201,7.0,7.0,VP,IDS 3
43202,7.0,7.0,VP,IDS 3
43203,7.0,7.0,VP,IDS 3
43204,7.0,7.0,VP,IDS 3
43206,7.0,7.0,VP,IDS 3
43207,7.0,7.0,VP,IDS 3
43208,2.0,7.0,FN,IDS 1
43209,7.0,7.0,VP,IDS 3
43210,7.0,7.0,VP,IDS 3
43212,7.0,7.0,VP,IDS 3
43213,2.0,7.0,FN,IDS 1
43214,7.0,7.0,VP,IDS 3
43215,7.0,7.0,VP,IDS 3
43216,7.0,7.0,VP,IDS 3
43217,7.0,7.0,VP,IDS 3
43218,7.0,7.0,VP,IDS 3
43219,7.0,7.0,VP,IDS 3
43220,7.0,7.0,VP,IDS 3
43221,7.0,7.0,VP,IDS 3
43222,7.0,7.0,VP,IDS 3
43223,7.0,7.0,VP,IDS 3
43224,7.0,7.0,VP,IDS 3
43225,7.0,7.0,VP,IDS 3
43226,7.0,7.0,VP,IDS 3
43227,7.0,7.0,VP,IDS 3
43228,7.0,7.0,VP,IDS 3
43251,7.0,7.0,VP,IDS 3
43252,7.0,7.0,VP,IDS 3
43253,7.0,7.0,VP,IDS 3
43254,7.0,7.0,VP,IDS 3
43255,7.0,7.0,VP,IDS 3
43256,7.0,7.0,VP,IDS 3
43257,7.0,7.0,VP,IDS 3
43258,7.0,7.0,VP,IDS 3
43259,7.0,7.0,VP,IDS 3
43260,7.0,7.0,VP,IDS 3
43261,7.0,7.0,VP,IDS 3
43262,2.0,7.0,FN,IDS 1
43263,7.0,7.0,VP,IDS 3
43264,7.0,7.0,VP,IDS 3
43265,7.0,7.0,VP,IDS 3
43266,7.0,7.0,VP,IDS 3
43267,7.0,7.0,VP,IDS 3
43268,7.0,7.0,VP,IDS 3
43269,7.0,7.0,VP,IDS 3
43270,7.0,7.0,VP,IDS 3
43271,7.0,7.0,VP,IDS 3
43319,7.0,7.0,VP,IDS 3
43320,7.0,7.0,VP,IDS 3
43321,7.0,7.0,VP,IDS 3
43322,7.0,7.0,VP,IDS 3
43323,7.0,7.0,VP,IDS 3
43324,7.0,7.0,VP,IDS 3
43325,7.0,7.0,VP,IDS 3
43326,7.0,7.0,VP,IDS 3
43327,7.0,7.0,VP,IDS 3
43328,7.0,7.0,VP,IDS 3
43329,7.0,7.0,VP,IDS 3
43330,7.0,7.0,VP,IDS 3
43331,7.0,7.0,VP,IDS 3
43332,7.0,7.0,VP,IDS 3
43333,7.0,7.0,VP,IDS 3
43334,7.0,7.0,VP,IDS 3
43335,7.0,7.0,VP,IDS 3
43336,7.0,7.0,VP,IDS 3
43337,7.0,7.0,VP,IDS 3
43338,7.0,7.0,VP,IDS 3
43339,7.0,7.0,VP,IDS 3
43340,7.0,7.0,VP,IDS 3
43341,7.0,7.0,VP,IDS 3
43342,7.0,7.0,VP,IDS 3
43344,7.0,7.0,VP,IDS 3
43345,7.0,7.0,VP,IDS 3
43346,7.0,7.0,VP,IDS 3
43347,7.0,7.0,VP,IDS 3
43348,7.0,7.0,VP,IDS 3
43505,7.0,7.0,VP,IDS 3
43506,7.0,7.0,VP,IDS 3
43507,7.0,7.0,VP,IDS 3
43508,7.0,7.0,VP,IDS 3
43509,7.0,7.0,VP,IDS 3
43510,7.0,7.0,VP,IDS 3
43511,7.0,7.0,VP,IDS 3
43512,7.0,7.0,VP,IDS 3
43513,2.0,7.0,FN,IDS 1
43514,7.0,7.0,VP,IDS 3
43515,7.0,7.0,VP,IDS 3
43516,2.0,7.0,FN,IDS 1
43517,2.0,7.0,FN,IDS 1
43518,7.0,7.0,VP,IDS 3
43519,7.0,7.0,VP,IDS 3
43595,2.0,7.0,FN,IDS 1
43596,7.0,7.0,VP,IDS 3
43597,7.0,7.0,VP,IDS 3
43598,7.0,7.0,VP,IDS 3
43599,7.0,7.0,VP,IDS 3
43600,7.0,7.0,VP,IDS 3
43601,7.0,7.0,VP,IDS 3
43602,7.0,7.0,VP,IDS 3
43603,7.0,7.0,VP,IDS 3
43604,7.0,7.0,VP,IDS 3
43605,7.0,7.0,VP,IDS 3
43733,7.0,7.0,VP,IDS 3
43734,7.0,7.0,VP,IDS 3
43735,7.0,7.0,VP,IDS 3
43736,7.0,7.0,VP,IDS 3
43737,7.0,7.0,VP,IDS 3
43738,7.0,7.0,VP,IDS 3
43739,7.0,7.0,VP,IDS 3
43740,7.0,7.0,VP,IDS 3
43741,7.0,7.0,VP,IDS 3
43742,7.0,7.0,VP,IDS 3
43743,7.0,7.0,VP,IDS 3
43744,7.0,7.0,VP,IDS 3
43745,7.0,7.0,VP,IDS 3
43746,7.0,7.0,VP,IDS 3
43747,7.0,7.0,VP,IDS 3
43748,7.0,7.0,VP,IDS 3
43770,7.0,7.0,VP,IDS 3
43771,7.0,7.0,VP,IDS 3
43772,7.0,7.0,VP,IDS 3
43773,7.0,7.0,VP,IDS 3
43774,7.0,7.0,VP,IDS 3
43775,2.0,7.0,FN,IDS 1
43776,7.0,7.0,VP,IDS 3
43777,7.0,7.0,VP,IDS 3
43822,2.0,7.0,FN,IDS 1
43823,7.0,7.0,VP,IDS 3
43824,7.0,7.0,VP,IDS 3
43825,2.0,7.0,FN,IDS 1
43826,7.0,7.0,VP,IDS 3
43827,7.0,7.0,VP,IDS 3
43828,7.0,7.0,VP,IDS 3
43829,7.0,7.0,VP,IDS 3
43830,7.0,7.0,VP,IDS 3
43831,7.0,7.0,VP,IDS 3
43832,7.0,7.0,VP,IDS 3
43833,7.0,7.0,VP,IDS 3
43834,7.0,7.0,VP,IDS 3
43835,7.0,7.0,VP,IDS 3
43836,7.0,7.0,VP,IDS 3
43837,7.0,7.0,VP,IDS 3
43838,7.0,7.0,VP,IDS 3
43839,7.0,7.0,VP,IDS 3
43840,7.0,7.0,VP,IDS 3
43841,7.0,7.0,VP,IDS 3
43842,7.0,7.0,VP,IDS 3
43843,7.0,7.0,VP,IDS 3
43844,7.0,7.0,VP,IDS 3
43845,7.0,7.0,VP,IDS 3
43846,7.0,7.0,VP,IDS 3
43847,7.0,7.0,VP,IDS 3
43848,7.0,7.0,VP,IDS 3
43849,7.0,7.0,VP,IDS 3
43850,7.0,7.0,VP,IDS 3
43851,7.0,7.0,VP,IDS 3
43882,7.0,7.0,VP,IDS 3
43883,7.0,7.0,VP,IDS 3
44042,7.0,7.0,VP,IDS 3
44043,7.0,7.0,VP,IDS 3
44045,7.0,7.0,VP,IDS 3
44046,7.0,7.0,VP,IDS 3
44047,7.0,7.0,VP,IDS 3
44048,7.0,7.0,VP,IDS 3
44049,7.0,7.0,VP,IDS 3
44050,7.0,7.0,VP,IDS 3
44051,7.0,7.0,VP,IDS 3
44052,7.0,7.0,VP,IDS 3
44053,7.0,7.0,VP,IDS 3
44054,7.0,7.0,VP,IDS 3
44055,7.0,7.0,VP,IDS 3
44056,7.0,7.0,VP,IDS 3
44057,7.0,7.0,VP,IDS 3
44058,2.0,7.0,FN,IDS 1
44059,7.0,7.0,VP,IDS 3
44060,7.0,7.0,VP,IDS 3
44061,7.0,7.0,VP,IDS 3
44062,7.0,7.0,VP,IDS 3
44478,7.0,7.0,VP,IDS 3
44630,7.0,7.0,VP,IDS 3
44631,7.0,7.0,VP,IDS 3
44632,7.0,7.0,VP,IDS 3
44633,7.0,7.0,VP,IDS 3
44634,7.0,7.0,VP,IDS 3
44635,2.0,7.0,FN,IDS 1
44636,7.0,7.0,VP,IDS 3
44637,7.0,7.0,VP,IDS 3
44638,7.0,7.0,VP,IDS 3
44639,7.0,7.0,VP,IDS 3
44640,7.0,7.0,VP,IDS 3
44641,7.0,7.0,VP,IDS 3
44642,7.0,7.0,VP,IDS 3
44643,7.0,7.0,VP,IDS 3
44644,7.0,7.0,VP,IDS 3
44645,7.0,7.0,VP,IDS 3
44646,7.0,7.0,VP,IDS 3
44647,7.0,7.0,VP,IDS 3
44648,7.0,7.0,VP,IDS 3
44649,7.0,7.0,VP,IDS 3
44650,7.0,7.0,VP,IDS 3
44651,7.0,7.0,VP,IDS 3
44652,7.0,7.0,VP,IDS 3
44653,7.0,7.0,VP,IDS 3
44654,7.0,7.0,VP,IDS 3
44721,7.0,7.0,VP,IDS 3
44722,2.0,7.0,FN,IDS 1
44723,7.0,7.0,VP,IDS 3
44724,7.0,7.0,VP,IDS 3
44725,7.0,7.0,VP,IDS 3
44726,7.0,7.0,VP,IDS 3
44727,7.0,7.0,VP,IDS 3
44729,7.0,7.0,VP,IDS 3
44730,7.0,7.0,VP,IDS 3
44731,7.0,7.0,VP,IDS 3
44732,7.0,7.0,VP,IDS 3
44733,2.0,7.0,FN,IDS 1
44734,7.0,7.0,VP,IDS 3
44735,7.0,7.0,VP,IDS 3
44736,7.0,7.0,VP,IDS 3
44737,7.0,7.0,VP,IDS 3
44738,7.0,7.0,VP,IDS 3
44739,2.0,7.0,FN,IDS 1
44740,7.0,7.0,VP,IDS 3
44741,7.0,7.0,VP,IDS 3
44742,7.0,7.0,VP,IDS 3
44743,7.0,7.0,VP,IDS 3
44744,2.0,7.0,FN,IDS 1
44745,7.0,7.0,VP,IDS 3
44746,7.0,7.0,VP,IDS 3
44747,7.0,7.0,VP,IDS 3
44936,7.0,7.0,VP,IDS 3
44937,7.0,7.0,VP,IDS 3
44938,7.0,7.0,VP,IDS 3
44939,7.0,7.0,VP,IDS 3
44940,7.0,7.0,VP,IDS 3
44941,7.0,7.0,VP,IDS 3
44942,7.0,7.0,VP,IDS 3
44943,2.0,7.0,FN,IDS 1
44944,7.0,7.0,VP,IDS 3
44945,7.0,7.0,VP,IDS 3
44946,7.0,7.0,VP,IDS 3
44947,7.0,7.0,VP,IDS 3
44948,7.0,7.0,VP,IDS 3
44949,7.0,7.0,VP,IDS 3
44950,7.0,7.0,VP,IDS 3
44951,7.0,7.0,VP,IDS 3
44952,2.0,7.0,FN,IDS 1
44953,7.0,7.0,VP,IDS 3
44954,7.0,7.0,VP,IDS 3
44955,7.0,7.0,VP,IDS 3
44956,7.0,7.0,VP,IDS 3
44957,7.0,7.0,VP,IDS 3
44958,2.0,7.0,FN,IDS 1
44959,7.0,7.0,VP,IDS 3
44960,7.0,7.0,VP,IDS 3
44961,7.0,7.0,VP,IDS 3
44962,7.0,7.0,VP,IDS 3
44963,7.0,7.0,VP,IDS 3
44964,7.0,7.0,VP,IDS 3
44965,7.0,7.0,VP,IDS 3
44966,7.0,7.0,VP,IDS 3
44967,7.0,7.0,VP,IDS 3
44968,7.0,7.0,VP,IDS 3
44969,2.0,7.0,FN,IDS 1
44970,7.0,7.0,VP,IDS 3
44971,2.0,7.0,FN,IDS 1
44972,2.0,7.0,FN,IDS 1
44973,7.0,7.0,VP,IDS 3
44974,7.0,7.0,VP,IDS 3
44975,2.0,7.0,FN,IDS 1
44976,7.0,7.0,VP,IDS 3
44977,7.0,7.0,VP,IDS 3
44978,7.0,7.0,VP,IDS 3
44979,7.0,7.0,VP,IDS 3
44980,7.0,7.0,VP,IDS 3
44981,7.0,7.0,VP,IDS 3
43278,7.0,7.0,VP,IDS 3
43279,7.0,7.0,VP,IDS 3
43280,2.0,7.0,FN,IDS 1
43281,7.0,7.0,VP,IDS 3
43282,7.0,7.0,VP,IDS 3
43283,7.0,7.0,VP,IDS 3
43305,7.0,7.0,VP,IDS 3
43306,2.0,7.0,FN,IDS 1
43307,7.0,7.0,VP,IDS 3
43308,7.0,7.0,VP,IDS 3
43310,7.0,7.0,VP,IDS 3
43311,7.0,7.0,VP,IDS 3
43312,7.0,7.0,VP,IDS 3
43313,7.0,7.0,VP,IDS 3
43314,7.0,7.0,VP,IDS 3
43315,2.0,7.0,FN,IDS 1
43316,7.0,7.0,VP,IDS 3
43317,7.0,7.0,VP,IDS 3
43318,7.0,7.0,VP,IDS 3
43520,7.0,7.0,VP,IDS 3
43521,7.0,7.0,VP,IDS 3
43522,7.0,7.0,VP,IDS 3
43523,7.0,7.0,VP,IDS 3
43524,7.0,7.0,VP,IDS 3
43525,7.0,7.0,VP,IDS 3
43526,7.0,7.0,VP,IDS 3
43527,7.0,7.0,VP,IDS 3
43553,7.0,7.0,VP,IDS 3
43554,7.0,7.0,VP,IDS 3
43555,7.0,7.0,VP,IDS 3
43556,7.0,7.0,VP,IDS 3
43557,7.0,7.0,VP,IDS 3
43558,2.0,7.0,FN,IDS 1
43559,7.0,7.0,VP,IDS 3
43560,7.0,7.0,VP,IDS 3
43561,7.0,7.0,VP,IDS 3
43562,7.0,7.0,VP,IDS 3
43563,7.0,7.0,VP,IDS 3
43564,7.0,7.0,VP,IDS 3
43565,7.0,7.0,VP,IDS 3
43566,7.0,7.0,VP,IDS 3
43567,7.0,7.0,VP,IDS 3
43568,7.0,7.0,VP,IDS 3
43569,7.0,7.0,VP,IDS 3
43570,2.0,7.0,FN,IDS 1
43571,7.0,7.0,VP,IDS 3
43572,7.0,7.0,VP,IDS 3
43573,2.0,7.0,FN,IDS 1
43574,2.0,7.0,FN,IDS 1
43575,7.0,7.0,VP,IDS 3
43576,7.0,7.0,VP,IDS 3
43577,7.0,7.0,VP,IDS 3
43578,7.0,7.0,VP,IDS 3
43579,7.0,7.0,VP,IDS 3
43580,7.0,7.0,VP,IDS 3
43581,7.0,7.0,VP,IDS 3
43582,7.0,7.0,VP,IDS 3
43583,7.0,7.0,VP,IDS 3
43584,7.0,7.0,VP,IDS 3
43585,7.0,7.0,VP,IDS 3
43586,7.0,7.0,VP,IDS 3
43587,7.0,7.0,VP,IDS 3
43588,7.0,7.0,VP,IDS 3
43589,7.0,7.0,VP,IDS 3
43590,7.0,7.0,VP,IDS 3
43591,7.0,7.0,VP,IDS 3
43592,7.0,7.0,VP,IDS 3
43593,7.0,7.0,VP,IDS 3
43594,2.0,7.0,FN,IDS 1
43749,2.0,7.0,FN,IDS 1
43750,7.0,7.0,VP,IDS 3
43751,7.0,7.0,VP,IDS 3
43752,2.0,7.0,FN,IDS 1
43753,7.0,7.0,VP,IDS 3
43754,7.0,7.0,VP,IDS 3
43755,7.0,7.0,VP,IDS 3
43756,2.0,7.0,FN,IDS 1
43757,2.0,7.0,FN,IDS 1
43758,7.0,7.0,VP,IDS 3
43759,7.0,7.0,VP,IDS 3
43760,7.0,7.0,VP,IDS 3
43761,7.0,7.0,VP,IDS 3
43762,7.0,7.0,VP,IDS 3
43763,7.0,7.0,VP,IDS 3
43764,7.0,7.0,VP,IDS 3
43765,7.0,7.0,VP,IDS 3
43766,7.0,7.0,VP,IDS 3
43767,7.0,7.0,VP,IDS 3
43768,2.0,7.0,FN,IDS 1
43769,2.0,7.0,FN,IDS 1
43884,7.0,7.0,VP,IDS 3
43885,2.0,7.0,FN,IDS 1
43886,7.0,7.0,VP,IDS 3
43887,2.0,7.0,FN,IDS 1
43888,7.0,7.0,VP,IDS 3
43889,7.0,7.0,VP,IDS 3
43890,7.0,7.0,VP,IDS 3
43891,7.0,7.0,VP,IDS 3
43892,7.0,7.0,VP,IDS 3
43893,7.0,7.0,VP,IDS 3
43894,7.0,7.0,VP,IDS 3
43895,7.0,7.0,VP,IDS 3
43896,7.0,7.0,VP,IDS 3
43897,7.0,7.0,VP,IDS 3
43898,7.0,7.0,VP,IDS 3
43899,7.0,7.0,VP,IDS 3
43900,7.0,7.0,VP,IDS 3
43901,7.0,7.0,VP,IDS 3
43902,7.0,7.0,VP,IDS 3
44040,7.0,7.0,VP,IDS 3
44041,7.0,7.0,VP,IDS 3
44159,7.0,7.0,VP,IDS 3
44160,7.0,7.0,VP,IDS 3
44161,7.0,7.0,VP,IDS 3
44162,7.0,7.0,VP,IDS 3
44163,7.0,7.0,VP,IDS 3
44164,7.0,7.0,VP,IDS 3
44165,7.0,7.0,VP,IDS 3
44166,7.0,7.0,VP,IDS 3
44167,2.0,7.0,FN,IDS 1
44168,7.0,7.0,VP,IDS 3
44169,7.0,7.0,VP,IDS 3
44170,7.0,7.0,VP,IDS 3
44171,7.0,7.0,VP,IDS 3
44172,7.0,7.0,VP,IDS 3
44173,7.0,7.0,VP,IDS 3
44174,7.0,7.0,VP,IDS 3
44175,7.0,7.0,VP,IDS 3
44176,2.0,7.0,FN,IDS 1
44177,7.0,7.0,VP,IDS 3
44178,7.0,7.0,VP,IDS 3
44231,7.0,7.0,VP,IDS 3
44232,7.0,7.0,VP,IDS 3
44233,7.0,7.0,VP,IDS 3
44234,7.0,7.0,VP,IDS 3
44235,7.0,7.0,VP,IDS 3
44236,7.0,7.0,VP,IDS 3
44237,7.0,7.0,VP,IDS 3
44238,7.0,7.0,VP,IDS 3
44239,7.0,7.0,VP,IDS 3
44240,7.0,7.0,VP,IDS 3
44241,7.0,7.0,VP,IDS 3
44243,7.0,7.0,VP,IDS 3
44244,7.0,7.0,VP,IDS 3
44245,7.0,7.0,VP,IDS 3
44246,7.0,7.0,VP,IDS 3
44247,7.0,7.0,VP,IDS 3
44248,7.0,7.0,VP,IDS 3
44249,7.0,7.0,VP,IDS 3
44250,7.0,7.0,VP,IDS 3
44251,7.0,7.0,VP,IDS 3
44252,7.0,7.0,VP,IDS 3
44253,5.0,7.0,FN,IDS 1
44912,7.0,7.0,VP,IDS 3
44913,7.0,7.0,VP,IDS 3
44914,7.0,7.0,VP,IDS 3
44915,7.0,7.0,VP,IDS 3
44916,7.0,7.0,VP,IDS 3
44917,7.0,7.0,VP,IDS 3
44918,7.0,7.0,VP,IDS 3
44919,7.0,7.0,VP,IDS 3
44920,7.0,7.0,VP,IDS 3
44921,7.0,7.0,VP,IDS 3
44922,7.0,7.0,VP,IDS 3
44923,2.0,7.0,FN,IDS 1
44924,7.0,7.0,VP,IDS 3
44925,7.0,7.0,VP,IDS 3
44926,2.0,7.0,FN,IDS 1
44927,7.0,7.0,VP,IDS 3
44928,2.0,7.0,FN,IDS 1
44929,7.0,7.0,VP,IDS 3
44930,7.0,7.0,VP,IDS 3
44932,7.0,7.0,VP,IDS 3
44933,7.0,7.0,VP,IDS 3
44934,7.0,7.0,VP,IDS 3
44935,7.0,7.0,VP,IDS 3
