Id_Conflict;F1-Score
0;94.4751834106445
1;96.3825646972656
2;96.3409143066406
3;95.5772357177734
4;96.4526239013671
5;95.7919561767578
6;97.2061962890625
7;97.2061962890625
8;96.8136959838867
9;97.1004434204101
10;96.9171234130859
11;96.1205133056640
12;97.2061962890625
13;97.0587930297851
14;96.4750759887695
15;97.1645458984375
16;97.1228955078125
17;97.2254595947265
18;96.4750759887695
19;96.3592169189453
20;96.1038977050781
21;97.1645458984375
22;96.7720455932617
