Id_Conflict,F1-Score
0,94.47518341064453
1,96.38256469726562
2,96.34091430664063
3,95.57723571777343
4,96.45262390136719
5,95.79195617675781
6,97.1645458984375
7,96.44472717285156
8,96.77204559326172
9,97.1645458984375
10,96.25351043701171
11,96.70794311523437
12,97.1645458984375
13,96.51672637939453
14,96.77204559326172
15,97.2061962890625
16,97.1645458984375
17,97.26710998535157
18,96.32101593017578
19,94.86661407470703
20,94.86661407470703
21,96.77204559326172
22,96.77204559326172
